Num_Acc,jour,mois,an,hrmn,lum,dep,com,agg,int,atm,col,adr,lat,long
202 000 000 001,7,3,2020,1015,1,91,91657,2,3,1,3,HENRI BARBUSSE (AVENUE),48.70535,2.43841
202 000 000 002,7,3,2020,515,2,91,91657,2,9,7,6,MOUSSEAUX(CHEMIN),48.69,2.41
202 000 000 003,7,3,2020,810,1,91,91174,2,2,1,3,CARNOT(AVENUE),48.61067,2.47582
202 000 000 004,7,3,2020,1130,5,91,91215,2,1,1,6,VICTOR HUGO (AVENUE),48.69782,2.52446
202 000 000 005,7,3,2020,660,1,77,77181,1,6,1,2,LAGNY  (RUE DE  ) - D35,48.8286457,2.7059707
202 000 000 006,5,3,2020,420,2,76,76114,1,2,2,3,D6015,49.5763988,0.5101875
202 000 000 007,6,3,2020,1229,5,68,68297,2,1,1,2,Avenue du General de Gaulle,47.582495,7.556327
202 000 000 008,7,3,2020,620,1,64,64024,2,3,8,3,Boulevard du Bayonne Anglet Biarritz,43.49381,-1.52307
202 000 000 009,6,3,2020,495,1,62,62757,2,2,1,6,CALAIS (RUE DE ....19A 71 ET 28 A 110),50.7570746,2.232542
202 000 000 010,4,3,2020,245,3,62,62540,1,1,1,1,CD941,50.4582925,2.5756715
202 000 000 011,5,3,2020,710,1,59,59143,2,3,1,-1,BEAUCHAMP  (RUE LEON ),50.6785,2.8742
202 000 000 012,7,3,2020,300,4,56,56260,2,1,1,6,LECLERC(RUE DU MARECHAL),47.65811,-2.75139
202 000 000 013,7,3,2020,375,5,54,54578,1,1,1,6,MULLER (AVENUE PAUL),48.670075,6.158319
202 000 000 014,7,3,2020,800,1,51,51454,2,7,1,2,Avenue de l’Europe,49.2556464,4.611947
202 000 000 015,3,3,2020,1220,5,48,48095,2,1,9,6,GEORGES CLEMENCEAU (AVENUE),44.52258,3.50279
202 000 000 016,7,3,2020,1020,1,35,35238,2,1,1,4,VERN (DE),48.980371,-1.6554889
202 000 000 017,7,3,2020,825,1,35,35238,2,1,1,6,GRIMAULT (2 BD LEON),48.914,-1.65625
202 000 000 018,7,3,2020,100,5,35,35238,2,2,1,3,CHATEAUGIRON (DE),48.9527,-1.63776
202 000 000 019,26,2,2020,825,1,31,31483,1,1,2,7,Route de la Serre de Cazaux,43.119521,0.726779
202 000 000 020,7,3,2020,895,1,26,26281,2,2,1,3,40 Avenue du 8 Mai,45.468,5.8133
202 000 000 021,7,3,2020,915,1,22,22113,2,9,8,6,FORLAC'H (RUE DU),48.732507,-3.453963
202 000 000 022,7,3,2020,1100,1,17,17300,2,1,1,6,LUXEMBOURG   AVENUE DE,46.16926,-1.17864
202 000 000 023,7,3,2020,1270,5,13,13216,2,1,1,7,RUISSEAU MI (RUE),43.3481,5.3447
202 000 000 024,7,3,2020,180,5,13,13201,2,1,1,2,BRETEUIL (RUE)    2 A 18,43.292621,5.374876
202 000 000 025,7,3,2020,885,1,6,6069,2,1,1,2,Route de Cannes,43.6243,6.9655
202 000 000 026,7,3,2020,795,1,6,6027,2,1,1,1,VAL FLEURI CHEMIN DU,43.66502,7.17091
202 000 000 027,6,3,2020,1140,3,6,6123,2,1,1,1,CURIE PIERRE ET MARIE AVENUE,43.68967,7.18571
202 000 000 028,7,3,2020,825,1,75,75113,2,3,1,6,RUE DE LA SANTE,48.828815,2.34152
202 000 000 029,2,3,2020,915,1,75,75117,2,4,1,7,RUE VILLARET DE JOYEUSE,48.876957,2.289927
202 000 000 030,5,3,2020,1200,5,75,75116,2,3,2,3,RUE SCHEFFER,48.86028,2.284616
202 000 000 031,4,3,2020,1200,3,75,75117,2,3,2,3,BOULEVARD DE REIMS,48.889165,2.29753
202 000 000 032,6,3,2020,1240,5,75,75114,2,1,1,3,BOULEVARD ARAGO,48.834481,2.334212
202 000 000 033,7,3,2020,610,1,75,75110,2,1,1,6,BOULEVARD DE MAGENTA,48.882726,2.350288
202 000 000 034,7,3,2020,940,1,75,75107,2,5,1,7,QUAI BRANLY,48.862265,2.301545
202 000 000 035,6,3,2020,1260,5,75,75104,2,7,1,3,QUAI DE GESVRES,48.857181,2.347327
202 000 000 036,7,3,2020,900,1,94,94044,2,1,1,3,PRESIDENT WILSON (AV DU),48.7514083,2.4909836
202 000 000 037,7,3,2020,825,1,94,94033,2,2,1,2,MARECHAL DE LATTRE DE TASSIGNY (AV DU),48.8596,2.49
202 000 000 038,7,3,2020,1200,5,94,94019,2,3,1,1,LIBERATION (RTE DE LA),48.801551,2.540676
202 000 000 039,6,3,2020,1380,5,94,94017,2,1,8,3,MUSSELBURGH (R DE),48.810245,2.518189
202 000 000 040,7,3,2020,680,1,93,93072,2,1,1,1,PAUL VAILLANT COUTURIER (AVENUE) COTE 1A,48.95511,2.38269
202 000 000 041,7,3,2020,1185,5,93,93050,2,3,1,6,AV GENERAL DE GAULLE / R GAMBETTA,48.85749,2.53251
202 000 000 042,7,3,2020,900,1,93,93046,2,1,1,3,AV DU MARECHAL LECLERC,48.92074,2.5406
202 000 000 043,7,3,2020,375,2,93,93045,2,9,1,2,R DE PARIS,48.87843,2.41159
202 000 000 044,7,3,2020,765,1,93,93027,2,1,1,6,SALENGRO (AVENUE ROGER),48.9356023,2.3873517
202 000 000 045,7,3,2020,1005,1,93,93014,2,1,1,5,GAGARINE (BOULEVARD),48.905699,2.540317
202 000 000 046,7,3,2020,900,1,93,93005,2,1,1,3,CARR LOUIS ARMAND,48.955999,2.480546
202 000 000 047,7,3,2020,160,5,92,92025,2,9,1,7,BOURNARD (RUE DU),48.922932,2.255344
202 000 000 048,7,3,2020,1436,5,54,54322,2,1,1,1,rue de metz,49.440407,5.611739
202 000 000 049,7,3,2020,855,1,91,91666,2,1,1,1,Route d'Orsay,48.685452,2.219791
202 000 000 050,8,3,2020,300,3,66,66141,1,1,1,2,D900,42.751668,2.895294
202 000 000 051,6,3,2020,405,5,56,56117,2,1,2,6,Rue Ernest Renan,47.889989,-2.830696
202 000 000 052,8,3,2020,830,1,65,65127,1,1,1,3,RD817,43.112967,0.321414
202 000 000 053,7,3,2020,1027,1,49,49218,1,1,1,6,Les Fretis (le Fuilet),47.2965077,-1.1239525
202 000 000 054,7,3,2020,315,3,49,49069,2,1,1,6,Rue des Mauges (Liré),47.340213,-1.16752
202 000 000 055,7,3,2020,890,1,68,68042,2,6,1,6,Rue du 19 Novembre,47.607715,7.503163
202 000 000 056,7,3,2020,770,1,44,44015,1,1,2,6,La Foue,47.489789,-1.684127
202 000 000 057,8,3,2020,390,2,31,31476,2,1,1,6,Chemin de l'Auberge,43.272815,1.134454
202 000 000 058,8,3,2020,190,5,38,38174,1,1,1,6,Route de la Côte Saint André,45.390281,5.350235
202 000 000 059,7,3,2020,665,1,38,38012,2,1,1,1,Route de Saint Genix,45.597943,5.630846
202 000 000 060,8,3,2020,930,1,84,84020,1,1,1,6,D943,43.825386,5.355824
202 000 000 061,8,3,2020,210,3,3,3306,1,1,1,6,Rue de Cusset,46.1219515,3.4653947
202 000 000 062,6,3,2020,535,1,72,72029,2,1,2,3,Avenue de la Division Leclerc,48.226077,0.12829
202 000 000 063,8,3,2020,660,1,6,6079,2,1,1,4,Avenue du général de gaulle,43.532482,6.949272
202 000 000 064,6,3,2020,1095,1,60,60581,1,1,1,2,D916,49.4950021,2.442956
202 000 000 065,8,3,2020,1110,1,60,60058,1,1,1,6,Rd 90,49.6185414,2.3435797
202 000 000 066,8,3,2020,210,5,60,60577,2,1,1,6,61 Douce Rue,49.449287,1.76879
202 000 000 067,7,3,2020,750,1,64,64108,2,6,1,3,RD 430,43.519797,0.915459
202 000 000 068,8,3,2020,660,1,16,16125,1,1,1,6,Ld Les Grandes Granges,45.4828155,0.3402236
202 000 000 069,7,3,2020,1315,5,7,7055,2,2,1,1,Avenue de provence intersection Chemin du Bac,44.862976,4.835073
202 000 000 070,4,3,2020,60,3,40,40217,1,9,8,6,Poms,44.338161,-1.4219
202 000 000 071,7,3,2020,210,5,28,28386,2,1,8,6,22 Grande Rue,48.570893,1.25013
202 000 000 072,7,3,2020,255,3,17,17465,1,1,2,6,Route de Moulinveau,45.957919,0.542139
202 000 000 073,7,3,2020,1080,1,17,17385,1,1,1,5,Route Departementale No 274,45.932602,-1.314787
202 000 000 074,7,3,2020,900,1,17,17396,2,3,1,3,D115,46.22503,0.879078
202 000 000 075,7,3,2020,950,1,37,37159,2,1,1,3,2 Rue Bernard Tortevoie,47.2777185,0.6221262
202 000 000 076,6,3,2020,590,1,30,30075,2,1,1,-1,Chemin des Rôles,43.820886,4.260786
202 000 000 077,8,3,2020,915,1,48,48063,1,3,1,6,D4,44.709643,3.381965
202 000 000 078,25,2,2020,1140,2,40,40210,1,1,6,6,A63,44.93041,0.997696
202 000 000 079,6,3,2020,1040,1,33,33284,1,1,2,7,A660,44.63127,0.92103
202 000 000 080,8,3,2020,405,2,62,62384,1,1,1,2,A2,50.1322553,3.1079444
202 000 000 081,8,3,2020,670,1,988,98822,2,1,1,1,RT3,-20.934577,165.329261
202 000 000 082,5,3,2020,1030,1,971,97112,1,3,1,7,D203,15.870597,-61.284211
202 000 000 083,8,3,2020,290,3,30,30027,1,1,1,6,Route de Lézan,44.64377,4.68391
202 000 000 084,7,3,2020,975,1,88,88321,2,1,1,3,Avenue de la Division Leclerc,48.36429,5.692441
202 000 000 085,8,3,2020,210,3,88,88132,2,1,1,1,63 Rue d'Alsace,48.201159,6.528341
202 000 000 086,8,3,2020,810,1,55,55427,2,1,6,6,Avenue du Xveme Corps,48.823454,4.984518
202 000 000 087,8,3,2020,660,1,1,1043,2,1,1,6,Route de Genève,45.833535,4.993705
202 000 000 088,8,3,2020,370,2,69,69197,2,1,1,6,Route du Treve,46.6286,4.651317
202 000 000 089,8,3,2020,65,5,69,69272,2,1,1,1,Route de Limon,45.6017,4.8349
202 000 000 090,8,3,2020,465,2,49,49264,1,1,2,6,N/A,47.92361,-1.3865
202 000 000 091,6,3,2020,880,1,13,13071,1,1,1,7,A7-Sens Marseille vers Lyon,43.4079,5.2889
202 000 000 092,6,3,2020,520,1,13,13088,1,1,1,2,A55-Sens Martigues vers Marseille,43.3915,5.2622
202 000 000 093,6,3,2020,520,1,13,13001,1,1,1,2,A51-Sens Aix en Provence vers Marseille,43.511433,5.42063
202 000 000 094,7,3,2020,735,1,91,91661,1,1,1,7,RD 188 CHEVREUSE,48.69618,2.22402
202 000 000 095,7,3,2020,720,1,92,92019,1,1,1,3,AUTOROUTE A86,48.7606564,2.2869178
202 000 000 096,7,3,2020,360,3,78,78238,1,1,1,5,A13,48.970667,1.878833
202 000 000 097,6,3,2020,1350,3,93,93027,1,1,1,6,BDL,48.92714,2.40298
202 000 000 098,6,3,2020,1090,2,92,92036,1,1,1,3,AUTOROUTE A15,48.94303,2.2889193
202 000 000 099,6,3,2020,1030,1,92,92036,1,1,1,2,AUTOROUTE A86,48.93875,2.30946
202 000 000 100,1,1,2020,230,5,972,97209,2,3,1,3,PROFESSEUR RAYMOND GARCIN (RUE DU),14.6201015,-61.78105
202 000 000 101,4,1,2020,855,1,92,92024,2,2,1,3,GENERAL LECLERC (BD DU) (9 A 59)   (4 A,48.9017,2.3148
202 000 000 102,6,3,2020,0,5,988,98818,2,6,1,6,ROND POINT IMPERIAL,-22.25012,166.45155
202 000 000 103,6,3,2020,1390,5,988,98818,2,2,1,3,PROMENADE ROGER LAROQUE/ANSE-VATA,-22.30292,166.44508
202 000 000 104,7,3,2020,95,3,976,97611,1,1,1,1,passamanty-Vahibé ( route ),-12.79273,45.18851
202 000 000 105,6,3,2020,1180,4,974,97411,2,3,2,6,CARAMBOLES (DES),-20.89313,55.47601
202 000 000 106,5,3,2020,540,1,974,97411,2,1,1,1,MACE (ROUTE GABRIEL),-20.9155364,55.4944217
202 000 000 107,5,3,2020,645,1,974,97409,2,1,1,3,DE LA GARE(RUE),-20.96069,55.6543
202 000 000 108,7,3,2020,35,5,69,69388,2,1,1,6,GENERAL FRERE (DU)                  (AV),45.7306,4.8779
202 000 000 109,6,3,2020,1085,2,972,97209,2,3,1,1,PATRICE LUMUMBA (RUE),14.61368,-61.7018
202 000 000 110,26,2,2020,115,5,69,69381,2,2,1,3,JEAN MOULIN                         (QU),45.7662,4.838
202 000 000 111,6,3,2020,370,5,69,69149,2,1,1,3,GRANDE RUE                          (GR),45.71987,4.81061
202 000 000 112,5,3,2020,735,1,69,69389,2,9,2,5,MARIETTON                           (R ),45.77565,4.8026
202 000 000 113,12,2,2020,1115,5,69,69081,2,1,1,7,BON PASTEUR (DU)                  AV,45.78742,4.77885
202 000 000 114,5,3,2020,1010,1,971,97101,1,3,1,3,DUGAZON DE BOURGOGNE (ZONE),16.259191,-61.51026
202 000 000 115,6,3,2020,1315,5,91,91570,2,7,1,3,SAINT SAENS (RUE),48.631196,2.328834
202 000 000 116,6,3,2020,695,1,91,91549,2,1,1,7,JEAN MERMOZ (RUE),48.639349,2.336248
202 000 000 117,5,3,2020,645,1,91,91692,2,1,2,6,DORDOGNE (AVENUE DE),48.676718,2.16494
202 000 000 118,5,3,2020,1125,2,91,91377,2,2,2,3,AULNAY DRACOURT (IMPASSE DE L'),48.7205,2.27799
202 000 000 119,6,3,2020,1040,1,91,91687,2,2,1,3,SABLONS (AVENUE DES),48.66655,2.36422
202 000 000 120,6,3,2020,525,1,91,91174,2,9,8,3,JEAN JAURES (BOULEVARD),48.613495,2.459319
202 000 000 121,6,3,2020,355,5,91,91174,2,6,1,3,JEAN JAURES (BOULEVARD),48.61174,2.46119
202 000 000 122,5,3,2020,1215,5,89,89387,2,2,3,3,GARIBALDI (BOULEVARD DES),48.19998,3.28232
202 000 000 123,5,3,2020,995,1,87,87065,1,3,2,3,PONTEIX (AVENUE DU),45.80816,1.2991
202 000 000 124,5,3,2020,1068,1,84,84007,2,1,1,3,PIERRE SEMARD (avenue),43.9414,4.81784
202 000 000 125,4,3,2020,855,1,84,84007,1,1,1,1,RD225  (route touristique),43.95807,4.82764
202 000 000 126,3,3,2020,1090,2,84,84007,2,1,1,3,RUE HOSEPH DE MONTGOLFIER,43.93018,4.82854
202 000 000 127,23,2,2020,1065,1,30,30351,2,1,1,6,GENERAL LECLERC AVENUE DU,43.95444,4.78827
202 000 000 128,6,3,2020,795,1,83,83137,2,2,1,1,MOULINS (AVE DES DE 328 A FIN,43.14016,5.91309
202 000 000 129,6,3,2020,465,1,83,83069,2,1,1,6,GRES ROSES (ALLEE DES),43.1241,6.1508
202 000 000 130,5,3,2020,923,1,78,78646,2,2,1,6,PORTE DE BUC (RUE DE LA),48.79553,2.13884
202 000 000 131,5,3,2020,780,1,77,77118,1,9,2,3,D34E,48.94333,2.66663
202 000 000 132,6,3,2020,1190,5,77,77284,2,1,1,6,GALLIENI (AVENUE) - D603,48.95925,2.87324
202 000 000 133,6,3,2020,1140,5,74,74218,2,4,1,2,PAYS DE GAVOT (ROUTE DU)  RD11,46.384624,6.5549495
202 000 000 134,5,3,2020,780,1,69,69290,2,2,2,3,DES PARCS(allée),45.70904,4.93866
202 000 000 135,6,3,2020,773,1,69,69264,2,3,1,3,ANSE D'  (rue),45.985,4.71803
202 000 000 136,5,3,2020,600,1,67,67482,2,1,3,2,CANONNIERS (RUE DES),48.5540774,7.7626633
202 000 000 137,5,3,2020,1035,1,66,66136,2,1,1,6,Napoleon Joseph Sarda-Garriga ( rue de ),42.691,2.88105
202 000 000 138,5,3,2020,810,3,66,66136,1,1,2,7,D900,42.69556,2.89607
202 000 000 139,6,3,2020,490,1,64,64260,2,9,3,3,Rue de l’Autoport,43.34601,-1.77406
202 000 000 140,4,3,2020,1165,5,64,64335,2,1,2,4,EUROPE DE L',43.335135,0.4569207
202 000 000 141,5,3,2020,1020,1,63,63113,2,4,2,2,ESTAING (RUE D'),45.78413,3.10919
202 000 000 142,2,3,2020,1060,1,60,60175,2,1,2,6,VERLAINE (RUE PAUL),49.24912,2.47157
202 000 000 143,6,3,2020,240,2,58,58194,2,1,2,-1,BARATTE (FAUBOURG),46.98689,3.19598
202 000 000 144,5,3,2020,1140,2,56,56260,2,3,2,3,MARNE (AVENUE DE LA),47.65923,-2.77483
202 000 000 145,5,3,2020,1020,1,56,56121,2,1,1,2,Pénétrante de Lorient RD 465,47.76372,-3.38036
202 000 000 146,6,3,2020,955,1,54,54265,2,1,2,6,SAINT-EXUPERY (RUE ANTOINE DE),48.636843,6.183462
202 000 000 147,6,3,2020,470,1,54,54547,2,1,1,6,HUITIEME REGIMENT D'ARTILLERIE,48.669378,6.1845661
202 000 000 148,5,3,2020,755,1,54,54547,2,1,2,6,EUROPE (BOULEVARD DE L'),48.6627327,6.1727052
202 000 000 149,6,3,2020,480,1,51,51454,2,1,2,2,Avenue de Champagne,49.2342409,4.40354
202 000 000 150,22,9,2020,640,1,74,74081,1,3,1,3,Route de Chamonix,46.50569,6.592097
202 000 000 151,22,9,2020,840,1,976,97607,1,1,1,5,rn2 hajangua,-12.850501,45.175158
202 000 000 152,21,9,2020,1140,5,971,97128,2,1,1,6,Douville,16.252798,-61.372265
202 000 000 153,21,9,2020,1195,3,971,97134,1,1,1,6,Le bouchu,16.704136,-61.7633557
202 000 000 154,21,9,2020,670,1,91,91494,1,9,1,7,D19b8,48.611725,2.338945
202 000 000 155,21,9,2020,1020,1,91,2A163,1,1,1,1,RT40,41.496332,8.962698
202 000 000 156,22,9,2020,585,1,34,34145,1,1,2,6,Avenue du Vidourle,43.689703,4.15928
202 000 000 157,13,9,2020,1020,1,83,83047,2,1,1,5,Avenue Jean Monnet,43.119037,6.67361
202 000 000 158,20,9,2020,1155,1,83,83055,1,1,2,5,Route de Seillans,43.624429,6.693104
202 000 000 159,19,9,2020,690,1,6,6157,1,1,1,1,Route des Termes,43.759153,7.76394
202 000 000 160,17,9,2020,720,1,71,71556,1,1,1,3,Route des Combes,46.2787191,4.8025788
202 000 000 161,21,9,2020,450,1,67,67080,1,3,1,2,RD 30,48.5559433,7.5273016
202 000 000 162,8,9,2020,1185,1,57,57443,1,1,1,7,55 Rue du Haut de la Marche,49.216377,6.114403
202 000 000 163,22,9,2020,560,1,74,74037,2,4,1,6,Rue de la Ménoge,46.20859,6.404954
202 000 000 164,21,9,2020,860,1,73,73248,2,6,1,3,D77 RP de l'aluminium,45.2756154,6.3554903
202 000 000 165,20,9,2020,1020,1,38,38488,1,1,3,6,Route de Crémieu,45.733598,5.297089
202 000 000 166,21,9,2020,885,1,35,35037,1,1,1,6,N24,48.59323,-1.883149
202 000 000 167,19,9,2020,1140,1,62,62460,1,2,1,3,CD940,50.583543,1.740008
202 000 000 168,21,9,2020,805,1,57,57226,1,1,1,6,Autoroute A30,49.3745,5.9813
202 000 000 169,20,9,2020,1175,1,57,57343,1,1,1,4,Autoroute A31,49.32916,6.18543
202 000 000 170,21,9,2020,1115,1,33,33281,1,1,2,6,ROCADE A 630,44.81706,0.67293
202 000 000 171,21,9,2020,555,1,33,33143,1,1,1,5,AUTOROUTE A 10,44.96965,0.436024
202 000 000 172,20,9,2020,130,4,59,59202,1,1,1,6,AUTOROUTE A25,50.676572,2.859438
202 000 000 173,21,9,2020,1150,1,91,91377,1,1,1,2,AUTOROUTE A10,48.72516,2.30005
202 000 000 174,21,9,2020,854,1,94,94034,1,1,1,4,AUTOROUTE A86,48.75924,2.32538
202 000 000 175,21,9,2020,630,1,91,91589,1,1,1,4,AUTOROUTE A6,48.67859,2.33572
202 000 000 176,21,9,2020,510,1,91,91468,1,1,1,2,AUTOROUTE A6,48.57555,2.46559
202 000 000 177,20,9,2020,470,1,78,78117,1,1,1,6,RN12,48.787439,2.147537
202 000 000 178,21,9,2020,560,1,94,94074,1,1,1,2,RN406.W,48.7654325,2.4586862
202 000 000 179,21,9,2020,520,1,94,94028,1,1,1,-1,A86 INT,48.7762722,2.4310036
202 000 000 180,18,9,2020,1215,5,988,98818,2,3,1,5,RUE JULES GARNIER/RUE DU DOCTEUR MIALARET,-22.28788,166.44455
202 000 000 181,20,9,2020,960,1,69,69388,2,1,1,2,ETATS UNIS (DES)                    (BD),45.73411,4.86377
202 000 000 182,20,9,2020,630,1,69,69388,2,9,1,6,COMMANDANT PEGOUT (DU)              (R ),45.7308,4.8677
202 000 000 183,20,9,2020,0,5,69,69286,2,7,1,3,GEORGES CROMBEZ                     (PL),45.80721,4.90236
202 000 000 184,20,9,2020,172,5,95,95607,2,1,8,3,DIVISION LECLERC (AVENUE DE LA),49.164,2.2187
202 000 000 185,20,9,2020,230,5,91,91687,2,1,8,7,GRIBELETTE (AVENUE DE LA),48.64769,2.36575
202 000 000 186,19,9,2020,1350,5,74,74133,2,9,1,3,TRANSVAL (RUE DE),46.1792,6.1995
202 000 000 187,20,9,2020,536,1,69,69266,2,3,2,3,STALINGRAD    (Boulevard de la Bataille ,45.7795856,4.8595696
202 000 000 188,20,9,2020,1165,1,64,64483,2,1,1,3,LAYATS (AVENUE DE),43.39747,-1.63865
202 000 000 189,20,9,2020,710,1,64,64483,2,1,1,5,CHANTACO (AVENUE DE ),43.3737,-1.63786
202 000 000 190,20,9,2020,266,3,44,44109,1,1,1,3,PERIPHERIQUE ROUTIER,47.26786,-1.57728
202 000 000 191,20,9,2020,1035,1,37,37214,2,1,7,2,PORTILLON (QUAI),47.3998634,0.6760598
202 000 000 192,20,9,2020,890,1,35,35281,2,1,1,2,DODIN (AVENUE ROGER),48.89435,-1.706185
202 000 000 193,20,9,2020,180,5,33,33063,2,2,1,3,CRS DU MEDOC / CRS BALGUERIE STUTTENBERG,44.8583148,0.5668694
202 000 000 194,20,9,2020,915,1,29,29232,1,1,1,2,D783 - Boulevard President Allende,47.99707,-4.7279
202 000 000 195,20,9,2020,1065,1,27,27681,1,1,1,2,MAGNY (ROUTE DE),49.9932,1.50269
202 000 000 196,28,8,2020,1380,5,13,13208,2,9,1,2,PRADO (AVENUE DU),43.26754,5.3835
202 000 000 197,20,9,2020,585,1,13,13002,2,1,8,1,QUATRE SAISONS (ROUTE DES),43.323914,5.492145
202 000 000 198,20,9,2020,330,3,13,13047,1,1,8,6,D.5,43.55307,4.96822
202 000 000 199,19,9,2020,1010,1,13,13063,2,1,2,3,RENE CASSIN ROND POINT,43.5996158,5.64558
202 000 000 200,19,9,2020,640,1,13,13028,2,1,1,6,QUINET (RUE EDGARD),43.175224,5.609765
202 000 000 201,17,9,2020,1035,1,12,12145,2,3,1,3,GABRIAC JEAN (BOULEVARD),44.9225,3.7077
202 000 000 202,20,9,2020,690,1,6,6027,2,1,3,6,COLLE CHEMIN DE LA,43.670849,7.121056
202 000 000 203,20,9,2020,54,5,3,3185,2,2,1,3,Quai Rouget de Lisle,46.3428932,2.6005865
202 000 000 204,18,9,2020,1355,5,75,75118,2,1,1,7,PORTE DE LA CHAPELLE,48.900887,2.362974
202 000 000 205,18,9,2020,1260,5,75,75119,2,1,1,4,PORTE DE PANTIN,48.896328,2.394569
202 000 000 206,18,9,2020,535,1,75,,2,1,1,4,BOULEVARD PERIPHERIQUE INTERIEUR SUD,48.826635,2.388995
202 000 000 207,20,9,2020,1309,5,75,75118,2,2,1,3,RUE MYRHA,48.88655,2.349553
202 000 000 208,20,9,2020,690,1,75,75118,2,3,1,-1,RUE DE LA CHAPELLE,48.891009,2.35987
202 000 000 209,20,9,2020,110,5,75,75118,2,2,1,6,RUE MARX DORMOY,48.890223,2.359918
202 000 000 210,20,9,2020,120,3,75,75116,2,2,1,-1,AVENUE DE MALAKOFF,48.873152,2.284462
202 000 000 211,20,9,2020,405,5,75,75115,2,3,1,6,QUAI BRANLY,48.85747,2.291066
202 000 000 212,20,9,2020,1060,1,75,75113,2,1,1,6,RUE ESQUIROL,48.833974,2.361142
202 000 000 213,20,9,2020,90,5,75,75113,2,2,1,3,RUE DES PEUPLIERS,48.82215,2.352689
202 000 000 214,20,9,2020,1130,1,75,75112,2,7,1,-1,ROUTE DE LA PYRAMIDE,48.833833,2.444897
202 000 000 215,20,9,2020,120,5,75,75107,2,7,1,6,PLACE DE LA RESISTANCE,48.862424,2.301564
202 000 000 216,20,9,2020,900,1,75,75104,2,3,1,6,RUE DE RIVOLI,48.855488,2.360099
202 000 000 217,20,9,2020,1340,5,94,94081,2,3,1,3,ABBE ROGER DERRY (AV DE L),48.7896788,2.3899035
202 000 000 218,20,9,2020,1095,1,94,94034,2,1,1,3,PASTEUR (BD),48.756884,2.315351
202 000 000 219,20,9,2020,15,5,94,94022,2,1,1,6,BEL AIR (R),48.76307,2.42042
202 000 000 220,20,9,2020,1100,1,94,94071,2,6,1,1,Avenue Gabriel Péri & Route de la Queue-En-Brie,48.7615579,2.5334328
202 000 000 221,20,9,2020,820,1,94,94075,2,3,1,3,MARECHAL DE LATTRE DE TASSIGNY (AV),48.72747,2.53106
202 000 000 222,20,9,2020,1230,5,93,93072,2,1,1,6,MAXIME GORKI (BOULEVARD) DES N°1 AU 87,48.9519253,2.3849984
202 000 000 223,20,9,2020,930,1,93,93014,2,3,1,5,SEVIGNE (AVENUE DE),48.9125726,2.5410795
202 000 000 224,20,9,2020,1240,5,93,93005,2,2,1,3,FRANCISCO FERRER (RUE),48.9432166,2.4999091
202 000 000 225,20,9,2020,1020,1,92,92040,2,6,1,3,STALINGRAD (QUAI DE),48.8201781,2.2429183
202 000 000 226,20,9,2020,142,5,92,92025,2,2,1,3,CHARLES DE GAULLE (BD),48.9133,2.230641
202 000 000 227,20,9,2020,395,2,92,92060,2,1,8,7,CHARLES DE GAULLE (AVENUE) RD75 A PARTIR,48.77665,2.25703
202 000 000 228,19,9,2020,1245,5,92,92007,2,2,2,-1,BRIAND (AVENUE ARISTIDE) N° 100 A 160,48.7962203,2.3217228
202 000 000 229,21,9,2020,998,1,8,8062,1,3,1,1,D985 PK023.300,49.53997,4.380584
202 000 000 230,21,9,2020,515,1,31,31547,2,1,1,3,Route de Toulouse,43.498986,1.316949
202 000 000 231,21,9,2020,310,3,86,86170,1,1,1,1,N147,46.3102959,0.8295871
202 000 000 232,20,9,2020,360,3,44,44103,1,1,1,2,RN 171   PK 84,47.324185,-2.155434
202 000 000 233,20,9,2020,1210,3,57,57529,1,1,1,1,D15,49.440429,6.30561
202 000 000 234,20,9,2020,1215,5,57,57390,2,3,1,2,88 Grand Rue,49.5508,7.378645
202 000 000 235,21,9,2020,326,3,57,57043,1,3,1,3,D1,49.255541,6.200908
202 000 000 236,20,9,2020,1080,1,95,95352,1,1,1,3,D922,49.104177,2.394129
202 000 000 237,19,9,2020,900,1,62,62773,2,3,1,-1,Rue de Neufchatel,50.638816,1.7431366
202 000 000 238,20,9,2020,700,1,19,19068,1,1,8,7,D48,45.178104,1.65782
202 000 000 239,16,8,2020,30,3,56,56177,1,1,3,6,Keryagune St Goal,47.7702,-3.6741
202 000 000 240,20,9,2020,900,1,56,56123,1,2,1,3,La Provotaie,47.680465,-2.346375
202 000 000 241,21,9,2020,430,2,76,76441,1,1,5,1,D49,49.968813,1.569521
202 000 000 242,20,9,2020,780,1,65,65362,2,1,1,7,1 Route de Cauterêts,42.95835,0.77666
202 000 000 243,21,9,2020,825,1,33,33236,2,1,2,3,98 Avenue du Truc Vert,44.72485,-1.21931
202 000 000 244,16,9,2020,1020,1,89,89368,2,1,1,6,4 Route de Saint-amand,47.614582,3.198266