Num_Acc,jour,mois,an,hrmn,lum,dep,com,agg,int,atm,col,adr,lat,long
202 000 000 488,17,10,2020,1335,4,49,49328,2,1,1,6,CESSART (PONT),47.2634,0.7415
202 000 000 489,17,10,2020,665,1,47,47001,2,2,1,6,CARNOT (BD DU PRESIDENT),44.20443,0.62059
202 000 000 490,19,10,2020,1080,1,44,44109,2,1,1,3,BOULEVARD BENONI GOULLIN,47.20153,-1.554
202 000 000 491,13,10,2020,700,1,44,44109,2,3,1,3,COULMIERS ( RUE DE ),47.22401,-1.5384
202 000 000 492,17,10,2020,1243,1,42,42147,2,1,1,2,Rue Paul Deschanel,45.601852,4.78701
202 000 000 493,19,10,2020,590,1,38,38421,2,1,1,3,Avenue Gabriel Péri,45.1876,5.7531
202 000 000 494,10,10,2020,1170,2,38,38053,2,1,1,6,Avenue des Alpes,45.58508,5.27293
202 000 000 495,19,10,2020,295,3,37,37261,2,6,1,7,LOUIS XI (BOULEVARD),47.3756527,0.6651744
202 000 000 496,17,10,2020,1435,5,34,34301,2,3,1,3,REVOLUTION (RUE DE LA),43.406333,3.691147
202 000 000 497,19,10,2020,1190,5,34,34172,2,1,1,2,CONSULS MER (BOULEVARD DES),43.60397,3.89481
202 000 000 498,19,10,2020,1270,5,33,33063,2,9,1,6,ALL DE LOS ANGELES,44.8449,0.57496
202 000 000 499,19,10,2020,1060,1,33,33529,1,1,1,7,PALUE (CH. DE LA),44.63216,-1.15919
202 000 000 500,19,10,2020,525,1,32,32013,2,1,8,7,IRENEE DAVID,43.6433,0.5888
202 000 000 501,18,10,2020,930,1,31,31555,2,1,1,3,RUE LOUBIAGUE,43.63175,1.44956
202 000 000 502,17,10,2020,1080,1,31,31555,2,1,1,4,VA007622 RANGUEIL A620 Sortie 23,43.57293,1.45228
202 000 000 503,16,10,2020,1005,1,31,31555,2,1,1,3,AV JULES JULIEN,43.57606,1.45114
202 000 000 504,16,10,2020,593,1,29,29019,2,3,1,6,Rue de Champagne,48.4048867,-4.5062023
202 000 000 505,19,10,2020,1360,5,27,27375,2,6,1,6,CANAL(ROND POINT DU),49.21991,1.17937
202 000 000 506,19,10,2020,435,2,27,27375,1,3,5,2,PARIS (CHAUSSEE DE),49.20476,1.19505
202 000 000 507,21,7,2020,585,1,27,27375,2,9,7,6,FOCH (RUE DU ML),49.2116,1.1706
202 000 000 508,16,10,2020,940,1,22,22360,2,6,1,3,MERIMEE (PROSPER),48.4932334,-2.7617371
202 000 000 509,19,10,2020,1063,1,17,17299,2,1,1,6,DENFERT ROCHEREAU RUE,45.938478,0.966563
202 000 000 510,14,10,2020,951,1,14,14118,2,1,1,6,GEOLE (RUE DE),49.18437,0.36176
202 000 000 511,15,10,2020,700,1,13,13054,2,3,1,3,MARECHAL JUIN (AV DU ),43.4214,5.2291
202 000 000 512,19,10,2020,695,1,13,13201,2,1,1,2,DUGOMMIER (BOULEVARD)     1 A 29,43.297779,5.381029
202 000 000 513,18,10,2020,1414,5,11,11262,2,1,1,-1,FERROUL (BOULEVARD DU DOCTEUR),43.181267,3.6126
202 000 000 514,19,10,2020,1175,5,6,6159,2,1,1,2,MARECHAL FOCH (AVENUE),43.701752,7.307123
202 000 000 515,19,10,2020,1303,5,3,3101,2,1,1,3,Rue Jean Jaurès,46.3561112,2.5381171
202 000 000 516,18,10,2020,805,1,75,75119,2,1,1,2,PORTE DE LA VILLETTE,48.896328,2.394569
202 000 000 517,19,10,2020,1010,1,75,75120,2,3,1,3,RUE DE BAGNOLET,48.863754,2.407685
202 000 000 518,19,10,2020,1080,1,75,75119,2,4,1,6,BOULEVARD DE LA COMMANDERIE,48.901896,2.38523
202 000 000 519,19,10,2020,489,1,75,75119,2,1,1,-1,AVENUE JEAN JAURES,48.888142,2.390648
202 000 000 520,18,10,2020,1345,5,75,75118,2,3,1,2,RUE DE LA CHAPELLE,48.890812,2.359963
202 000 000 521,19,10,2020,1180,5,75,75116,2,7,1,3,PLACE DU MARECHAL DE LATTRE DE TASSIGNY,48.871242,2.274273
202 000 000 522,19,10,2020,1090,1,75,75116,2,4,1,4,PLACE DU MARECHAL DE LATTRE DE TASSIGNY,48.870869,2.273674
202 000 000 523,19,10,2020,780,1,75,75114,2,1,1,3,BOULEVARD JOURDAN,48.81982,2.340725
202 000 000 524,19,10,2020,665,1,75,75114,2,1,1,2,RUE RAYMOND LOSSERAND,48.836417,2.322558
202 000 000 525,18,10,2020,1370,5,75,75114,2,2,1,-1,RUE D ALESIA,48.829298,2.322666
202 000 000 526,19,10,2020,1175,5,75,75111,2,2,1,3,BOULEVARD VOLTAIRE,48.863765,2.370109
202 000 000 527,19,10,2020,395,5,75,75111,2,5,1,3,BOULEVARD VOLTAIRE,48.863039,2.371399
202 000 000 528,19,10,2020,595,1,75,75109,2,4,1,3,RUE DU FAUBOURG POISSONNIERE,48.883193,2.349877
202 000 000 529,19,10,2020,974,1,75,75108,2,3,1,3,AVENUE DE WAGRAM,48.876299,2.296874
202 000 000 530,19,10,2020,1170,5,94,94078,2,1,1,6,GAMBETTA (R),48.7353,2.45994
202 000 000 531,19,10,2020,1115,2,94,94046,2,3,1,1,JEAN JAURES (R),48.7962,2.4337
202 000 000 532,19,10,2020,708,1,94,94043,2,1,8,3,FONTAINEBLEAU (AV DE),48.8083,2.36275
202 000 000 533,18,10,2020,720,1,94,94076,2,2,1,1,VERDUN (R DE),48.79491,2.35436
202 000 000 534,19,10,2020,686,1,93,93072,2,1,1,3,MAXIME GORKI (BOULEVARD) DES N°1 AU 87,48.9559483,2.3831518
202 000 000 535,19,10,2020,1250,5,93,93077,2,3,1,1,MERCIERE (RUE),48.88296,2.51287
202 000 000 536,19,10,2020,1250,-1,93,93077,2,1,-1,1,MERCIERE (RUE),48.8837638,2.5134154
202 000 000 537,18,10,2020,410,5,93,93053,2,3,1,3,MONTREUIL A CLAYE (RUE DE),48.8868338,2.4704077
202 000 000 538,19,10,2020,1260,5,93,93032,2,1,1,3,Rue Parmentier,48.88351,2.53225
202 000 000 539,18,10,2020,830,1,93,93048,2,1,1,3,ROMAINVILLE (RUE DE),48.8700675,2.4467884
202 000 000 540,18,10,2020,705,1,93,93063,1,1,1,3,METZ AVENUE DE,48.8967,2.4325
202 000 000 541,18,10,2020,925,1,93,93032,2,3,1,6,PETIT CLOS  (SENTIER DU),48.8837007,2.5303775
202 000 000 542,19,10,2020,1050,1,93,93027,2,2,1,3,R DE LA CONVENTION / RUE RASPAIL,48.9260937,2.3966484
202 000 000 543,19,10,2020,880,1,93,93027,2,1,1,3,AV ROGER SALENGRO,48.93563,2.38735
202 000 000 544,19,10,2020,455,2,93,93027,2,6,1,6,ROCHET (RUE WALDECK),48.94015,2.40783
202 000 000 545,19,10,2020,565,1,92,92064,2,3,1,3,VERRERIE,48.8541556,2.2221722
202 000 000 546,19,10,2020,1270,5,92,92040,2,1,1,6,FERDINAND BUISSON,48.8139975,2.2629409
202 000 000 547,19,10,2020,610,1,92,92036,2,3,1,3,JEAN JAURES (RUE) (1/33),48.931043,2.294983
202 000 000 548,19,10,2020,1095,2,92,92012,2,1,8,6,NATIONALE (RUE) 1/37 - 2/30BIS,48.82646,2.24268
202 000 000 549,19,10,2020,985,1,92,92012,2,1,1,7,ANDRE MORIZET (AVENUE) 1/47 - 2/52,48.83687,2.23665
202 000 000 550,24,9,2020,1200,2,92,92004,2,1,1,3,ARGENTEUIL N° 176 A 388,48.922624,2.276662
202 000 000 551,15,8,2020,900,1,67,67381,2,1,1,6,14 Rue Principale,48.9128918,7.3143201
202 000 000 552,20,10,2020,445,1,974,97422,2,6,1,3,Carrefour Raymond Poincare,-21.28607,55.515552
202 000 000 553,19,10,2020,932,1,68,68300,2,6,1,3,D422,47.784982,7.367736
202 000 000 554,20,10,2020,1060,2,86,86268,1,1,2,1,D18,46.530013,0.544942
202 000 000 555,20,10,2020,945,1,83,83019,1,1,1,6,4315 Route du Dom,43.19048,6.371555
202 000 000 556,19,10,2020,855,1,62,62205,2,1,1,1,Rue de Baudringhem,50.70395,2.321221
202 000 000 557,19,10,2020,1230,3,59,59110,1,1,1,1,D3,50.943682,2.308702
202 000 000 558,19,9,2020,180,5,67,67234,1,1,1,6,HERBITZHEIM (ROUTE DE),48.986732,7.48352
202 000 000 559,19,10,2020,1005,1,82,82125,1,1,1,3,route de la ville dieu du temple,43.992691,1.232014
202 000 000 560,20,10,2020,880,1,63,63322,1,6,1,6,D78,45.8604469,3.1917563
202 000 000 561,19,10,2020,825,1,49,49240,1,1,1,6,PK 7 à proximité du lieu dit la frogerie,47.79562,0.63622
202 000 000 562,19,10,2020,930,1,42,42141,1,1,1,6,D70,46.1452213,4.2558281
202 000 000 563,16,10,2020,1050,1,34,34036,1,1,1,3,D609,43.679387,3.395977
202 000 000 564,17,10,2020,1010,1,84,84057,1,1,1,6,D2,43.930477,5.305924
202 000 000 565,19,10,2020,935,1,72,72118,2,1,1,3,Place de l'Eglise,48.38768,0.586905
202 000 000 566,17,10,2020,300,3,5,5106,1,1,1,6,D9,44.550719,6.331022
202 000 000 567,20,10,2020,535,1,60,60541,1,1,2,7,chemin pontois,49.281713,2.684425
202 000 000 568,11,10,2020,890,1,60,60508,1,1,1,2,rue du pont,49.319555,2.644272
202 000 000 569,15,9,2020,480,2,60,60067,2,1,7,3,Rue de Crépy,49.294996,2.814987
202 000 000 570,19,10,2020,960,1,10,10106,1,3,1,3,RD 951,48.460657,3.41722
202 000 000 571,19,10,2020,680,1,10,10033,2,1,7,6,rue nationale,48.234746,4.704579
202 000 000 572,19,10,2020,870,1,16,16207,1,2,1,3,Lieu dit La Bretaudière,45.855386,0.2571
202 000 000 573,17,10,2020,1130,3,988,98820,1,1,2,6,RPI2,-20.5556549,166.5703317
202 000 000 574,19,10,2020,780,1,28,28293,1,2,1,3,Route Départementale N° 933,48.858588,1.503088
202 000 000 575,16,10,2020,1035,1,66,66226,1,1,1,2,215 Mas d'En Trilla,42.612454,2.862496
202 000 000 576,20,10,2020,990,1,7,7177,1,1,6,7,D219,45.13182,4.784009
202 000 000 577,19,10,2020,1173,5,1,1249,2,1,1,3,648 Grande Rue,45.82236,4.949109
202 000 000 578,20,10,2020,380,3,16,16234,1,1,2,6,Lieu dit La petite Broue,45.676293,0.35189
202 000 000 579,20,10,2020,505,1,60,60500,2,1,2,1,44 Route de Paris,49.99211,2.753341
202 000 000 580,19,10,2020,1055,1,62,62318,2,1,1,3,Avenue du Vieux Moulin,50.519586,1.650531
202 000 000 581,20,10,2020,665,1,59,59212,2,3,1,6,Place Saint Vaast,50.644103,2.723805
202 000 000 582,19,10,2020,915,1,13,13211,1,1,2,2,A50-Sens Marseille vers Aubagne,43.29385,5.47194
202 000 000 583,19,10,2020,910,1,33,33487,1,1,1,5,AUTOROUTE A 10,44.953025,0.4586
202 000 000 584,18,10,2020,1210,3,59,59195,1,1,1,2,AUTOROUTE A25,50.62898,2.958167
202 000 000 585,15,10,2020,1410,3,59,59507,1,1,1,6,AUTOROUTE A1,50.608483,3.94142
202 000 000 586,19,10,2020,1130,5,94,94021,1,1,1,6,AUTOROUTE A106,48.7618376,2.3448208
202 000 000 587,19,10,2020,485,1,91,91521,1,1,1,2,AUTOROUTE A6,48.63655,2.39924
202 000 000 588,19,10,2020,520,1,78,78233,1,1,1,2,A13,48.881316,2.16029
202 000 000 589,18,10,2020,900,1,92,92047,1,1,1,4,A13,48.83449,2.17064
202 000 000 590,19,10,2020,1260,3,77,77296,1,9,1,5,A5b,48.6312605,2.6288041
202 000 000 591,19,10,2020,1170,5,94,94073,1,1,1,3,A86 EXT,48.76068,2.38272
202 000 000 592,19,10,2020,1035,1,94,94017,1,1,1,4,A4,48.82743,2.52511
202 000 000 593,17,10,2020,255,5,972,97213,1,1,1,6,AUTOROUTE A1,14.5977318,-60.9988403
202 000 000 594,16,10,2020,1260,3,972,97213,2,9,2,2,AUTOROUTE A1,14.6179767,-61.32663
202 000 000 595,16,10,2020,475,1,971,97105,1,9,1,2,GASTON FEUILLARD(AVENUE),15.99895,-61.72109
202 000 000 596,17,10,2020,975,1,91,2A004,2,3,1,2,NICOLI JEAN COURS,41.93373,8.74411
202 000 000 597,18,10,2020,560,1,91,91657,2,1,1,3,HENRI BARBUSSE (AVENUE),48.70187,2.42551
202 000 000 598,18,10,2020,1170,3,91,91514,1,1,1,2,CD 33,48.66247,2.52166
202 000 000 599,17,10,2020,990,1,79,79300,2,3,1,3,8 Rue de Villeneuve,47.8147,0.21023
202 000 000 600,17,10,2020,1105,1,78,78238,2,5,1,3,CD 14,48.96359,1.86257
202 000 000 601,16,10,2020,762,1,78,78005,1,1,1,3,RD 30,48.95198,2.5997
202 000 000 602,7,10,2020,500,1,73,73065,2,6,1,7,D201 SAINTE ROSE (RUE),45.5662059,5.9343626
202 000 000 603,18,10,2020,605,1,72,72181,2,1,1,6,EVENTAIL RUE DE L' N° PAIRS 198 ET >,48.508,0.22905
202 000 000 604,17,10,2020,790,1,44,44132,2,1,1,3,REPUBLIQUE (BOULEVARD DE LA),47.25982,-2.33799
202 000 000 605,18,10,2020,1308,5,35,35238,2,2,1,3,34 Rue de Redon,48.1052,-1.6906
202 000 000 606,18,10,2020,1335,5,33,33119,2,1,1,1,AVE CARNOT,44.85806,0.53089
202 000 000 607,26,8,2020,510,1,13,13069,1,6,1,3,RD572 / RD15,43.626213,5.150506
202 000 000 608,25,8,2020,1350,3,13,13051,1,6,1,2,D19,43.593928,5.107377
202 000 000 609,18,8,2020,1215,2,13,13044,1,1,1,1,D69,43.617973,5.33561
202 000 000 610,26,8,2020,465,1,88,88430,1,1,1,2,A31,48.190266,5.764925
202 000 000 611,23,8,2020,1090,2,987,98745,1,1,1,3,PK 0+900 Ouest à PATIO,-16.630833,-151.504028
202 000 000 612,26,8,2020,660,1,38,38343,1,1,1,2,A43,45.576441,5.637274
202 000 000 613,26,8,2020,795,1,60,60138,1,1,1,6,A1,49.216111,2.627642
202 000 000 614,26,8,2020,695,1,60,60505,1,1,1,1,Route de Montgresin,49.15071,2.540331
202 000 000 615,25,8,2020,1315,3,77,77327,1,1,1,6,D12,48.545748,2.995749
202 000 000 616,17,8,2020,1095,1,4,4148,1,1,1,7,RD 4085,43.797057,6.631064
202 000 000 617,24,8,2020,1090,1,25,25505,2,1,1,6,18 Route de Tressandans,47.484849,6.350165
202 000 000 618,26,8,2020,810,1,68,68154,2,9,1,-1,70 Rue de Mulhouse,47.770073,7.34715
202 000 000 619,25,8,2020,930,1,68,68185,1,1,1,1,Vieille Papeterie,48.269012,7.272574
202 000 000 620,25,8,2020,645,1,68,68130,1,1,1,3,D468,47.960348,7.537356
202 000 000 621,23,8,2020,885,1,73,73306,1,2,1,3,D902 / Chemin de la Grand Vy,45.155733,6.4206687
202 000 000 622,5,8,2020,485,1,38,38317,2,1,1,6,Cours Saint André,45.131944,5.699935
202 000 000 623,13,8,2020,30,3,17,17019,2,1,1,1,Rue de Mouillebarbe,46.210034,-1.512825
202 000 000 624,24,8,2020,630,1,40,40184,2,2,1,3,Rue Chambrelent,44.207089,-1.295276
202 000 000 625,23,8,2020,1005,1,49,49271,1,1,1,-1,D104,47.538818,0.723317
202 000 000 626,20,8,2020,725,1,29,29046,1,1,1,6,Route de Kerveoc h,48.77197,-4.28646
202 000 000 627,26,8,2020,535,1,27,27447,1,1,1,7,départementale 830 - LE FRESNE,48.96637,0.980029
202 000 000 628,25,8,2020,1040,1,13,13001,1,1,1,4,A51-Sens Marseille vers Aix en Provence,43.502142,5.407764
202 000 000 629,23,8,2020,36,3,69,69290,1,1,1,5,A43   ,45.69162,4.98782
202 000 000 630,24,8,2020,1145,1,69,69266,1,1,1,2,RD383   3.750 A 7.640,45.7589,4.90932
202 000 000 631,25,8,2020,1220,2,91,91174,1,1,1,3,RN 104,48.62194,2.46374
202 000 000 632,25,8,2020,1095,1,91,91521,1,1,1,3,RD 31,48.63668,2.39969
202 000 000 633,24,8,2020,1220,2,93,93066,1,1,1,4,AUTOROUTE A1,48.91939,2.35755
202 000 000 634,25,8,2020,630,1,95,95154,1,1,1,6,RN 104,49.3418,2.54159
202 000 000 635,25,8,2020,570,1,95,95582,1,1,2,4,RD 14,48.96673,2.27371
202 000 000 636,24,8,2020,1305,3,93,93066,1,1,1,6,AUTOROUTE A86,48.92278,2.3478
202 000 000 637,24,8,2020,1200,1,93,93008,1,1,1,3,AUTOROUTE A86,48.90709,2.45584
202 000 000 638,19,1,2020,1415,3,57,57751,1,1,1,5,Autoroute A31,49.185761,6.176462
202 000 000 639,24,8,2020,649,1,973,97302,2,9,1,3,BADUEL (ROUTE DE),4.9278048,-52.2919393
202 000 000 640,24,8,2020,541,1,973,97302,2,1,1,3,CABASSOU (ROUTE DE),4.8852605,-52.2993422
202 000 000 641,24,8,2020,1290,5,69,69388,2,1,1,1,MARIUS BERLIET                      (R ),45.7377164,4.8680334
202 000 000 642,24,8,2020,1370,5,69,69388,2,2,1,3,FRANCIS DE PRESSENSE                (AV),45.72732,4.86186
202 000 000 643,24,8,2020,730,1,69,69387,2,9,1,6,RENAN                               (R ),45.74831,4.84189
202 000 000 644,20,8,2020,1110,1,69,69387,2,2,1,3,JEAN JAURES                         (AV),45.74819,4.84361
202 000 000 645,24,8,2020,400,1,972,97209,2,1,1,7,PASTEUR (AVENUE),14.6114,-61.675
202 000 000 646,24,8,2020,830,1,69,69142,2,9,1,3,GENERAL LECLERC (DU)                (PL),45.727192,4.815695
202 000 000 647,18,8,2020,1210,2,69,69034,2,2,1,-1,CREPIEUX (DE)                       (CH),45.801,4.85523
202 000 000 648,4,8,2020,1040,1,91,2A004,2,2,1,3,PIETRI FRANCOIS RUE,41.9351074,8.7508464
202 000 000 649,21,8,2020,1080,1,95,95424,2,1,1,6,ARISTIDE MAILLOL(AVENUE),48.9952198,2.2003824
202 000 000 650,24,8,2020,1095,1,91,91174,2,1,1,2,JEAN JAURES (BOULEVARD),48.61893,2.45288
202 000 000 651,24,8,2020,505,1,83,83137,2,2,1,3,JUIN (AVE ALPHONSE),43.12023,5.94787
202 000 000 652,24,8,2020,595,1,83,83069,2,9,1,3,OLBIA  (VOIE),43.11353,6.12985
202 000 000 653,20,8,2020,870,1,80,80021,2,1,1,3,EUROPE (AVENUE DE L'),49.91165,2.30255
202 000 000 654,24,8,2020,1030,1,78,78498,2,1,1,6,CEP AVENUE DU,48.928092,2.42443
202 000 000 655,22,8,2020,917,1,76,76351,2,3,1,6,GALIONS (DES),49.4862,0.1103
202 000 000 656,21,8,2020,1410,3,76,76351,1,1,1,6,RD 6382,49.5255555,0.1576666
202 000 000 657,19,8,2020,1007,1,76,76351,2,2,1,6,VOLTAIRE,49.48996,0.10504
202 000 000 658,24,8,2020,905,1,76,76217,2,9,1,6,GAMBETTA (AVENUE),49.919413,1.73892
202 000 000 659,23,8,2020,1160,1,71,71486,1,1,1,2,RN 70 (ROUTE EXPRESS),46.6377492,4.3264836
202 000 000 660,1,8,2020,1050,1,69,69029,2,1,1,1,PIERRE MENDES FRANCE                (AV),45.72068,4.91328
202 000 000 661,21,8,2020,1330,5,67,67365,1,3,1,3,ETTORE BUGATTI (RUE),48.54357,7.69736
202 000 000 662,23,8,2020,630,1,66,66136,2,1,1,6,PAYRA (PLACE JEAN),42.6982785,2.8891016
202 000 000 663,22,8,2020,1009,1,66,66136,2,1,1,-1,DESNOYE (BOULEVARD DR. JOSEPH),42.71437,2.88708
202 000 000 664,21,8,2020,1425,5,66,66136,2,2,1,3,PERVENCHES (AVENUE DES),42.70175,2.90457
202 000 000 665,23,8,2020,1350,5,64,64041,2,1,1,7,Rue Matachot,43.28023,0.32945
202 000 000 666,24,8,2020,1360,5,62,62193,2,2,1,3,TOUMANIANTZ (AVENUE),50.9516661,1.8774444
202 000 000 667,24,8,2020,835,1,60,60159,2,1,1,7,Avenue de Bury Saint-Edmunds,49.4018414,2.7975901
202 000 000 668,24,8,2020,775,1,59,59426,2,1,1,1,TOURCOING (RUE DE),50.7463711,3.1573516
202 000 000 669,23,8,2020,670,1,59,59008,2,1,1,2,ALSACE (RUE D'),50.32996,3.24922
202 000 000 670,23,8,2020,605,1,56,56121,2,1,1,3,DEGOUL (RUE  ANDRE ),47.73951,-3.36706
202 000 000 671,22,8,2020,1135,1,56,56098,2,1,2,3,Avenue Kesler-Devillers,47.76739,-3.34043
202 000 000 672,22,8,2020,1180,1,54,54339,2,1,1,6,LION D'OR (RUE DU),48.709095,6.1809909
202 000 000 673,21,8,2020,765,1,50,50129,2,1,1,3,MENDES FRANCE (BOULEVARD),49.63395,-1.62297
202 000 000 674,23,8,2020,1090,5,49,49328,2,1,2,2,GUEDERIES (BOULEVARD DES),47.2390762,0.927481
202 000 000 675,24,8,2020,465,1,45,45234,2,2,1,3,PERRAULT (RUE CHARLES),47.9209,1.8958
202 000 000 676,24,8,2020,15,5,44,44184,2,1,1,2,Boulevard du Docteur René Laënnec,47.2709986,-2.2383785
202 000 000 677,24,8,2020,1380,5,37,37122,2,1,1,7,BOUIN (RUE JEAN),47.3429571,0.6590519
202 000 000 678,23,8,2020,393,2,37,37214,2,1,1,7,CHANTERIE (RUE DE LA),47.4181757,0.6744292
202 000 000 679,17,8,2020,1060,1,36,36044,2,1,1,6,Rue du Préfet Dalphonse,46.7923253,1.6671807
202 000 000 680,22,8,2020,60,3,35,35288,1,1,1,7,La Toutenais,48.6661461,-1.9579141
202 000 000 681,24,8,2020,1195,2,35,35238,2,1,1,6,GAYEULLES (SQUARE DES),48.13056,-1.65283
202 000 000 682,24,8,2020,910,1,35,35238,2,9,1,2,DUTERTRE (SQUARE CDT  CHRISTIAN),48.956,-1.6824
202 000 000 683,24,8,2020,1155,1,33,33522,2,2,1,3,RUE ALDONA,44.79893,0.58745
202 000 000 684,23,8,2020,270,5,31,31555,1,1,1,7,VA007333 LA FAOURETTE A620 Sortie 26,43.5752,1.40863
202 000 000 685,22,8,2020,765,1,31,31555,2,3,1,3,AV ANTOINE DE ST EXUPERY,43.58438,1.4687
202 000 000 686,23,8,2020,86,5,30,30189,2,1,1,3,AVIGNON (ROUTE),43.84175,4.37701
202 000 000 687,23,8,2020,1168,1,29,29039,2,9,8,3,Quai Carnot,47.875891,-3.9142431
202 000 000 688,24,8,2020,500,1,25,25056,2,3,1,1,18 Route de Tressandans,47.253513,6.29471
202 000 000 689,23,8,2020,1027,1,23,23096,2,1,1,6,CHARLES DE GAULLE (AVENUE),46.1721,1.8738
202 000 000 690,15,8,2020,570,1,22,22215,1,1,1,1,POMMERAIE (RUE DE LA),48.49896,-2.81976
202 000 000 691,23,8,2020,620,1,17,17306,2,2,1,-1,PONTAILLAC (DE) (AVENUE),45.62032,-1.3536
202 000 000 692,24,8,2020,609,1,17,17200,2,1,1,7,ROSE AVENUE DU FIEF,46.176298,-1.167096
202 000 000 693,24,8,2020,590,1,13,13212,2,1,1,2,POILUS (AVENUE DES),43.313347,5.4635395
202 000 000 694,24,8,2020,255,5,13,13205,2,2,1,1,FERRARI (RUE),43.29297,5.3929
202 000 000 695,24,8,2020,1350,5,13,13047,2,3,1,3,RAYMOND FILIPPI AVENUE,43.49339,4.9805
202 000 000 696,24,8,2020,460,1,9,9225,2,1,1,1,ALSACE LORRAINE BOULEVARD,43.11898,1.61294
202 000 000 697,24,8,2020,1005,1,6,6088,2,1,1,3,CESSOLE (BD DE) (JUSQU'AU N° 93-110),43.7119,7.2553
202 000 000 698,24,8,2020,990,1,6,6069,2,1,1,6,CHEVREFEUILLES (CHEMIN DES),43.63896,6.92151
202 000 000 699,24,8,2020,1015,1,6,6069,2,1,1,6,DUNANT (AVENUE HENRI),43.65052,6.92142
202 000 000 700,24,8,2020,895,1,1,1451,1,1,1,4,PARIS (ROUTE DE),46.22666,5.20499
202 000 000 701,24,8,2020,2,5,75,75119,2,1,1,4,BOULEVARD PERIPHERIQUE,48.900429,2.383466
202 000 000 702,24,8,2020,1170,1,75,75119,2,2,1,3,BOULEVARD MACDONALD,48.89874,2.371115
202 000 000 703,24,8,2020,1095,1,75,75119,2,1,1,1,BOULEVARD SERURIER,48.878535,2.402541
202 000 000 704,24,8,2020,1025,1,75,75119,2,2,8,7,AVENUE JEAN JAURES,48.885872,2.382261
202 000 000 705,24,8,2020,570,1,75,75118,2,2,8,2,RUE CHRISTIANI,48.885563,2.349547
202 000 000 706,23,8,2020,1400,5,75,75116,2,3,1,3,AVENUE DU PRESIDENT KENNEDY,48.857924,2.287931
202 000 000 707,23,8,2020,600,1,75,75116,2,7,1,3,PLACE CHARLES DE GAULLE,48.874033,2.29424
202 000 000 708,23,8,2020,980,1,75,75115,2,2,1,3,RUE MADEMOISELLE,48.843613,2.295757
202 000 000 709,23,8,2020,1060,1,75,75114,2,1,1,6,AVENUE DU GENERAL LECLERC,48.826329,2.3263
202 000 000 710,24,8,2020,1075,1,75,75108,2,1,1,7,AVENUE MONTAIGNE,48.867314,2.306855
202 000 000 711,24,8,2020,585,1,75,75115,2,2,1,6,AVENUE EMILE ZOLA,48.84641,2.283136
202 000 000 712,24,8,2020,1110,1,75,75101,2,7,1,1,RUE DE RIVOLI,48.863725,2.332044
202 000 000 713,24,8,2020,1120,1,94,94081,2,1,1,6,FRATERNITE (R DE LA),48.800929,2.385698
202 000 000 714,24,8,2020,650,1,94,94068,2,1,1,6,JEAN JAURES (AV),48.7875,2.4827
202 000 000 715,24,8,2020,1170,1,94,94076,2,1,1,7,LEON MOUSSINAC (R),48.784043,2.357428
202 000 000 716,24,8,2020,990,1,94,94016,2,1,1,3,CAMILLE DESMOULINS (R),48.7947,2.3348
202 000 000 717,21,8,2020,340,5,94,94003,2,1,2,2,ARISTIDE BRIAND (AV),48.8106,2.3268
202 000 000 718,24,8,2020,725,1,94,94041,2,1,1,6,GEORGES GOSNAT (AV),48.81392,2.38943
202 000 000 719,24,8,2020,1230,1,94,94017,2,1,1,7,REPUBLIQUE (AV DE LA),48.822396,2.510543
202 000 000 720,24,8,2020,1145,1,94,94017,2,1,1,7,MUSSELBURGH (R DE),48.810753,2.516809
202 000 000 721,24,8,2020,1060,1,94,94017,2,1,1,6,BOIS L ABBE (R DU),48.810349,2.542097
202 000 000 722,24,8,2020,445,1,93,93070,2,1,1,3,VICTOR-HUGO (BD),48.91013,2.3308
202 000 000 723,24,8,2020,1160,1,93,93050,2,9,1,6,MARECHAL FOCH (AVENUE) COTE IMPAIR,48.8537909,2.5179545
202 000 000 724,24,8,2020,20,5,93,93048,2,1,1,2,BD THEOPHILE SUEUR,48.863,2.466
202 000 000 725,24,8,2020,1290,5,93,93014,2,1,1,2,MAURICE AUDIN (ALLEE),48.9086434,2.5428509
202 000 000 726,24,8,2020,565,1,93,93014,2,4,1,6,GAGNY (ALLEE DE),48.9013322,2.5471449
202 000 000 727,23,8,2020,1330,5,93,93047,2,3,1,3,AV DE CLICHY / R BERTHE MORISOT,48.90438,2.56041
202 000 000 728,23,8,2020,1380,5,93,93008,1,1,1,6,PARIS (RUE DE),48.89565,2.42609
202 000 000 729,24,8,2020,1240,1,93,93070,2,2,1,3,MICHELET (AVE) : DU 1 AU 103,48.9140598,2.3443123
202 000 000 730,23,8,2020,1040,1,92,92050,2,3,1,3,LENINE VLADIMIR ILITCH AVENUE,48.887815,2.1968476