Num_Acc,jour,mois,an,hrmn,lum,dep,com,agg,int,atm,col,adr,lat,long
202 000 000 731,23,8,2020,1337,5,92,92012,2,1,1,7,CHATEAU (RUE DU) 1/125 - 2/136,48.8446074,2.2518291
202 000 000 732,24,8,2020,1325,5,92,92009,2,2,1,3,ADOLPHE GUYOT ( RUE ),48.91938,2.2763
202 000 000 733,8,8,2020,270,5,92,92009,2,1,1,6,VICTOR HUGO ( RUE ),48.9184183,2.2696303
202 000 000 734,23,8,2020,1180,2,14,14741,2,1,1,1,D133a,48.914589,0.458089
202 000 000 735,25,8,2020,620,1,81,81168,1,1,1,-1,RD 905 La barraque,44.1265771,2.1729744
202 000 000 736,20,8,2020,805,1,38,38157,1,2,1,1,Rue des Potiers,45.498699,4.929106
202 000 000 737,24,8,2020,1305,3,49,49092,2,9,1,7,Zone commerciale des Trois Routes,47.236207,0.723786
202 000 000 738,14,8,2020,1090,1,23,23169,1,2,1,-1,36 Le Mery,46.1322,1.938116
202 000 000 739,18,8,2020,765,1,67,67135,2,9,1,3,1 Rue Principale,48.805161,7.585861
202 000 000 740,18,8,2020,1390,3,35,35231,1,9,1,6,N137,47.893521,-1.687109
202 000 000 741,25,8,2020,470,1,48,48099,1,1,1,6,A75,44.569502,3.251207
202 000 000 742,24,8,2020,940,1,15,15207,1,1,1,2,A 75 - sens nord vers sud - PK 079.100,45.161242,3.14967
202 000 000 743,24,8,2020,710,1,58,58187,1,9,1,3,A77,47.437885,2.941225
202 000 000 744,25,8,2020,740,1,19,19192,2,1,1,1,20 avenue du fidèle,45.125594,1.897379
202 000 000 745,23,8,2020,1135,1,56,56258,2,1,1,6,14 Rue des Résistants,47.592638,-3.26693
202 000 000 746,25,8,2020,505,1,65,65439,2,1,1,6,D27,43.317466,0.9538
202 000 000 747,24,8,2020,1070,1,33,33506,1,1,1,3,1 Lieu Dit Penic,44.68569,0.4498
202 000 000 748,16,8,2020,540,1,32,32044,1,1,1,3,84 Route de Saint Puy,43.917161,0.407868
202 000 000 749,25,8,2020,715,1,49,49261,1,1,1,6,D952,47.306996,0.134846
202 000 000 750,24,8,2020,845,1,44,44013,1,1,1,1,RD 773,47.407092,-2.94011
202 000 000 751,24,8,2020,885,1,29,29221,2,3,1,1,Rue du Port,48.4829561,-4.7693606
202 000 000 752,24,8,2020,1200,2,54,54579,1,1,1,7,D89,48.949055,6.13952
202 000 000 753,23,8,2020,675,1,83,83025,1,1,1,6,D34 route de BRAS,43.52313,5.978816
202 000 000 754,25,8,2020,840,1,40,40118,1,1,1,-1,D3,43.588131,0.921049
202 000 000 755,24,8,2020,1425,3,8,8222,1,1,1,7,Rue du Monument Prolongée,50.7656,4.713886
202 000 000 756,25,8,2020,590,1,24,24035,1,1,1,7,D710,44.760813,1.1366
202 000 000 757,25,8,2020,630,1,35,35275,1,1,1,4,RN 12,48.160031,-1.841111
202 000 000 758,17,6,2020,580,1,74,74010,2,5,2,6,12 Avenue d'Aix-les-bains (Seynod),45.89239,6.110753
202 000 000 759,23,8,2020,1215,1,6,6085,2,3,1,3,Chemin des Argelas,43.586875,7.22011
202 000 000 760,1,12,2020,1165,5,93,93055,2,3,1,2,Avenue Edouard Vaillant,48.896918,2.4002482
202 000 000 761,30,12,2020,450,5,93,93055,2,1,2,3,JEAN LOLIVE (AVENUE)(1/55 2/60),48.8923962,2.408919
202 000 000 762,23,12,2020,904,1,93,93055,2,1,8,3,VICTOR HUGO (65/FIN . 62/FIN),48.89345,2.41108
202 000 000 763,21,12,2020,1165,5,93,93055,2,1,2,3,JEAN LOLIVE (AVENUE)(55/73.62/86),48.89138,2.40399
202 000 000 764,20,12,2020,1175,2,93,93055,2,6,1,3,JEAN LOLIVE (AVENUE)(137/FIN ET 134/FIN),48.89355,2.41493
202 000 000 765,17,12,2020,1045,2,93,93055,2,1,1,3,CARTIER BRESSON DU 41/93.46/100,48.9013125,2.4022089
202 000 000 766,8,12,2020,672,1,93,93055,2,1,1,-1,EDOUARD VAILLANT DU 1 A FIN.,48.9002236,2.3955337
202 000 000 767,5,12,2020,850,1,93,93055,2,1,1,3,PRE ST GERVAIS (DU) (29/53 . 28/54),48.88948,2.4034
202 000 000 768,1,12,2020,620,1,93,93008,2,3,1,3,SEMARD (RUE PIERRE),48.9118417,2.446442
202 000 000 769,19,11,2020,879,1,93,93055,2,5,1,1,MEHUL (1/37. 2/24),48.8891511,2.4101446
202 000 000 770,17,11,2020,1081,5,93,93055,2,1,1,6,GENERAL LECLERC (AVENUE)(1/41 ET 2/76),48.8955081,2.4005275
202 000 000 771,9,11,2020,690,1,93,93055,2,1,1,6,GABRIELLE JOSSERAND,48.90391,2.3947
202 000 000 772,7,11,2020,1110,4,93,93001,2,1,1,2,LUCIEN LEFRANC (QUAI),48.9109881,2.3738928
202 000 000 773,6,11,2020,1025,2,93,93055,2,6,1,3,JEAN LOLIVE (AVENUE)(137/FIN ET 134/FIN),48.8954189,2.4257724
202 000 000 774,3,11,2020,710,1,93,93055,2,3,1,3,JEAN LOLIVE (AVENUE)(1/55 2/60),48.890448,2.3987887
202 000 000 775,3,11,2020,650,1,93,93055,2,3,1,3,EDOUARD VAILLANT DU 1 A FIN.,48.8969094,2.4002195
202 000 000 776,3,11,2020,455,2,93,93055,2,3,1,3,Rue Rouget de Lisle,48.8898199,2.4100272
202 000 000 777,29,10,2020,820,1,93,93055,2,1,2,-1,JEAN LOLIVE (AVENUE)(75/105.88/106),48.8919,2.40725
202 000 000 778,28,10,2020,1210,5,93,93055,2,3,1,2,JEAN LOLIVE (AVENUE)(137/FIN ET 134/FIN),48.894102,2.4178927
202 000 000 779,21,10,2020,1060,1,93,93055,2,1,1,5,GENERAL LECLERC(AVE DU)89/FIN ET 122/FIN,48.90195,2.41396
202 000 000 780,19,10,2020,1160,2,93,93055,2,9,1,3,DELIZY (DU 23 A FIN ET DU 20 A FIN),48.896828,2.4086297
202 000 000 781,16,10,2020,920,1,93,93055,2,3,1,6,COURTOIS,48.89375,2.41619
202 000 000 782,15,10,2020,755,1,93,93055,2,1,1,3,JEAN JAURES (AVENUE)(130 AU 172),48.90836,2.3971824
202 000 000 783,11,10,2020,900,1,93,93055,2,9,1,2,MAGENTA,48.90054,2.39389
202 000 000 784,10,10,2020,555,1,93,93055,2,3,1,3,VICTOR HUGO (65/FIN . 62/FIN),48.8934482,2.4112119
202 000 000 785,3,10,2020,1330,5,93,93055,2,1,2,7,JEAN LOLIVE (AVENUE)(137/FIN ET 134/FIN),48.89527,2.42467
202 000 000 786,1,10,2020,1125,1,93,93055,2,1,1,3,GENERAL LECLERC(AVE DU)(43/87 ET 78/120),48.8970879,2.4036781
202 000 000 787,30,9,2020,570,1,93,93055,2,1,8,6,SCANDICCI,48.8929491,2.3983564
202 000 000 788,30,9,2020,568,1,93,93055,2,3,2,1,BERGES,48.8934587,2.4112285
202 000 000 789,29,9,2020,170,3,93,93055,2,1,1,2,JEAN LOLIVE (AVENUE)(137/FIN ET 134/FIN),48.89491,2.42221
202 000 000 790,25,9,2020,795,1,93,93055,2,1,2,6,Rue Jules Auffret,48.88686,2.4104
202 000 000 791,24,9,2020,1290,5,93,93055,2,1,2,6,JEAN LOLIVE (AVENUE)(137/FIN ET 134/FIN),48.8932789,2.413227
202 000 000 792,19,9,2020,1025,1,93,93055,2,3,8,1,LAVOISIER,48.8894213,2.4198114
202 000 000 793,16,9,2020,1135,2,93,93029,2,1,1,1,JUMELLE (AVENUE DE LA ),48.9163986,2.4638343
202 000 000 794,15,9,2020,665,1,93,93055,2,1,1,3,GENERAL LECLERC(AVE DU)(43/87 ET 78/120),48.9026543,2.4154928
202 000 000 795,7,9,2020,0,5,93,93055,2,1,1,1,GABRIELLE JOSSERAND,48.9050569,2.3963145
202 000 000 796,22,8,2020,55,3,93,93055,2,3,1,3,JEAN LOLIVE (AVENUE)(107/135 ET 108/132),48.8930797,2.4122546
202 000 000 797,13,8,2020,1142,1,93,93055,2,1,1,-1,GENERAL LECLERC(AVE DU)89/FIN ET 122/FIN,48.8967749,2.4029119
202 000 000 798,17,7,2020,1325,5,93,93055,2,9,1,3,JEAN JAURES (AVENUE) (178/204),48.9092,2.3982
202 000 000 799,7,7,2020,326,2,93,93008,2,1,1,6,ALLENDE (AVE DU P. SALVADOR),48.90141,2.44317
202 000 000 800,27,6,2020,773,1,93,93055,2,1,1,2,AV DU GENERAL LECLERC,48.8979869,2.4054934
202 000 000 801,9,7,2020,905,1,93,93055,2,1,1,4,DELIZY (DU 23 A FIN ET DU 20 A FIN),48.89638,2.40906
202 000 000 802,26,6,2020,1025,1,93,93055,2,1,7,2,CIMETIERE PARISIEN (AVENUE DU),48.9091229,2.3981551
202 000 000 803,19,6,2020,1155,1,93,93055,2,1,2,2,DIVISION LECLERC (AVE DE LA),48.91058,2.4143868
202 000 000 804,16,6,2020,495,1,93,93055,2,1,1,6,GENERAL LECLERC(AVE DU)(43/87 ET 78/120),48.896784,2.4030074
202 000 000 805,6,6,2020,780,1,93,93055,2,1,1,3,GENERAL LECLERC(AVE DU)89/FIN ET 122/FIN,48.901972,2.4140322
202 000 000 806,24,6,2020,684,1,93,93055,2,9,1,2,JEAN LOLIVE (AVENUE)(137/FIN ET 134/FIN),48.89347,2.41456
202 000 000 807,26,5,2020,788,1,93,93008,2,3,1,6,STALINGRAD (RUE DE) A10,48.9156315,2.4262844
202 000 000 808,19,5,2020,733,1,93,93055,2,1,1,3,JEAN JAURES (AVENUE)(130 AU 172),48.9070796,2.3957944
202 000 000 809,18,5,2020,1125,1,93,93055,2,3,7,3,JEAN LOLIVE (AVENUE)(75/105.88/106),48.89249,2.40982
202 000 000 810,6,5,2020,1390,5,93,93008,2,6,1,3,BARBUSSE (AVENUE HENRI) A30,48.90735,2.4254
202 000 000 811,13,5,2020,900,1,93,93055,2,1,1,6,EDOUARD VAILLANT DU 64/130,48.9001065,2.3956618
202 000 000 812,9,3,2020,510,1,93,93055,2,1,1,6,ERNEST RENAN,48.8945514,2.418563
202 000 000 813,5,3,2020,1017,1,93,93055,2,1,3,6,GENERAL LECLERC (AVENUE)(1/41 ET 2/76),48.896,2.402
202 000 000 814,20,3,2020,875,1,93,93055,2,6,1,3,JEAN LOLIVE (AVENUE)(137/FIN ET 134/FIN),48.89549,2.42606
202 000 000 815,21,2,2020,530,1,93,93055,2,2,1,3,CECILE FAGUET,48.89024,2.42109
202 000 000 816,8,2,2020,1250,5,93,93055,2,1,1,2,JEAN LOLIVE (AVENUE)(1/55 2/60),48.8907034,2.4003144
202 000 000 817,20,2,2020,1099,1,93,93055,2,1,2,6,JEAN LOLIVE (AVENUE)(1/55 2/60),48.8934882,2.4144068
202 000 000 818,23,1,2020,1275,5,93,93008,2,1,1,2,VAILLANT COUTURIER (AVENUE PAUL),48.9098882,2.444178
202 000 000 819,22,1,2020,900,1,93,93008,2,6,1,3,PARIS (RUE DE),48.89571,2.42597
202 000 000 820,4,3,2020,1385,5,6,6029,2,1,1,1,Avenue du Docteur PICAUD,43.55044,6.99003
202 000 000 821,12,8,2020,1210,2,84,84007,2,3,1,3,PIERRE SEMARD (avenue),43.93672,4.82654
202 000 000 822,2,12,2020,870,1,93,93008,2,7,1,6,NORMANDIE (RUE DE),48.9092077,2.4385893
202 000 000 823,7,12,2020,660,1,93,93008,2,7,8,3,PLACE SAINT JUSTE,48.90608,2.4696
202 000 000 824,31,12,2020,210,3,6,6088,1,1,2,6,autoroute A8 PK 191.800 chaussée nord descente de Crémat,43.710416,7.199607
202 000 000 825,12,9,2020,915,1,38,38395,2,7,1,1,Route des 3 Villages,45.309934,5.887004
202 000 000 826,18,12,2020,1217,3,57,57663,1,1,1,2,Autoroute A31,49.23452,6.17995
202 000 000 827,2,7,2020,965,1,976,97611,1,1,1,6,m'tsapere-Nationale 2 (route),-12.79072,45.21964
202 000 000 828,11,10,2020,630,1,85,85262,1,1,8,7,D17,47.2136,-1.48985
202 000 000 829,3,1,2020,865,1,95,95280,2,2,1,6,SALENGRO ROGER ( BOULEVARD),49.3331,2.47293
202 000 000 830,2,1,2020,830,1,35,35238,2,2,8,4,ARMORIQUE (BD D'),48.131333,-1.673324
202 000 000 831,24,9,2020,713,1,18,18279,2,1,1,6,GAILLARDIERE (CHEMIN DE LA),47.2243,2.10966
202 000 000 832,10,9,2020,1035,1,3,3133,2,1,1,6,Grande Rue,46.1647044,3.1900793
202 000 000 833,21,10,2020,415,1,973,97302,2,1,1,3,MADELEINE (ROUTE DE LA),4.9259663,-52.324276
202 000 000 834,5,9,2020,630,1,973,97302,2,1,1,7,HEDER (place),4.9394185,-52.3348224
202 000 000 835,16,2,2020,917,1,987,98724,1,1,1,7,MAROE,-16.749572,-150.997907
202 000 000 836,11,12,2020,1006,2,13,13051,1,1,2,4,D113,43.564829,5.157566
202 000 000 837,2,7,2020,550,1,1,1390,1,1,1,6,Route de Loyettes,45.808476,5.269961
202 000 000 838,18,2,2020,1205,5,93,93027,2,7,1,6,SAINT-DENIS (RUE DE),48.9300757,2.3850193
202 000 000 839,18,12,2020,1065,5,84,84003,2,1,1,6,Quai de la Liberté,43.877178,5.394759
202 000 000 840,10,12,2020,850,1,84,84086,1,1,1,7,Route de Menerbes,43.851102,5.147012
202 000 000 841,30,11,2020,135,3,90,90096,1,1,1,6,Fêche-l'Église,47.517712,6.960139
202 000 000 842,15,8,2020,1350,5,3,3190,1,1,1,7,Route de Montilly,46.5729719,3.307396
202 000 000 843,20,6,2020,195,3,88,88069,1,1,1,6,Bouxières-aux-Bois,48.265237,6.316493
202 000 000 844,6,7,2020,160,5,93,93008,2,1,1,6,PUREE (RUE DE LA),48.91066,2.43271
202 000 000 845,8,1,2020,992,1,13,13215,1,1,1,4,A7-Sens Lyon vers Marseille,43.375453,5.35993
202 000 000 846,20,12,2020,1255,3,972,97217,1,1,1,1,N5 petite Poterie,14.450561,-60.896723
202 000 000 847,5,9,2020,1101,2,973,97302,1,1,1,6,ZONE COLLERY I OU II,4.9066399,-52.3248339
202 000 000 848,5,9,2020,1010,1,973,97302,1,6,1,3,MARINGOUINS (ROND-POINT),4.9077302,-52.3225272
202 000 000 849,15,6,2020,1020,1,6,6030,2,1,1,6,AUBAREDE (CHEMIN DE L'),43.5667,7.167
202 000 000 850,14,6,2020,320,5,93,93008,2,2,1,3,ROSTAND (PROMENADE JEAN),48.9086499,2.4542142
202 000 000 851,18,11,2020,640,1,84,84137,2,3,1,6,Avenue du Général de Gaulle,44.241125,5.74005
202 000 000 852,6,8,2020,535,1,38,38563,2,1,1,6,PATINIERE (AVENUE DE LA),45.34739,5.5769
202 000 000 853,13,6,2020,330,2,93,93008,2,9,1,3,¨PLACE DE L'ESCADRILLE NORMANDIE NIEMEN,48.91289,2.43681
202 000 000 854,30,8,2020,1320,5,973,97302,2,9,1,7,MONTABO (ROUTE DE) 1,4.94118,-52.30286
202 000 000 855,4,1,2020,388,2,973,97302,2,1,1,3,FLAMBOYANTS (RUE DES),4.9234008,-52.3202741
202 000 000 856,15,12,2020,615,1,93,93079,2,1,2,3,SAINT LEU (ROUTE),48.95302,2.33661
202 000 000 857,8,12,2020,1180,5,93,93031,2,9,1,3,DE LATTRE DE TASSIGNY (1 A 51),48.95287,2.31575
202 000 000 858,17,9,2020,1052,1,61,61092,2,2,1,2,N/A,48.753061,0.740295
202 000 000 859,28,6,2020,540,1,85,85074,2,1,1,-1,N/A,46.52495,-1.26262
202 000 000 860,24,4,2020,795,1,85,85047,2,1,1,5,Route des Sables,46.83517,-1.87374
202 000 000 861,25,12,2020,1000,1,83,83129,2,1,1,6,BRUSC (CHE DU),43.744132,5.8004352
202 000 000 862,1,1,2020,300,5,93,93027,2,1,1,3,JAURES (AVENUE JEAN),48.924153,2.4026234
202 000 000 863,25,1,2020,62,3,91,91687,1,1,5,4,AUTOROUTE A6,48.66258,2.368
202 000 000 864,6,12,2020,331,3,13,13004,1,1,5,6,RTE NATIONALE PONT DE CRAU,43.65015,4.67998
202 000 000 865,5,4,2020,1060,1,93,93070,2,1,2,6,ROSIERS(DES) :N° 1 AU 59,48.90601,2.33605
202 000 000 866,15,6,2020,435,1,988,98818,2,3,1,3,RUE PASTEUR/RUE EDOUARD UNGER,-22.26256,166.44485
202 000 000 867,18,10,2020,1190,3,42,42223,1,1,2,1,D15,45.453028,4.342652
202 000 000 868,11,12,2020,920,1,75,75116,2,1,3,6,ROUTE DES MOULINS,48.865894,2.235764
202 000 000 869,25,2,2020,105,5,75,75102,2,1,2,6,RUE MONTMARTRE,48.871206,2.342986
202 000 000 870,11,8,2020,810,1,976,97611,2,1,1,6,vahibe-Vietnam (rue),-12.72991,45.17743
202 000 000 871,26,6,2020,1045,2,976,97611,2,1,1,6,mamoudzou centre-Haladi Selemani ( rue ),-12.780951,45.231999
202 000 000 872,29,6,2020,1085,1,68,68315,1,9,1,2,D83,47.88787,7.255268
202 000 000 873,30,12,2020,636,1,91,2A004,2,1,2,3,Bd Louis Campi,41.94429,8.75584
202 000 000 874,22,8,2020,660,1,976,97611,2,1,1,1,tsoundzou-SIM ( rue de la ),-12.81835,45.19668
202 000 000 875,12,8,2020,840,1,976,97611,2,6,1,3,cavani-Rond point du Baobab,-12.78541,45.22594
202 000 000 876,18,7,2020,540,1,976,97611,2,1,1,-1,passamanty-Rassini (ruelle),-12.80043,45.2152
202 000 000 877,6,9,2020,1045,1,976,97611,1,1,1,6,kaweni-SPPM ( rue de la ),-12.77166,45.22287
202 000 000 878,17,2,2020,400,1,976,97611,2,3,1,3,passamanty-Rassini (ruelle),-12.8004,45.2159
202 000 000 879,23,8,2020,416,1,976,97611,2,1,1,2,m'tsapere-M'tsapéré- M'tsangani ( rue ),-12.7876,45.22506
202 000 000 880,13,7,2020,895,1,976,97611,2,1,1,6,kaweni-Poste ( rue de la ),-12.7722459,45.2224879
202 000 000 881,27,7,2020,865,1,976,97611,2,1,1,3,kaweni-Mangrove ( rue de la ),-12.77588,45.22681
202 000 000 882,9,2,2020,140,3,57,57306,1,1,1,3,Autoroute A30,49.3269361,6.629758
202 000 000 883,1,7,2020,5,5,75,75110,2,1,1,3,BOULEVARD DE STRASBOURG,48.869644,2.35443
202 000 000 884,20,8,2020,985,1,84,84007,2,1,1,6,PLACE SAINT LAZARE,43.95102,4.81952
202 000 000 885,11,12,2020,827,1,76,76329,1,1,2,5,D6015,49.56115,0.48267
202 000 000 886,7,5,2020,1394,3,91,91617,1,1,1,6,RN6 PROVINCE / RN104 INT,48.63152,2.51594
202 000 000 887,1,1,2020,85,5,93,93046,2,6,8,3,TURGOT,48.9186846,2.5204487
202 000 000 888,28,11,2020,1015,5,75,75119,2,2,1,6,BOULEVARD DE LA VILLETTE,48.884339,2.366883
202 000 000 889,28,12,2020,1105,3,77,77508,1,1,3,2,D96,48.823727,2.834864
202 000 000 890,26,2,2020,585,1,92,92062,2,1,1,4,DE DION BOUTON (QUAI) DU 29 AU 65,48.8827958,2.2479292
202 000 000 891,23,11,2020,835,1,74,74042,2,1,1,6,Route de Cluses,46.7351,6.410034
202 000 000 892,28,7,2020,1405,5,73,73008,2,6,1,3,D1201 ROOSEVELT FRANKLIN AVENUE,45.7018314,5.9091384
202 000 000 893,9,12,2020,320,5,62,62193,2,6,2,3,LOUIS BLERIOT (AVENUE),50.949418,1.862252
202 000 000 894,14,12,2020,1320,5,62,62351,2,1,8,6,OUSSEKINE (R MALIK),50.4209671,2.9069245
202 000 000 895,30,12,2020,1150,3,62,62186,1,1,2,6,SCHWEITZER ( R DU DOCTEUR),50.4482779,2.705044
202 000 000 896,5,12,2020,970,1,62,62498,2,3,1,6,LANOY (R RENE),50.431121,2.83319
202 000 000 897,7,10,2020,1230,5,62,62624,2,1,1,6,REPUBLIQUE (AVE DE LA ),50.41491,2.98257
202 000 000 898,19,12,2020,810,1,74,74012,2,3,1,3,RESISTANCE (RUE DE LA),46.19622,6.25684
202 000 000 899,15,12,2020,460,5,73,73008,2,6,2,6,D991 WILSON BOULEVARD,45.6897799,5.9094724
202 000 000 900,2,12,2020,580,1,73,73008,2,8,8,6,PN 10 ROSELIERE CHEMIN DE LA,45.7090736,5.892132
202 000 000 901,24,6,2020,1410,5,64,64102,2,1,1,7,PAMPELUNE (AVENUE DE),43.4885,-1.4788
202 000 000 902,19,6,2020,1410,5,64,64102,2,1,1,7,ALSACE LORRAINE (BOULEVARD),43.49144,-1.46378
202 000 000 903,24,8,2020,570,1,92,92035,2,2,1,3,National ( boulevard ),48.9085201,2.2371876
202 000 000 904,12,4,2020,1020,1,35,35288,1,1,1,7,La Grande Toutenais,48.665922,-1.958077
202 000 000 905,24,12,2020,1045,5,76,76351,2,2,1,3,DEMIDOFF (RUE),49.49765,0.13615
202 000 000 906,21,12,2020,1207,5,76,76351,2,1,1,1,BELLOT,49.48618,0.12675
202 000 000 907,9,12,2020,1080,5,76,76351,2,2,1,3,BOIS AU COQ (AVENUE),49.5128,0.1255
202 000 000 908,5,12,2020,855,1,76,76351,2,1,1,6,HUIT MAI 1945 (AVENUE DU),49.51567,0.17092
202 000 000 909,4,12,2020,1050,5,76,76351,2,1,1,6,AUGUSTE RISPAL,49.4931,0.1419
202 000 000 910,12,6,2020,1240,5,971,97105,2,1,1,6,BD GERTY ARCHIMEDE,15.99073,-61.72808
202 000 000 911,5,12,2020,435,2,83,83050,2,1,8,6,PIQUEMAL( PLACE),43.53942,6.45959
202 000 000 912,28,12,2020,690,1,24,24037,2,1,2,6,PASTEUR (AVENUE),44.85836,0.49285
202 000 000 913,13,11,2020,895,1,2,2691,2,2,1,3,NEUVILLE-ST-AMAND (RTE DE),49.850564,3.267931
202 000 000 914,4,2,2020,793,1,17,17300,2,1,1,6,CHAUDRIER   RUE,46.16256,-1.15245
202 000 000 915,1,12,2020,980,1,1,1014,2,6,2,3,CD 31,46.275115,5.660406
202 000 000 916,1,12,2020,890,1,75,75120,2,3,1,2,RUE DES PYRENEES,48.858118,2.403376
202 000 000 917,1,12,2020,1170,5,75,75119,2,2,1,3,RUE MANIN,48.883226,2.387832
202 000 000 918,1,12,2020,1035,5,75,75119,2,1,8,7,BOULEVARD D ALGERIE,48.882146,2.400504
202 000 000 919,1,12,2020,765,1,75,75119,2,3,1,6,BOULEVARD MACDONALD,48.898774,2.374103
202 000 000 920,1,12,2020,415,5,75,75119,2,1,1,3,RUE CLAVEL,48.874555,2.385085
202 000 000 921,30,11,2020,1050,5,75,75118,2,4,1,3,RUE ORDENER,48.890878,2.353211
202 000 000 922,1,12,2020,735,1,75,75115,2,4,1,3,BOULEVARD PASTEUR,48.844545,2.311553
202 000 000 923,1,12,2020,810,1,75,75114,2,1,1,7,RUE PERNETY,48.832956,2.319729
202 000 000 924,1,12,2020,716,1,75,75112,2,3,1,5,RUE DE PICPUS,48.841093,2.398887
202 000 000 925,1,12,2020,480,1,75,75110,2,1,1,2,RUE DE DUNKERQUE,48.879655,2.356548
202 000 000 926,1,12,2020,679,1,75,75107,2,2,1,3,AVENUE DU MARECHAL GALLIENI,48.861044,2.313252
202 000 000 927,30,11,2020,1140,5,94,94068,2,9,1,3,HENRI MARTIN (AV),48.79806,2.48828
202 000 000 928,1,12,2020,585,1,94,94016,2,1,1,6,MARECHAL DE LATTRE DE TASSIGNY (AV DU),48.78765,2.33258
202 000 000 929,1,12,2020,1325,5,94,94022,2,1,1,6,VICTOR HUGO (AV),48.77069,2.42713
202 000 000 930,1,12,2020,1030,2,94,94022,2,3,1,7,MARECHAL DE LATTRE DE TASSIGNY (AV),48.75665,2.40457
202 000 000 931,1,12,2020,805,1,94,94019,2,1,1,3,Rue des Bordes,48.7978,2.54915
202 000 000 932,1,12,2020,440,5,94,94002,2,9,1,3,BLANQUI (QU),48.79826,2.42027
202 000 000 933,1,12,2020,610,1,93,93073,2,1,1,3,Avenue du Valquiou,48.9806,2.53131
202 000 000 934,1,12,2020,970,1,93,93070,2,1,1,6,BERTHOUD (RUE EUGENE),48.9057412,2.3465434
202 000 000 935,30,11,2020,750,1,93,93070,2,9,1,3,GABRIEL-PERI (AV),48.9077949,2.3324589
202 000 000 936,30,11,2020,1365,5,93,93050,2,9,8,6,ANDRE GIDE (ALLEE),48.8562746,2.5179698
202 000 000 937,1,12,2020,1000,2,93,93048,2,3,2,3,MADELEINE (RUE),48.8729114,2.4592149
202 000 000 938,1,12,2020,860,1,93,93048,2,3,1,3,DIDIER DAURAT (RUE),48.8704977,2.4532127
202 000 000 939,30,11,2020,1020,5,93,93029,2,1,1,6,HENRI BARBUSSE (AVE) N°126-280,48.9204204,2.4526739
202 000 000 940,1,12,2020,1080,5,92,92073,2,1,3,5,SELLIER (BOULEVARD HENRI),48.865543,2.219715
202 000 000 941,1,12,2020,485,2,92,92062,2,3,1,3,DE DION BOUTON (QUAI) DU 29 AU 65,48.8838854,2.2494953
202 000 000 942,30,11,2020,985,1,92,92036,2,2,1,3,CABOEUFS (RUE DES) (52/132),48.925096,2.307392
202 000 000 943,1,12,2020,480,2,92,92019,2,1,8,6,TURLURETS (RUE DES),48.7633619,2.274933
202 000 000 944,1,12,2020,1105,5,92,92007,2,1,1,7,BRIAND (AVENUE ARISTIDE) N° 2 A 98,48.80145,2.32376
202 000 000 945,1,12,2020,1125,3,18,18259,1,1,1,6,RD926,47.488079,2.723177
202 000 000 946,30,11,2020,1035,2,59,59278,2,1,2,6,Rue du Général de Gaulle,50.6087365,2.9621791
202 000 000 947,29,11,2020,1215,3,34,34311,1,1,1,-1,A75 - PK: 316+000,43.444804,3.40354
202 000 000 948,1,12,2020,565,1,87,87020,1,1,5,2,A20 PR169.100 sens CHATEAUROUX-LIMOGES,45.943276,1.308693
202 000 000 949,1,12,2020,1130,3,83,83096,1,1,1,1,Intersection rue de ste croix DN 7,43.467518,5.7872576
202 000 000 950,1,12,2020,615,1,51,51267,1,1,2,1,D27,49.2531375,3.8742415
202 000 000 951,23,10,2020,465,3,80,80521,1,1,5,4,D146,49.982963,2.850967
202 000 000 952,2,12,2020,445,3,80,80222,1,1,1,1,d938,50.256984,1.87215
202 000 000 953,1,12,2020,1140,3,22,22245,1,1,1,1,D74,48.63678,-3.387512
202 000 000 954,28,11,2020,645,1,25,25527,2,1,1,1,916 Chemin du Moulin de Bénusse,47.188506,5.854307
202 000 000 955,1,12,2020,1035,1,29,29260,2,1,1,6,Rue de Kerzouar,48.4266534,-4.6189401
202 000 000 956,1,12,2020,1095,3,31,31293,2,1,2,6,Route de la Plage,43.707516,1.381128
202 000 000 957,2,12,2020,410,2,38,38001,1,1,2,6,Route Nationale 75,45.564691,5.563304
202 000 000 958,2,12,2020,780,1,3,3246,1,1,2,6,N/A,46.353509,2.4571287
202 000 000 959,2,12,2020,360,3,58,58304,1,1,2,6,D977 - PK 56,47.3829436,3.3799106
202 000 000 960,1,12,2020,600,1,72,72138,2,1,1,7,Rue de l'Abbé Lelièvre,48.284796,0.23158
202 000 000 961,27,11,2020,655,1,72,72373,2,1,1,6,11 Rue de la Rivière,48.59526,0.736431
202 000 000 962,2,12,2020,440,2,40,40236,1,1,1,3,Départementale 58,43.680466,0.87351
202 000 000 963,1,12,2020,885,1,24,24087,1,1,1,1,Fongoumier,44.8898,1.9946
202 000 000 964,2,12,2020,480,2,4,4091,1,3,1,2,RD 4096 / RD 30,43.986718,5.911878
202 000 000 965,1,12,2020,890,1,19,19234,1,1,8,7,pk 199.800 A89,45.3047191,1.5843977
202 000 000 966,2,12,2020,980,1,38,38329,1,1,1,3,Route Napoléon,44.836548,5.884895