Num_Acc,jour,mois,an,hrmn,lum,dep,com,agg,int,atm,col,adr,lat,long
202 000 000 967,1,11,2020,1110,3,6,6088,1,1,1,6,A8 pk 185+300 nord,43.67083,7.201393
202 000 000 968,1,12,2020,1125,3,77,77333,1,1,8,5,A6 PK 70+600 direction Paris,48.28682,2.691693
202 000 000 969,2,12,2020,705,1,988,98825,1,2,7,3,Inersection avec la route de Crique Salé,-21.131142,164.889636
202 000 000 970,28,11,2020,705,1,988,98817,1,1,1,1,RPS1,-22.231765,166.546335
202 000 000 971,2,12,2020,570,1,974,97415,1,6,1,-1,N1a,-21.108622,55.255384
202 000 000 972,2,12,2020,810,1,95,95554,1,1,1,4,D14,49.16301,1.764443
202 000 000 973,27,11,2020,1340,5,21,21138,2,2,1,6,RUE GRANDE,47.181743,5.304192
202 000 000 974,28,11,2020,360,3,57,57511,1,3,5,6,D7,49.178183,6.73814
202 000 000 975,2,12,2020,600,1,38,38542,1,1,1,5,Route de Moras,45.690829,5.239298
202 000 000 976,2,12,2020,1095,3,85,85119,1,1,8,1,D755,46.97194,-1.128549
202 000 000 977,30,11,2020,1185,3,49,49301,1,1,1,2,RN 249- SAINT GERMAIN SUR MOINE,47.125666,-1.114426
202 000 000 978,30,11,2020,540,1,13,13203,1,1,1,3,A7-Sens Marseille vers Lyon,43.30732,5.37554
202 000 000 979,30,11,2020,1238,3,67,67471,1,1,2,2,Autoroute A4,48.63301,7.72402
202 000 000 980,26,11,2020,990,1,67,67482,1,1,1,2,Autoroute A.351,48.5862523,7.7193917
202 000 000 981,30,11,2020,425,3,33,33075,1,1,1,4,ROCADE A 630,44.89014,0.61259
202 000 000 982,29,11,2020,590,1,59,59646,1,1,5,2,ROUTE DEPARTEMENTALE 656,50.673388,3.11765
202 000 000 983,24,11,2020,530,2,62,62634,1,1,1,6,AUTOROUTE A16,50.93205,2.26463
202 000 000 984,1,12,2020,1095,3,91,91689,1,1,1,2,AUTOROUTE A6,48.728174,2.314049
202 000 000 985,1,12,2020,667,1,92,92002,1,1,1,5,AUTOROUTE A86,48.76114,2.29529
202 000 000 986,30,11,2020,370,3,91,91521,1,1,1,2,AUTOROUTE A6,48.66427,2.36522
202 000 000 987,1,12,2020,1290,3,78,78140,1,1,8,2,A13,48.960745,1.930592
202 000 000 988,1,12,2020,505,2,77,77122,1,1,1,-1,RN104,48.6508401,2.6116759
202 000 000 989,30,11,2020,1200,3,94,94069,1,1,1,6,A4,48.8171,2.4422
202 000 000 990,23,9,2020,1253,3,94,94078,2,1,2,6,NUNGESSER ET COLI (R),48.75105,2.44976
202 000 000 991,24,6,2020,895,1,92,92009,2,1,1,6,GENERAL LECLERC ( RUE DU ),48.913836,2.271803
202 000 000 992,30,11,2020,1040,5,75,75120,2,1,1,2,BOULEVARD PERIPHERIQUE,48.873965,2.411229
202 000 000 993,30,11,2020,1260,5,75,75120,2,4,1,3,RUE DES PYRENEES,48.871021,2.393135
202 000 000 994,30,11,2020,1015,1,75,75119,2,1,1,3,ROUTE DES PETITS PONTS,48.8917,2.398407
202 000 000 995,30,11,2020,503,1,75,75119,2,3,1,6,AVENUE DE FLANDRE,48.887773,2.373025
202 000 000 996,30,11,2020,545,1,75,75118,2,4,1,2,AVENUE DE LA PORTE DE LA CHAPELLE,48.899491,2.359386
202 000 000 997,30,11,2020,1070,5,75,75116,2,2,1,3,QUAI LOUIS BLERIOT,48.850704,2.277907
202 000 000 998,30,11,2020,1035,2,75,75116,2,7,1,3,PLACE DU TROCADERO ET DU 11 NOVEMBRE,48.862984,2.287901
202 000 000 999,29,11,2020,1030,3,75,75115,2,1,1,3,RUE DE LA CONVENTION,48.838948,2.292627
202 000 001 000,30,11,2020,670,1,75,75113,2,3,1,3,RUE PASCAL,48.834912,2.347968
202 000 001 001,30,11,2020,625,1,75,75113,2,4,1,3,BOULEVARD DE L HOPITAL,48.835691,2.358648
202 000 001 002,30,11,2020,1260,5,75,75112,2,1,1,4,ROUTE DE LA PYRAMIDE,48.837733,2.439969
202 000 001 003,30,11,2020,345,5,75,75110,2,2,1,3,RUE LA FAYETTE,48.882551,2.370212
202 000 001 004,30,11,2020,1118,5,75,75108,2,1,1,3,RUE SAINT LAZARE,48.875416,2.325415
202 000 001 005,29,11,2020,1390,3,75,75102,2,3,1,3,BOULEVARD DE BONNE NOUVELLE,48.870148,2.350486
202 000 001 006,30,11,2020,680,1,94,94003,2,1,1,2,ARISTIDE BRIAND (AV),48.81057,2.32683
202 000 001 007,30,11,2020,605,1,94,94076,2,1,1,3,VERDUN (R DE),48.79,2.35
202 000 001 008,30,11,2020,1110,5,94,94041,2,1,1,3,HOCHE (R),48.81206,2.37167
202 000 001 009,30,11,2020,658,1,94,94041,2,3,1,3,COLONEL FABIEN - PONT D'IVRY (BD DU),48.81453,2.40717
202 000 001 010,30,11,2020,645,1,94,94021,2,9,1,6,GEORGES GUYNEMER (AV),48.76472,2.3383
202 000 001 011,30,11,2020,695,1,93,93073,2,1,1,3,CHAPIT RE ( RUE DU),48.98349,2.54122
202 000 001 012,30,11,2020,465,1,93,93072,2,1,1,6,STALINGRAD (AVENUE) DES N°2 AU N°100,48.9499661,2.3863748
202 000 001 013,30,11,2020,830,1,93,93047,2,1,1,6,R DES JARDINS,48.8992657,2.5749103
202 000 001 014,30,11,2020,505,1,93,93014,1,1,1,6,GAGNY (ALLEE DE),48.9025667,2.5475597
202 000 001 015,30,11,2020,870,1,93,93010,2,1,1,6,GALLIENI (AV.) DE 177 A 211,48.90697,2.48695
202 000 001 016,30,11,2020,1350,5,93,93007,2,1,2,-1,"""MEYERBEER (RUE """"COTE IMPAIRS"""")""",48.9378947,2.4638225
202 000 001 017,30,11,2020,700,1,93,93001,2,1,1,6,FERRAGUS (RUE)  => 5/6,48.9140486,2.3811626
202 000 001 018,30,11,2020,1060,3,22,22304,1,1,8,7,kerpierres,48.553049,-3.20575
202 000 001 019,1,12,2020,860,1,68,68112,2,2,8,2,D430,47.903516,7.222143
202 000 001 020,1,12,2020,460,2,58,58227,2,1,1,1,La Chapelle,47.534603,3.37001
202 000 001 021,30,11,2020,390,3,44,44129,1,1,8,7,N165 PK 49+000,47.445715,-2.86823
202 000 001 022,30,11,2020,1035,1,33,33290,2,2,1,1,Route de Libourne,44.930301,0.133504
202 000 001 023,30,11,2020,600,1,69,69248,1,1,2,7,D8 E Lieud dit: Le pont GauthierMardore,46.62839,4.331145
202 000 001 024,28,11,2020,975,1,89,89419,2,1,1,2,32 Boulevard Pierre Larousse,47.734225,3.29781
202 000 001 025,30,11,2020,1207,3,55,55166,1,1,2,7,D34,49.89972,5.394416
202 000 001 026,1,12,2020,420,2,25,25489,1,1,4,1,Route de Bolandoz,47.10167,6.136782
202 000 001 027,29,11,2020,1245,3,35,35133,1,2,1,3,Le Bruchet,48.154203,-2.13876
202 000 001 028,1,12,2020,570,1,31,31135,2,2,1,-1,Rue du 4 Septembre,43.205418,1.85227
202 000 001 029,30,11,2020,1345,3,58,58250,1,1,1,6,Route de la Machine,46.854571,3.456295
202 000 001 030,28,11,2020,620,1,72,72172,2,1,7,3,33 Rue des Vignes,48.69438,0.587618
202 000 001 031,1,12,2020,435,3,14,14472,1,1,1,7,D39,48.956996,0.49739
202 000 001 032,1,12,2020,540,2,50,50412,2,3,1,6,Rue de la Graye,49.33496,-1.694899
202 000 001 033,1,12,2020,703,1,50,50410,1,1,1,2,Route nationale 175,48.570211,-1.464701
202 000 001 034,1,12,2020,555,1,60,60497,1,1,1,7,RD 938PK 18.350,49.494988,2.32378
202 000 001 035,30,11,2020,950,2,36,36037,2,1,1,6,16 Rue de la Mairie,46.941185,1.801801
202 000 001 036,30,11,2020,1290,5,24,24352,2,9,1,6,Route de Perigueux,45.252527,0.348816
202 000 001 037,30,11,2020,1035,2,4,4079,2,1,1,6,Rue de la grande fontaine,44.85211,6.25105
202 000 001 038,30,11,2020,710,2,28,28280,2,1,1,1,Rue Abbé Beulé,48.321635,0.81817
202 000 001 039,30,11,2020,1160,3,28,28324,1,1,1,3,D24,48.484994,1.28929
202 000 001 040,1,12,2020,650,1,17,17218,2,7,1,6,Place de la république,46.31143,0.99511
202 000 001 041,30,11,2020,60,3,24,24035,1,1,1,6,Le Moulin de Lastours,44.758969,1.16085
202 000 001 042,25,11,2020,510,1,987,98738,1,1,3,-1,Route de Punavai Montagne,-17.618416,-149.570803
202 000 001 043,30,11,2020,1030,5,6,6088,1,1,1,3,A8 - PK 199+930 NORD,43.733554,7.283399
202 000 001 044,1,12,2020,510,1,25,25320,1,1,4,7,D9,46.778479,6.306581
202 000 001 045,28,11,2020,970,1,974,97422,2,3,1,1,Rue Jean de Fos du Rau,-21.228059,55.551213
202 000 001 046,7,11,2020,1080,3,972,97228,1,1,8,-1,Bon Air,14.748043,-61.4323
202 000 001 047,30,11,2020,1050,2,33,33085,1,3,1,1,Route de Creon,44.76932,0.44662
202 000 001 048,23,11,2020,1165,3,84,84092,2,1,1,1,D28,43.952722,4.866981
202 000 001 049,30,11,2020,1075,3,13,13107,1,1,1,2,CD6,43.425722,5.444762
202 000 001 050,30,11,2020,510,2,89,89257,2,3,1,3,D377,47.956784,3.505052
202 000 001 051,30,11,2020,1035,2,73,73068,1,2,1,3,RD 1006 et D204,45.562171,6.205924
202 000 001 052,30,11,2020,480,1,44,44201,1,1,1,7,la marvilliere,47.326672,-1.537131
202 000 001 053,28,11,2020,619,1,1,1224,2,1,1,6,Rue du Bugey,45.774737,5.206516
202 000 001 054,1,12,2020,1055,3,17,17395,1,1,1,4,N141,45.725446,0.502732
202 000 001 055,27,11,2020,878,1,17,17240,2,1,1,6,11 Rue du Bois des Granges,45.288886,0.408425
202 000 001 056,27,11,2020,520,1,33,33165,2,3,1,1,97 Avenue de l'Entre 2 Mers,44.825456,0.437662
202 000 001 057,10,11,2020,395,3,44,44073,1,2,2,3,Sainte Anne,47.427517,-1.602298
202 000 001 058,1,12,2020,1035,3,27,27279,1,1,1,7,Route départementale 7,49.117587,1.60004
202 000 001 059,1,12,2020,440,2,59,59471,1,1,2,1,Route d'Aulnoy cd 73,50.319134,3.567252
202 000 001 060,30,11,2020,970,1,13,13005,1,1,1,6,A50-Sens Aubagne vers Marseille,43.28453,5.57228
202 000 001 061,30,11,2020,600,1,13,13056,1,1,1,7,A55-Sens Martigues vers Marseille,43.3969405,5.710702
202 000 001 062,30,11,2020,460,3,33,33448,1,1,1,2,AUTOROUTE A 62,44.70039,0.50172
202 000 001 063,30,11,2020,745,1,91,91235,1,1,1,7,RN 104,48.6242,2.367
202 000 001 064,30,11,2020,475,3,91,91553,1,1,1,3,RN 104,48.6285,2.4804
202 000 001 065,30,11,2020,385,3,91,91064,1,1,1,7,RN 118,48.749,2.1857
202 000 001 066,30,11,2020,1060,5,92,92050,1,1,1,4,A86,48.905219,2.208756
202 000 001 067,30,11,2020,735,1,92,92064,1,1,1,2,A13,48.8395693,2.2020815
202 000 001 068,25,2,2020,830,1,50,50602,1,2,2,4,EST (BOULEVARD DE L'),49.63513,-1.58638
202 000 001 069,5,3,2020,352,3,49,49007,2,1,3,4,DUNANT BOULEVARD,47.48772,0.54109
202 000 001 070,5,3,2020,835,1,49,49267,2,1,3,7,MONTAIGNE AVENUE,47.46641,0.51594
202 000 001 071,2,3,2020,897,1,49,49007,2,1,1,7,GALLIENI BOULEVARD,47.48617,0.52985
202 000 001 072,6,3,2020,450,2,45,45234,2,6,7,3,Rue du Nécotin - Rue des Prateaux,47.9277,1.93773
202 000 001 073,5,3,2020,785,1,44,44184,2,1,1,6,RD 92,47.256504,-2.25825
202 000 001 074,5,3,2020,740,1,44,44184,1,2,2,3,D537,47.281481,-2.228816
202 000 001 075,5,3,2020,1240,5,38,38563,2,1,2,-1,Cours Senozan,45.36529,5.59094
202 000 001 076,6,3,2020,985,1,37,37261,2,1,1,4,WAGNER (BOULEVARD RICHARD),47.3743879,0.7043285
202 000 001 077,6,3,2020,989,1,35,35238,2,1,2,7,VILLEBOIS MAREUIL (BD),48.10998,-1.65507
202 000 001 078,6,3,2020,475,1,35,35238,2,1,2,3,DONZELOT (AVENUE PIERRE),48.12338,-1.63958
202 000 001 079,6,3,2020,320,5,35,35238,2,1,8,6,VERN (DE),48.9465,-1.64977
202 000 001 080,6,3,2020,375,1,35,35238,2,1,1,3,RD 837,48.922,-1.62862
202 000 001 081,6,3,2020,105,5,35,35238,2,1,1,2,GUEHENNO (JEAN),48.11823,-1.6709
202 000 001 082,8,1,2020,570,1,35,35238,2,2,2,6,7 rue VANEAU,48.1086159,-1.6929775
202 000 001 083,4,3,2020,1390,5,34,34172,2,5,1,2,DUBOUT (AVENUE ALBERT),43.59695,3.88057
202 000 001 084,6,3,2020,590,1,33,33063,2,1,3,2,Rue de la Motte Picquet,44.87329,0.56068
202 000 001 085,6,3,2020,535,1,31,31555,1,1,2,5,VA007331 A620,43.59314,1.39831
202 000 001 086,5,3,2020,960,1,31,31149,2,1,2,3,ALLEE DE BRESSE,43.62104,1.33023
202 000 001 087,4,3,2020,885,1,31,31555,1,1,2,6,RD916,43.5579,1.49461
202 000 001 088,6,3,2020,525,1,29,29051,1,1,2,6,Rue du Cimetiere,47.9953,-4.3328
202 000 001 089,5,3,2020,1030,1,29,29232,1,1,1,2,Route de Cuzon,48.1297,-4.76
202 000 001 090,6,3,2020,805,1,29,29019,2,3,1,5,Rue de Tréornou,48.4111502,-4.4996327
202 000 001 091,5,3,2020,495,1,29,29019,2,6,1,5,Avenue Georges Pompidou,48.413884,-4.4796002
202 000 001 092,6,3,2020,690,1,27,27681,2,9,1,2,IVRY (ROUTE D'),49.7947,1.47548
202 000 001 093,6,3,2020,1090,2,25,25634,1,1,1,1,R-N 57.,46.93428,6.34292
202 000 001 094,5,3,2020,830,1,22,22278,2,1,1,7,BEAUVALLON (ALL. DE),48.5031,-2.754215
202 000 001 095,6,3,2020,1305,5,14,14118,1,1,1,2,DETOLLE (BOULEVARD ANDRE),49.178875,0.388834
202 000 001 096,6,3,2020,885,1,14,14118,2,1,1,6,MONNET (AVENUE JEAN),49.2026703,0.3856617
202 000 001 097,6,3,2020,562,1,14,14167,2,1,1,2,WILKIN (RUE DES FRERES),49.20596,0.29914
202 000 001 098,6,3,2020,1240,5,13,13215,2,1,1,3,VISTE (AVENUE DE LA),43.359,5.3577
202 000 001 099,6,3,2020,1150,5,13,13207,2,1,1,1,Corniche John Fitzgérald Kennedy,43.278793,5.354242
202 000 001 100,6,3,2020,1065,1,13,13213,2,1,1,2,JEAN PAUL SARTRE (AVENUE),43.31451,5.40705
202 000 001 101,7,3,2020,104,5,10,10343,2,1,1,7,CANAL (RUE DU),48.27315,4.8979
202 000 001 102,6,3,2020,780,1,8,8105,2,9,1,6,Rue André Joseph,49.7379,4.7096
202 000 001 103,6,3,2020,375,5,6,6088,2,2,1,3,JOLY (CORNICHE ANDRE DE),43.702,7.2947
202 000 001 104,6,3,2020,1350,5,6,6083,2,9,1,3,SOLEIL (PROMENADE DU N° 850 A 960),43.7715,7.4966
202 000 001 105,6,3,2020,1200,5,75,75120,2,1,1,5,PORTE DE BAGNOLET,48.865153,2.413215
202 000 001 106,6,3,2020,915,1,75,75120,2,1,1,5,PORTE DES LILAS,48.869643,2.413267
202 000 001 107,6,3,2020,775,1,75,75120,2,1,8,-1,BD PERIPHERIQUE INTERIEUR,48.861712,2.413697
202 000 001 108,4,3,2020,1095,3,75,75118,2,4,1,6,AVENUE DE SAINT OUEN,48.890435,2.326587
202 000 001 109,5,3,2020,1245,5,75,75106,2,1,2,3,RUE DES SAINTS PERES,48.854031,2.330189
202 000 001 110,6,3,2020,995,1,75,75120,2,4,1,3,RUE DES PARTANTS,48.865115,2.391869
202 000 001 111,6,3,2020,858,1,75,75120,2,4,1,6,RUE DE BAGNOLET,48.862693,2.40667
202 000 001 112,5,3,2020,825,1,75,75120,2,1,8,3,RUE HAXO,48.874739,2.403073
202 000 001 113,6,3,2020,1355,5,75,75119,2,1,1,3,AVENUE JEAN JAURES,48.883396,2.372575
202 000 001 114,6,3,2020,840,1,75,75118,2,4,1,5,AVENUE DE LA PORTE DE MONTMARTRE,48.898462,2.336864
202 000 001 115,6,3,2020,520,1,75,75117,2,2,8,6,RUE TARBE,48.886322,2.313971
202 000 001 116,5,3,2020,900,1,75,75116,2,1,1,3,RUE CHARDON LAGACHE,48.844461,2.266153
202 000 001 117,6,3,2020,1250,5,75,75115,2,3,1,3,AVENUE DE SUFFREN,48.85052,2.302062
202 000 001 118,6,3,2020,1215,5,75,75115,2,2,1,2,RUE LOUIS ARMAND,48.833469,2.276202
202 000 001 119,6,3,2020,860,1,75,75115,2,2,1,6,RUE DE LA CONVENTION,48.837234,2.296432
202 000 001 120,6,3,2020,770,1,75,75113,2,3,1,6,RUE DU JAVELOT,48.826811,2.365045
202 000 001 121,6,3,2020,778,1,75,75112,2,1,8,6,QUAI DE LA RAPEE,48.844014,2.36933
202 000 001 122,5,3,2020,1140,5,75,75112,2,7,3,2,PLACE FELIX EBOUE,48.839364,2.395801
202 000 001 123,6,3,2020,720,1,75,75110,2,3,1,6,RUE DU FAUBOURG DU TEMPLE,48.871032,2.374125
202 000 001 124,6,3,2020,540,1,75,75110,2,3,1,-1,RUE DES PETITES ECURIES,48.8733964,2.3526469
202 000 001 125,6,3,2020,165,5,75,75109,2,3,1,-1,AVENUE TRUDAINE,48.880723,2.3402564
202 000 001 126,6,3,2020,135,5,75,75110,2,2,2,-1,BOULEVARD DE STRASBOURG,48.873337,2.356529
202 000 001 127,6,3,2020,120,5,75,75107,2,3,2,2,QUAI D ORSAY,48.862331,2.307492
202 000 001 128,5,3,2020,960,1,75,75115,2,3,2,3,AVENUE DE SUFFREN,48.853905,2.296632
202 000 001 129,5,3,2020,1215,5,75,75104,2,3,2,6,BOULEVARD HENRI IV,48.851539,2.36369
202 000 001 130,6,3,2020,745,1,75,75104,2,2,1,7,RUE DES DEUX PONTS,48.8518436,2.3565483
202 000 001 131,5,3,2020,565,1,94,94081,2,1,2,6,HENRI BARBUSSE (AV),48.79267,2.38924
202 000 001 132,26,2,2020,880,1,94,94081,2,1,1,6,CAMILLE GROULT (R),48.789127,2.400816
202 000 001 133,6,3,2020,965,1,94,94067,2,1,1,6,GENERAL DE GAULLE (AV DU),48.8372231,2.4171431
202 000 001 134,6,3,2020,1255,5,94,94074,2,2,1,6,RU DE GIRONDE (AV DU),48.742,2.4663
202 000 001 135,3,3,2020,695,1,94,94058,2,1,1,5,ALSACE LORRAINE (BD D),48.85,2.5
202 000 001 136,6,3,2020,420,1,94,94003,2,1,8,4,ARISTIDE BRIAND (AV),48.80541,2.3255
202 000 001 137,6,3,2020,720,1,94,94028,2,1,1,3,SEBASTIEN(VILLA),48.78917,2.46536
202 000 001 138,6,3,2020,480,1,94,94028,2,1,8,2,POINCARE.(RUE RAYMOND),48.78315,2.44347
202 000 001 139,6,3,2020,640,1,93,93070,2,1,1,3,DOCTEUR BAUER(RUE DU) :N°  75 AU 129,48.9081806,2.3404661
202 000 001 140,6,3,2020,1070,1,93,93066,2,1,1,3,FORT DE LA BRICHE,48.9453685,2.3427319
202 000 001 141,6,3,2020,1210,5,93,93077,2,1,1,6,R DE NEUILLY,48.87764,2.52192
202 000 001 142,6,3,2020,1045,1,93,93055,2,2,1,6,JEAN JAURES (AVENUE) (2/74),48.90356,2.39212
202 000 001 143,6,3,2020,615,1,93,93050,2,1,1,3,MARECHAL FOCH (AVENUE) COTE IMPAIR,48.8552293,2.5249887
202 000 001 144,5,3,2020,470,2,93,93079,2,1,2,6,ROGER SALENGRO,48.9628503,2.3441062
202 000 001 145,3,3,2020,940,1,93,93031,2,9,1,5,Route de Saint-Leu,48.9487785,2.342812
202 000 001 146,6,3,2020,505,1,93,93029,2,1,1,6,R ARMAND CARREL,48.92295,2.42171
202 000 001 147,6,3,2020,1140,5,93,93014,2,1,8,6,GAGNY (ALLEE DE),48.905947,2.5490443
202 000 001 148,6,3,2020,1230,5,93,93010,2,1,1,6,VAILLANT (RUE EDOUARD) 24 A 96,48.8955927,2.4880001
202 000 001 149,6,3,2020,990,1,92,92073,2,1,1,6,VERDUN (RUE DE),48.875485,2.2315711
202 000 001 150,6,3,2020,530,1,92,92073,2,1,1,6,REGNAULT (RUE HENRI),48.86098,2.21914
202 000 001 151,6,3,2020,5,5,92,92063,2,2,2,3,HUGO (AVENUE VICTOR),48.88681,2.17443
202 000 001 152,5,3,2020,900,1,92,92040,2,1,2,7,PONT D ISSY,48.830301,2.259417
202 000 001 153,5,3,2020,820,1,92,92040,2,9,1,-1,RODIN (BOULEVARD),48.81865,2.25777
202 000 001 154,6,3,2020,460,2,92,92036,2,3,1,-1,LOUIS ROCHE (AVENUE) (1/45),48.92248,2.323022
202 000 001 155,6,3,2020,605,1,92,92012,2,1,8,6,THIERS (RUE) 1/65,48.837415,2.248065
202 000 001 156,5,3,2020,1410,5,92,92009,2,9,6,2,CHARLES-DE-GAULLE ( AVENUE ),48.9194062,2.2763777
202 000 001 157,5,3,2020,1020,1,92,92004,2,1,3,2,VOLTAIRE ( BD 16 A FIN ),48.91702,2.28756
202 000 001 158,7,3,2020,140,3,10,10240,1,1,1,6,D660,48.277153,3.906239
202 000 001 159,6,3,2020,935,1,44,44051,1,1,2,7,D537,47.691754,-1.690553
202 000 001 160,6,3,2020,712,1,56,56199,1,1,1,2,Keranrous RD1,48.139516,-3.671365
202 000 001 161,3,3,2020,810,1,74,74256,2,2,1,3,7 Rue Saint Joseph,45.937271,6.627109
202 000 001 162,6,3,2020,920,1,65,65138,2,4,4,6,10 Avenue du Mamelon Vert,42.888303,0.115995
202 000 001 163,6,3,2020,1380,3,32,32305,1,1,2,6,D152,43.822762,0.86753
202 000 001 164,6,3,2020,950,1,11,11261,1,1,6,5,D6113,43.183353,2.66589
202 000 001 165,6,3,2020,135,3,89,89481,1,1,2,2,D200,47.7825901,4.379203
202 000 001 166,7,3,2020,630,1,63,63110,1,1,1,7,D80 - La Foret,45.8388321,2.6807147
202 000 001 167,6,3,2020,1370,3,63,63040,1,1,2,1,D212,45.724008,3.290405
202 000 001 168,6,3,2020,1095,1,39,39081,1,1,1,5,N/A,46.865166,5.715023
202 000 001 169,6,3,2020,1340,1,44,44079,1,1,2,6,N/A,47.219408,-1.307244
202 000 001 170,5,3,2020,1185,1,44,44127,1,3,2,3,ROUTE DE LA ROBERTIERE,47.14198,-1.440298
202 000 001 171,1,3,2020,1420,3,29,29130,2,1,3,6,Route de Plouzané,48.375124,-4.643294
202 000 001 172,2,3,2020,1390,3,13,13036,1,1,1,2,Route de Chateaurenard,43.844718,4.842621
202 000 001 173,6,3,2020,1100,2,15,15221,1,1,3,1,RN 122- Route de Figeac,44.880882,2.3323
202 000 001 174,7,3,2020,510,1,6,6079,2,2,1,-1,Avenue de Cannes,43.540851,6.936136
202 000 001 175,7,3,2020,1005,1,5,5046,1,1,1,5,Route nationale 94,44.579173,6.511395
202 000 001 176,7,3,2020,1020,1,45,45224,1,1,1,6,D11 - PR  36 + 900,48.82989,2.5402
202 000 001 177,6,3,2020,795,1,45,45053,1,3,8,3,D2007 - D50,47.60812,2.776309
202 000 001 178,2,3,2020,390,5,64,64443,1,1,6,6,Départementale 2,43.357669,0.582769
202 000 001 179,6,3,2020,1050,1,64,64259,1,1,4,6,CD 22,43.298565,-1.247592
202 000 001 180,29,2,2020,900,1,43,43212,1,3,2,3,D12,45.353401,3.978091
202 000 001 181,7,3,2020,210,3,16,16106,1,1,1,6,Ld Le Petit Negrat,46.373503,0.6712218
202 000 001 182,7,2,2020,1000,2,16,16016,2,3,1,3,Route d'Angoulême,45.993213,0.643376
202 000 001 183,20,2,2020,910,1,7,7304,2,1,1,7,Route de Barjac,44.394584,4.378674
202 000 001 184,7,3,2020,75,3,27,27638,1,1,1,6,Route de la Saussaye,49.262946,0.970209
202 000 001 185,6,3,2020,770,1,27,27284,2,1,1,1,D181,49.269765,1.786137
202 000 001 186,7,3,2020,420,2,27,27630,2,1,1,6,Rue du Hery,49.152447,0.792459
202 000 001 187,7,3,2020,810,1,28,28385,2,1,1,6,Rue le Blottier,48.405731,1.130739
202 000 001 188,6,3,2020,1130,2,37,37167,2,2,1,1,D766,47.5466563,0.5470538
202 000 001 189,7,3,2020,60,3,30,30114,1,9,1,4,D6110,43.83697,4.98192
202 000 001 190,6,3,2020,1290,3,30,30006,1,2,1,3,N113,43.694504,4.168029
202 000 001 191,6,3,2020,945,1,30,30148,1,1,1,3,D35,43.887112,4.4508
202 000 001 192,6,3,2020,600,1,24,24194,2,9,1,3,Croisement D936 / D4,44.837017,0.332873
202 000 001 193,6,3,2020,1055,1,31,31430,1,1,4,3,A64,43.107688,0.610664
202 000 001 194,7,3,2020,1135,3,6,6085,1,1,1,1,Route de Vallauris,43.600906,7.34715
202 000 001 195,6,3,2020,1105,3,33,33042,1,1,3,6,A 63 PK 043.355,44.47176,0.82391
202 000 001 196,14,2,2020,1010,1,86,86083,1,1,1,4,Autoroute A10,46.51109,0.151298
202 000 001 197,1,3,2020,1140,3,60,60541,1,1,2,3,Autoroute A1,49.304447,2.685728
202 000 001 198,23,2,2020,480,2,78,78564,1,1,1,2,A10,48.521108,1.908114
202 000 001 199,7,3,2020,570,1,988,98822,1,1,1,1,Tribu d'INA/POINDIMIE,-20.93726,165.35387
202 000 001 200,7,3,2020,405,1,988,98831,1,1,1,7,ROUTE DE BOYEN,-20.839311,164.612854
202 000 001 201,6,3,2020,1395,5,77,77382,2,1,1,7,232 Avenue du Marechal Foch - D436,48.904205,2.879915
202 000 001 202,6,3,2020,1125,2,34,34162,1,1,1,1,D613,43.478631,3.462174
202 000 001 203,6,3,2020,1410,5,84,84129,2,9,1,1,D907,44.9992,4.86906
202 000 001 204,7,3,2020,770,1,83,83076,1,1,1,1,RD 95 PR 5+950,43.353877,5.913434
202 000 001 205,6,3,2020,1075,2,25,25047,2,1,8,6,9 Avenue du General Leclerc,47.351846,6.356476
202 000 001 206,7,3,2020,355,5,71,71176,2,2,1,6,Avenue du General de Gaulle,46.4831519,3.9855122
202 000 001 207,6,3,2020,750,1,21,21390,1,1,1,6,54 Route de Beaune,47.283783,4.978518
202 000 001 208,7,3,2020,330,3,3,3076,1,1,8,6,N/A,46.5809843,3.4437249
202 000 001 209,7,3,2020,775,1,74,74262,1,1,1,5,D903,46.131315,6.312761
202 000 001 210,5,3,2020,1280,3,38,38545,2,1,2,1,Rue Gustave Guerre,45.4576,5.66242
202 000 001 211,8,2,2020,801,1,26,26362,2,3,1,1,30 Chemin du Chantre,44.95479,4.926117
202 000 001 212,7,3,2020,930,1,69,69094,2,6,1,2,5 Avenue Benoit Launay,45.741138,4.690989
202 000 001 213,6,3,2020,1100,1,69,69288,2,1,2,3,10 Avenue Jean Moulin,45.690571,5.37634
202 000 001 214,6,3,2020,585,1,61,61433,1,1,1,7,D26,48.534255,0.5712
202 000 001 215,7,3,2020,120,3,50,50564,1,1,8,6,39 Rue du Mesnil,49.261696,-1.27663
202 000 001 216,6,3,2020,960,1,14,14762,2,3,1,3,La Papillonniere,48.869648,0.868735