Num_Acc,jour,mois,an,hrmn,lum,dep,com,agg,int,atm,col,adr,lat,long
202 000 001 711,23,6,2020,1080,1,1,1067,1,1,1,3,A40,46.112567,5.47914
202 000 001 712,22,6,2020,450,1,27,27036,1,2,1,3,Route Nationale 12 PK 022.300,48.743257,0.971668
202 000 001 713,16,6,2020,1050,1,976,97605,1,1,2,1,CCD7 route de sohoa,-12.81925,45.109134
202 000 001 714,23,6,2020,830,1,77,77191,1,1,1,3,17 Route de Nangis - D408,48.55616,2.957798
202 000 001 715,24,6,2020,795,1,95,95535,1,1,1,5,D28,49.50175,1.956489
202 000 001 716,16,6,2020,970,1,6,6028,1,1,3,1,Route de la Plaine de Caille,43.781124,6.760824
202 000 001 717,24,6,2020,650,1,13,13042,1,1,1,1,D2,43.312829,5.666199
202 000 001 718,24,6,2020,375,1,67,67295,1,1,7,2,RD62,48.392624,7.45417
202 000 001 719,23,6,2020,1290,1,73,73006,1,1,1,1,N90,45.550128,6.625606
202 000 001 720,23,6,2020,1050,1,42,42147,2,6,1,3,Rue de Beauregard,45.609125,4.54867
202 000 001 721,22,6,2020,840,1,38,38085,2,6,1,3,Route de Lyon,45.749734,5.166176
202 000 001 722,23,6,2020,970,1,69,69206,1,1,1,7,D20,46.732346,4.7449964
202 000 001 723,24,6,2020,490,1,69,69203,1,1,1,7,Route de Duerne,45.692092,4.503107
202 000 001 724,23,6,2020,850,1,9,9268,1,6,7,3,route de toulouse,43.5192,1.126957
202 000 001 725,24,6,2020,990,1,60,60079,1,2,1,3,D922,49.147664,2.871754
202 000 001 726,23,6,2020,1005,1,13,13033,1,1,1,4,A55-Sens Marseille vers Martigues,43.3734,5.1922
202 000 001 727,23,6,2020,1060,1,13,13211,1,1,1,4,A50-Sens Marseille vers Aubagne,43.29224,5.45339
202 000 001 728,23,6,2020,970,1,13,13202,1,1,1,6,A55-Sens Marseille vers Martigues,43.323878,5.362914
202 000 001 729,18,6,2020,385,1,13,13005,1,1,1,7,A52-Sens Toulon vers Pont de l'Etoile,43.31968,5.592642
202 000 001 730,23,6,2020,740,1,13,13215,1,1,1,3,A7-Sens Marseille vers Lyon,43.370368,5.361157
202 000 001 731,22,6,2020,870,1,13,13005,1,1,1,2,A50-Sens Marseille vers Aubagne,43.2875,5.5436
202 000 001 732,22,6,2020,445,1,83,83137,1,1,2,2,A57,43.1322559,5.9815594
202 000 001 733,22,6,2020,1170,1,69,69259,1,1,1,3,RD 383,45.72198,4.88652
202 000 001 734,23,6,2020,300,3,33,33366,1,1,1,6,AUTOROUTE A 10,44.98304,0.42872
202 000 001 735,22,6,2020,445,1,59,59569,1,1,1,3,AUTOROUTE A21,50.381103,3.139242
202 000 001 736,23,6,2020,1101,1,94,94037,1,1,1,3,AUTOROUTE A6B,48.8159951,2.3568556
202 000 001 737,23,6,2020,1065,1,91,91103,1,1,1,2,RN 104,48.6242,2.2992
202 000 001 738,23,6,2020,940,1,91,91589,1,1,1,3,AUTOROUTE A6,48.6793,2.3342001
202 000 001 739,22,6,2020,1385,5,94,94038,1,1,1,7,AUTOROUTE A6B,48.78689,2.34503
202 000 001 740,23,6,2020,810,1,78,78133,1,1,1,2,A13,48.893853,2.8026
202 000 001 741,22,6,2020,515,1,78,78043,1,1,1,6,A12 Y,48.834181,2.86155
202 000 001 742,22,6,2020,1080,1,95,95018,1,1,1,2, A15,48.95675,2.27697
202 000 001 743,23,6,2020,1125,1,94,94081,1,1,1,2,A86 INT,48.77458,2.41078
202 000 001 744,23,6,2020,1105,1,94,94028,1,1,1,2,RN406.W,48.77613,2.4352
202 000 001 745,23,6,2020,1010,1,94,94028,1,1,1,3,A86 EXT,48.77631,2.43635
202 000 001 746,23,6,2020,220,3,77,77122,1,1,8,7,RN104,48.6463534,2.5931423
202 000 001 747,22,6,2020,1120,1,94,94017,1,1,1,7,A4,48.8301974,2.4942611
202 000 001 748,22,6,2020,1060,1,77,77373,1,1,1,2,RN104,48.7896238,2.6178744
202 000 001 749,21,6,2020,1395,5,974,97411,2,3,1,7, Boulevard Notre Dame de la Trinité,-20.89304,55.4662
202 000 001 750,22,6,2020,5,3,974,97407,2,6,1,7,ROND POINT DE LA GLACIERE,-20.93379,55.29197
202 000 001 751,22,6,2020,1070,1,69,69383,2,1,1,3,ROCKEFELLER                         (AV),45.74113,4.88595
202 000 001 752,22,6,2020,705,1,69,69276,2,1,1,2,VENISSIEUX (DE)                         ,45.67952,4.86436
202 000 001 753,22,6,2020,730,1,69,69149,2,2,7,3,EMILE ZOLA                          (BD),45.71967,4.80194
202 000 001 754,21,6,2020,1305,3,971,97101,1,1,1,3,PERRIN,16.29011,-61.51139
202 000 001 755,21,6,2020,460,1,971,97101,1,1,1,6,RN1 ROCADE DE CHAUVEL,16.2430789,-61.5227067
202 000 001 756,22,6,2020,595,1,91,91201,2,1,1,-1,HENRI BARBUSSE(BOULEVARD),48.67645,2.41105
202 000 001 757,20,6,2020,1052,1,87,87085,2,1,1,6,GAY-LUSSAC (COURS),45.83576,1.26275
202 000 001 758,19,6,2020,1102,1,87,87085,2,1,1,6,POMPIDOU (AVENUE GEORGES),45.81914,1.26516
202 000 001 759,19,6,2020,804,1,87,87085,2,1,1,2,MENDES FRANCE (RUE PIERRE),45.88948,1.28096
202 000 001 760,19,6,2020,955,1,85,85194,2,1,1,6,Route Bleue,46.49115,-1.80522
202 000 001 761,21,6,2020,1275,1,81,81163,2,1,1,7,SANCTA MARIA,43.4895158,2.4003679
202 000 001 762,19,6,2020,860,1,80,80021,1,1,2,7,ROCADE NORD RN 1,49.92737,2.30421
202 000 001 763,6,5,2020,835,1,78,78545,2,3,1,3,JAURES (AVENUE JEAN ),48.799798,2.67412
202 000 001 764,19,6,2020,1030,1,76,76351,2,2,1,-1,VALLEE (RUE DE LA),49.49508,0.15522
202 000 001 765,22,6,2020,600,1,76,76217,2,1,1,6,AVENUE JEAN JAURES,49.910109,1.668969
202 000 001 766,20,6,2020,680,1,69,69290,2,3,1,3,EGALITE (DE L')                     (R ),45.69286,4.94642
202 000 001 767,22,6,2020,1100,1,69,69096,2,1,1,3,SABATIER (ANDRE) ( R ),45.60952,4.77604
202 000 001 768,18,6,2020,915,1,68,68066,2,9,1,6,Rue de la Semm,48.69117,7.370249
202 000 001 769,19,6,2020,1000,1,67,67482,2,6,8,3,ELFTERRAIN (RUE DE L ),48.583928,7.714387
202 000 001 770,20,6,2020,930,1,67,67482,2,1,1,1,PECHEURS (QUAI DES),48.583427,7.758126
202 000 001 771,19,6,2020,965,1,67,67218,2,1,8,3,STRASBOURG (AVENUE DE),48.54281,7.73587
202 000 001 772,22,6,2020,810,1,64,64545,1,1,1,1,ORIO (RUE D'),43.3559,-1.7459
202 000 001 773,21,6,2020,730,1,64,64102,2,1,1,7,RESPLANDY (AVENUE DU CAPITAINE),43.4898,-1.4672
202 000 001 774,16,5,2020,700,1,62,62413,2,1,1,6,LENS (RTE DE),50.44037,2.88469
202 000 001 775,11,2,2020,730,1,62,62427,2,1,1,6,PIETTE (BD JACQUES) ),50.409994,2.963964
202 000 001 776,22,6,2020,820,1,59,59599,2,2,7,5,TESTELIN (RUE ACHILLE),50.734631,3.185392
202 000 001 777,19,6,2020,1405,5,57,57368,2,1,1,7,RIMMEL (RUE VICTOR),49.34182,6.1966
202 000 001 778,19,6,2020,900,1,56,56121,2,3,1,6,INDES ( QUAI DES ),47.74637,-3.36151
202 000 001 779,21,6,2020,800,1,54,54547,2,1,1,-1,RD 674,48.6705,6.1929
202 000 001 780,19,6,2020,1190,1,52,52448,2,2,9,3,PISANI (boulevard Edgard),48.63914,4.97191
202 000 001 781,20,6,2020,161,5,49,49007,2,1,1,3,VOLTAIRE,47.4693,0.55293
202 000 001 782,22,6,2020,1130,1,45,45075,2,1,1,3,D2152 - PR 65+180,47.8886754,1.8346436
202 000 001 783,22,6,2020,510,1,45,45234,2,3,1,3,Quai du Chatelet,47.897914,1.907138
202 000 001 784,22,6,2020,760,1,37,37261,2,2,1,3,TOURCOING (RUE DE),47.4214474,0.6860549
202 000 001 785,22,6,2020,1050,1,33,33069,1,3,1,2,AVE DE TIVOLI / AVE D'AQUITAINE,44.87344,0.60002
202 000 001 786,22,6,2020,945,1,33,33318,2,3,1,6,AVE DU GENERAL LECLERC / RUE LEON MORIN,44.79601,0.66728
202 000 001 787,11,6,2020,284,4,33,33162,1,6,2,2,RTE DE LACANAU / AVE JEAN MERMOZ,44.8754085,0.6604393
202 000 001 788,16,6,2020,1081,1,33,33063,2,2,1,6,CRS VICTOR HUGO / RUE SAINT-JAMES,44.8350649,0.5713267
202 000 001 789,21,6,2020,140,5,33,33529,2,1,1,3,OCEAN (BD DE L'),44.61379,-1.20211
202 000 001 790,20,6,2020,1060,1,32,32013,2,1,1,2,CHARLES CROS,43.66434,0.59232
202 000 001 791,21,6,2020,596,1,32,32013,1,1,1,7,TOULOUSE (ROUTE DE),43.6574,0.6278
202 000 001 792,22,6,2020,50,5,31,31555,2,3,1,3,BD PIERRE PAUL RIQUET,43.60504,1.45659
202 000 001 793,21,6,2020,825,1,31,31149,2,1,1,3,RP GALILEE,43.60943,1.3079
202 000 001 794,20,6,2020,160,5,31,31555,2,1,1,6,BD DE LA GARE,43.60393,1.45723
202 000 001 795,19,6,2020,970,1,31,31149,2,1,1,6,BD DE L'EUROPE,43.60184,1.3523
202 000 001 796,19,6,2020,485,2,30,30189,1,1,1,1,ALES (ROUTE),43.8765,4.3138
202 000 001 797,20,6,2020,1200,1,30,30189,1,1,1,3,BEAUCAIRE (ROUTE),43.8344984,4.4139048
202 000 001 798,20,5,2020,940,1,30,30189,2,4,1,6,TEDENAT (RUE),43.83668,4.356687
202 000 001 799,21,6,2020,630,1,22,22215,1,1,2,3,PORET ROUAULT (RUE DE LA),48.48298,-2.77686
202 000 001 800,17,10,2020,1185,5,33,33318,2,2,1,1,AVE DU GENERAL LECLERC,44.79918,0.66314
202 000 001 801,17,10,2020,1155,5,33,33063,2,2,1,2,CRS DU MEDOC  (à 4963 m du CRS BALGUERIE STUTTENBERG),44.85872,0.56734
202 000 001 802,19,10,2020,30,5,33,33009,2,1,1,6,GAMBETTA (AVE) DU 30 ET +,44.65728,-1.16804
202 000 001 803,18,10,2020,1064,1,29,29232,1,9,1,3,N165 - Park Poullig,48.3309,-4.8368
202 000 001 804,16,10,2020,976,1,25,25056,2,1,1,4,DOLE RUE DE (entre 82 et 185),47.228304,5.985607
202 000 001 805,17,10,2020,1265,5,18,18033,2,2,1,3,JURANVILLE (BOULEVARD DE),47.849,2.38865
202 000 001 806,18,10,2020,1030,1,13,13206,2,2,1,3,LIEUTAUD (COURS),43.29111,5.38308
202 000 001 807,17,10,2020,77,5,13,13203,2,3,1,1,PLOMBIERES (BOULEVARD DES),43.3148768,5.3878495
202 000 001 808,17,10,2020,755,1,13,13028,2,1,1,5,ROUMANILLE (AVENUE JOSEPH),43.19237,5.61799
202 000 001 809,17,10,2020,550,1,13,13028,2,1,1,3,DULAC (AVENUE GUILLAUME),43.18669,5.60807
202 000 001 810,18,10,2020,1050,1,7,7281,2,1,1,3,BOUVAT (QUAI JULES),44.9443,4.8444
202 000 001 811,18,10,2020,1070,1,6,6069,2,1,1,3,KENNEDY (BOULEVARD DU PRESIDENT),43.666864,6.929086
202 000 001 812,18,10,2020,1115,2,75,75113,2,1,1,2,PORTE D IVRY,48.820406,2.375444
202 000 001 813,15,10,2020,1110,2,75,75120,2,1,1,3,PORTE DES LILAS,48.875556,2.409953
202 000 001 814,18,10,2020,850,1,75,75120,2,4,1,4,ECHANGEUR BAGNOLET,48.866378,2.414047
202 000 001 815,18,10,2020,980,1,75,75118,2,3,1,3,RUE STEPHENSON,48.888013,2.356176
202 000 001 816,18,10,2020,1035,1,75,75114,2,2,1,3,RUE VERCINGETORIX,48.834356,2.313642
202 000 001 817,17,10,2020,1182,5,75,75113,2,2,1,3,BOULEVARD DU GENERAL JEAN SIMON,48.82567,2.382082
202 000 001 818,17,10,2020,772,1,75,75113,2,1,1,5,RUE DE TOLBIAC,48.826124,2.356166
202 000 001 819,17,10,2020,1140,2,75,75109,2,1,1,2,RUE PIERRE FONTAINE,48.883353,2.332778
202 000 001 820,18,10,2020,895,1,75,75108,2,3,1,4,AVENUE DES CHAMPS ELYSEES,48.871885,2.300873
202 000 001 821,18,10,2020,725,1,75,75107,2,1,1,3,AVENUE DE LA MOTTE PICQUET,48.854885,2.306432
202 000 001 822,18,10,2020,1095,1,75,75104,2,3,1,6,RUE DES TOURNELLES,48.853452,2.367241
202 000 001 823,18,10,2020,1220,5,93,93001,2,3,1,3,VICTOR HUGO (AVE)  N° 122 =>,48.9116541,2.379463
202 000 001 824,16,10,2020,900,1,92,92036,2,1,1,6,JEAN JAURES (RUE) (35/+),48.929887,2.29505
202 000 001 825,10,10,2020,285,3,57,57479,1,1,2,7,4 Chemin de Sulzen,49.423313,6.371641
202 000 001 826,19,10,2020,191,3,64,64144,1,1,1,7,D276,43.446002,0.516572
202 000 001 827,18,10,2020,1205,3,35,35124,1,1,1,2,RN 137,47.741068,-1.71405
202 000 001 828,18,10,2020,620,1,74,74283,1,1,1,7,route du chatelard,45.930864,5.9381
202 000 001 829,19,10,2020,815,1,68,68315,1,1,1,6,Route de Bollwiller,47.882763,7.233006
202 000 001 830,18,10,2020,210,3,34,34088,1,1,1,6,D114,43.575727,3.68145
202 000 001 831,17,10,2020,1010,1,67,67463,2,1,1,6,71 a Rue Principale,48.901654,8.109883
202 000 001 832,18,10,2020,1015,1,76,76549,1,1,1,7,D149,49.756997,0.914998
202 000 001 833,17,10,2020,598,1,33,33523,1,2,1,3,RD140 / RD140E1,44.752676,0.293638
202 000 001 834,18,10,2020,1338,3,81,81048,1,1,1,6,104 Route de Saint Quintin,43.986975,2.116477
202 000 001 835,18,10,2020,1305,3,32,32268,1,1,1,7,N124,43.606499,0.990658
202 000 001 836,17,10,2020,1350,5,34,34300,2,1,1,6,Grand Rue,43.426698,3.30022
202 000 001 837,17,10,2020,545,1,68,68263,1,3,2,2,D419,47.583924,7.461947
202 000 001 838,16,10,2020,510,2,44,44123,1,2,7,3,lieu-dit la noé,47.693288,-1.785166
202 000 001 839,16,10,2020,955,1,3,3159,1,1,2,7,Malicorne,46.3061945,2.7289036
202 000 001 840,19,10,2020,930,1,54,54533,2,4,1,-1,3 Rue Emile Binda,49.324556,5.928175
202 000 001 841,2,10,2020,953,1,60,60430,1,1,2,7,D935,49.310976,2.9264103
202 000 001 842,17,10,2020,557,2,53,53110,2,1,4,6,Rue de Taude,47.874764,0.519952
202 000 001 843,18,10,2020,120,3,53,53007,1,1,1,6,Haut Mont Roux,48.81864,0.654765
202 000 001 844,18,10,2020,280,3,21,21268,1,1,1,6,D31,47.1181378,5.4030788
202 000 001 845,18,10,2020,1181,3,4,4174,1,1,1,1,RN 202,43.959569,6.729362
202 000 001 846,18,10,2020,960,1,27,27679,1,1,1,3,RD 841,48.723691,0.926156
202 000 001 847,18,10,2020,290,3,30,30223,2,1,1,6,Rue Justin Agniel,44.184108,4.150624
202 000 001 848,13,8,2020,600,1,13,13044,1,1,1,1,D569,43.628496,5.1792
202 000 001 849,18,10,2020,1020,1,34,34333,1,1,1,5,Route des Aresquiers,43.467143,3.814139
202 000 001 850,19,10,2020,900,1,13,13118,1,1,1,6,A8 PK 0+200 DIRECTION LYON,43.560522,5.228591
202 000 001 851,18,10,2020,1035,1,988,98821,1,1,1,6,PORT-LAGUERRE,-22.119456,166.328174
202 000 001 852,18,10,2020,1060,2,971,97114,1,1,3,1,Rue Richard Devaux,16.114266,-61.575322
202 000 001 853,18,10,2020,180,3,67,67160,1,1,1,6,D27,48.977823,7.768965
202 000 001 854,18,10,2020,1190,5,88,88367,2,1,1,1,35 Rue Carnot,48.343723,6.635123
202 000 001 855,17,10,2020,580,1,63,63335,1,1,8,7,D 978,45.5457072,2.9981646
202 000 001 856,19,10,2020,600,1,81,81011,2,1,1,6,415 Route de Gaillac,43.72829,1.823334
202 000 001 857,19,10,2020,855,1,33,33218,2,3,1,3,19 Lieu Dit Montigaud,45.84058,0.164535
202 000 001 858,18,10,2020,860,1,60,60197,1,1,1,1,D1001,49.2379983,2.2165567
202 000 001 859,19,10,2020,615,1,60,60668,1,1,5,1,D149,49.4889932,2.880042
202 000 001 860,17,10,2020,1086,1,13,13071,1,1,1,3,A51-Sens Aix en Provence vers Marseille,43.41564,5.36491
202 000 001 861,17,10,2020,450,3,13,13015,1,1,1,5,A51-Sens Marseille vers Aix en Provence,43.4303,5.3921
202 000 001 862,18,10,2020,1190,3,33,33023,1,1,1,5,AUTOROUTE A 62,44.6946,0.49662
202 000 001 863,18,10,2020,1173,1,92,92064,1,1,1,4,A13,48.837553,2.189255
202 000 001 864,18,10,2020,1235,3,93,93007,1,1,1,7,AUTOROUTE A3,48.9185788,2.4785405
202 000 001 865,18,10,2020,1105,3,93,93048,1,1,1,4,AUTOROUTE A86,48.86318,2.48271
202 000 001 866,18,10,2020,705,1,95,95241,1,1,1,2,RN 104,49.46341,2.440222
202 000 001 867,17,10,2020,1215,3,93,93066,1,1,1,2,AUTOROUTE A86,48.92212,2.36038
202 000 001 868,17,10,2020,80,3,95,95572,1,1,1,6,RN 184,49.48373,2.133756
202 000 001 869,18,10,2020,1390,3,93,93051,1,1,1,6,A4,48.836,2.5553
202 000 001 870,18,10,2020,900,1,77,77258,1,1,1,2,A4.W,48.8305927,2.6321618
202 000 001 871,16,10,2020,1240,3,77,77169,1,1,1,3,RN104.INT,48.8145331,2.6261489
202 000 001 872,16,10,2020,1140,2,94,94052,1,1,1,7,A86 INT,48.82722,2.52094
202 000 001 873,16,10,2020,870,1,94,94017,1,1,1,2,A4,48.82974,2.48456
202 000 001 874,18,10,2020,340,2,988,98818,2,3,1,3,AVENUE JAMES COOK/RUE COMMANDANT ALEXANDRE BABO,-22.26789,166.42704
202 000 001 875,18,10,2020,400,1,988,98818,2,1,1,4,AVENUE JAMES COOK,-22.2681,166.42911
202 000 001 876,17,10,2020,980,1,988,98818,2,3,1,3,PROMENADE ROGER LAROQUE,-22.30755,166.45016
202 000 001 877,17,10,2020,605,1,988,98818,2,1,1,2,ROUTE EXPRESS DU MONT DORE,-22.22813,166.48969
202 000 001 878,17,10,2020,875,2,974,97407,2,1,1,3,Rue Amilcar Cabral,-20.94636,55.29951
202 000 001 879,17,10,2020,1250,5,69,69259,2,1,1,6,PRESIDENT EDOUARD HERRIOT (DU)      (R ),45.696445,4.8767737
202 000 001 880,16,10,2020,1240,5,972,97213,1,1,2,4,AUTOROUTE A1,14.6182051,-61.339236
202 000 001 881,17,10,2020,1157,5,95,95585,2,1,1,3,ZOLA (RUE EMILE),48.9859379,2.392568
202 000 001 882,17,10,2020,1040,1,95,95585,2,1,1,3,FRANCK (AVENUE CESAR),48.97306,2.37512
202 000 001 883,16,10,2020,1125,1,95,95280,2,1,1,3,MARECHAL DELATTRE DE TASSIGNY (DU),49.32076,2.471743
202 000 001 884,17,10,2020,740,1,91,91570,2,9,8,6,TIPHOINES (RUE)VILLAGE HOTEL,48.62841,2.29957
202 000 001 885,17,10,2020,630,1,91,91064,2,1,8,3,PARIS (RUE DE),48.75742,2.21876
202 000 001 886,17,10,2020,884,1,91,91377,2,1,1,6,GARE (AVENUE DE LA),48.7342,2.27307
202 000 001 887,16,10,2020,840,1,91,91377,2,9,8,2,LECLERC (AVENUE DU MARECHAL),48.7215,2.2991
202 000 001 888,9,10,2020,480,1,91,91027,2,2,2,5,RUE ANDRE LAUNAY,48.712852,2.390989
202 000 001 889,17,10,2020,975,1,82,82121,2,3,1,6,SARRAIL (RUE DU GENERAL),44.151,1.3477
202 000 001 890,17,10,2020,1245,5,77,77296,1,2,1,6,RD 306,48.617541,2.568832
202 000 001 891,17,10,2020,985,1,77,77320,2,1,1,1,GENERAL DE GAULLE (AVENUE DU),48.8280545,3.31558
202 000 001 892,16,10,2020,520,1,76,76575,2,6,1,2,MARE AUX DAIMS. AVENUE DE LA,49.38976,1.7145
202 000 001 893,16,10,2020,969,1,67,67462,2,2,1,3,GENERAL DE GAULLE (PLACE DU),48.259562,7.446471
202 000 001 894,17,10,2020,403,5,65,65440,2,3,1,3,BRIAND (AVENUE ARISTIDE),43.2172528,0.560942
202 000 001 895,17,10,2020,630,1,64,64445,2,1,1,-1,JEAN JACQUES DE MONAIX,43.3029,0.3589
202 000 001 896,17,10,2020,1135,5,59,59656,2,3,1,3,BRIAND (RUE ARISTIDE),50.770668,3.42637
202 000 001 897,17,10,2020,635,1,59,59279,2,2,1,1,NEUVILLE (ROUTE DE),50.776851,3.133132
202 000 001 898,22,9,2020,1350,5,59,59009,2,2,1,3,VAN GOGH BOULEVARD,50.62013,3.13542
202 000 001 899,17,10,2020,1185,5,59,59328,2,1,2,3,DE GAULLE AVENUE DU GAL,50.6539416,3.312744
202 000 001 900,17,10,2020,1305,5,45,45234,2,2,1,3,Avenue des Droits de l’Homme - rue du petit pont,47.922612,1.929645
202 000 001 901,17,10,2020,547,1,45,45075,2,6,1,6,Route d’Orléans,47.893537,1.849155
202 000 001 902,12,7,2020,510,1,42,42305,2,1,1,6,Rue Victor Hugo,45.4797857,4.4310623
202 000 001 903,17,10,2020,960,1,38,38185,2,1,1,2,A480,45.16219,5.7017
202 000 001 904,17,10,2020,535,1,35,35055,2,1,8,3,06 JUIN 1944 (RUE DU),48.93872,-1.6149504
202 000 001 905,17,10,2020,1030,1,33,33009,2,1,1,2,D650,44.65884,-1.15176
202 000 001 906,17,10,2020,1425,5,29,29019,2,1,1,4,Rue Dupleix,48.39277,-4.48278
202 000 001 907,17,10,2020,995,1,29,29019,2,2,1,3,Rue Albert Thibaudet,48.3754,-4.5413
202 000 001 908,6,4,2020,1230,5,19,19272,2,1,1,6,Alsace Lorraine (Avenue),45.26146,1.75692
202 000 001 909,17,10,2020,440,5,13,13214,2,1,1,1,AYGALADES (AVENUE DES),43.339917,5.365728
202 000 001 910,17,10,2020,100,5,13,13215,2,1,1,3,Petite Ourse (rue de la),43.34175,5.37296
202 000 001 911,25,8,2020,370,3,62,62680,1,1,2,4,A1,50.366956,2.966931
202 000 001 912,16,10,2020,1230,5,13,13205,2,1,1,3,SAINT PIERRE (RUE),43.29226,5.396
202 000 001 913,23,8,2020,440,1,988,98827,1,1,2,3,Tribu de Gohapin,-21.26833,165.27488
202 000 001 914,17,10,2020,835,1,13,13001,1,1,1,2,RD 7,43.58164,5.377
202 000 001 915,24,8,2020,160,5,971,97124,2,1,1,6,2 Route de Bologne,16.13187,-61.710141
202 000 001 916,17,10,2020,1210,5,10,10333,2,9,1,3,AUXERRE (ROUTE),48.26851,4.4793
202 000 001 917,12,8,2020,640,1,45,45108,1,1,1,6,D956,47.646251,2.530975
202 000 001 918,17,10,2020,1241,3,10,10357,1,1,1,6,GENERAL DE GAULLE (RUE DU),48.29406,4.14469
202 000 001 919,16,8,2020,990,1,77,77329,1,2,1,3,D225 - D58,48.240477,2.809126
202 000 001 920,17,10,2020,955,1,75,75120,2,1,1,2,PORTE DE BAGNOLET,48.869643,2.413267
202 000 001 921,24,8,2020,415,1,91,91098,1,1,1,6,D191,48.456104,2.59808
202 000 001 922,17,10,2020,913,1,75,75108,2,2,1,3,PLACE DE LA CONCORDE,48.866663,2.322011
202 000 001 923,24,8,2020,1240,3,91,2A163,1,3,1,3,croisement T40 / D50,41.5000018,9.49085
202 000 001 924,16,10,2020,1002,1,75,75112,2,2,1,6,AVENUE DE FONTENAY,48.84013,2.461389
202 000 001 925,15,8,2020,1080,1,84,84092,2,1,1,-1,d 225,43.970185,4.863581
202 000 001 926,2,2,2020,95,5,62,62160,2,1,1,7,NATIONALE (Rue),50.72247,1.60603
202 000 001 927,17,10,2020,1230,5,75,75117,2,2,1,3,AVENUE DE LA PORTE D ASNIERES,48.89227,2.301009
202 000 001 928,23,8,2020,1050,1,83,83099,2,1,1,3,Route Nationale 7,43.452872,6.691441
202 000 001 929,17,10,2020,960,1,75,75116,2,2,1,6,RUE D AUTEUIL,48.847988,2.264094
202 000 001 930,3,2,2020,1129,5,59,59588,2,1,3,6,CHAPEAU ROUGE - ROUTE,51.275679,2.4282441
202 000 001 931,25,8,2020,1105,1,5,5070,2,4,1,1,Avenue de Grenoble,44.316894,5.813983
202 000 001 932,16,10,2020,615,1,75,75116,2,1,1,3,AVENUE DE VERSAILLES,48.838557,2.259479
202 000 001 933,3,2,2020,1097,5,59,59183,2,3,3,1,QUATRE ECLUSES - QUAI,51.2979,2.38033
202 000 001 934,25,8,2020,480,1,13,13109,2,2,1,3,Avenue Paul Julien,43.511032,5.486957
202 000 001 935,24,8,2020,560,1,70,70310,2,1,1,3,Route de Belfort,47.675022,6.518884
202 000 001 936,16,10,2020,1380,5,75,75113,2,3,1,3,RUE DE TOLBIAC,48.826341,2.361495
202 000 001 937,1,2,2020,370,5,59,59183,2,3,8,6,MARDYCK - QUAI,51.2892,2.36633
202 000 001 938,17,10,2020,710,1,75,75112,2,2,1,3,AVENUE DE LA PORTE DE CHARENTON,48.831704,2.397896
202 000 001 939,24,8,2020,575,1,88,88222,1,1,1,1,PK 16+450 RD 420,48.247683,6.618243
202 000 001 940,24,8,2020,1040,1,74,74136,1,1,1,7,D4,45.978698,6.46775
202 000 001 941,16,10,2020,1290,5,75,75108,2,2,1,7,BOULEVARD MALESHERBES,48.879436,2.314265
202 000 001 942,2,2,2020,870,1,56,56083,1,1,2,6,RN 165,47.7881772,-3.2804417
202 000 001 943,2,2,2020,125,5,56,56083,2,1,3,6,JAURES ( AV. JEAN ),47.8013856,-3.2812725
202 000 001 944,16,10,2020,1365,5,75,75107,2,3,1,3,RUE DE SEVRES,48.846004,2.313817
202 000 001 945,24,6,2020,930,1,73,73179,2,3,1,3,Residence Sainte Anne,45.5975712,5.8753155
202 000 001 946,1,2,2020,1115,5,56,56083,2,2,2,3,8 MAI 1945 ( AV. DU ),47.80243,-3.29013
202 000 001 947,24,8,2020,1140,1,7,7341,2,6,1,7,N/A,44.571852,4.510746
202 000 001 948,17,10,2020,885,1,75,75104,2,2,1,3,RUE CRILLON,48.849518,2.365621
202 000 001 949,17,10,2020,43,5,75,75101,2,5,1,7,RUE MONTMARTRE,48.864783,2.345133
202 000 001 950,31,1,2020,1233,5,54,54431,1,3,1,1,D952,48.91295,6.37494
202 000 001 951,20,8,2020,850,1,17,17161,2,1,1,3,17 Rue Jean Henry Laine,46.18649,-1.321755
202 000 001 952,21,8,2020,970,1,33,33164,1,1,1,6,D8,44.53993,0.28662
202 000 001 953,17,10,2020,730,1,94,94081,2,1,1,3,JEAN JAURES (AV),48.7941706,2.4008874
202 000 001 954,3,2,2020,1095,5,54,54184,2,1,2,6,avenue Foch,48.7051,6.2254
202 000 001 955,16,10,2020,1160,5,94,94058,2,4,1,1,LAMARTINE (AV),48.850816,2.497032
202 000 001 956,25,8,2020,490,2,33,33260,1,1,1,2,Rue de la Gare,44.452776,0.941048