Num_Acc,jour,mois,an,hrmn,lum,dep,com,agg,int,atm,col,adr,lat,long
202 000 002 452,23,7,2020,730,1,3,3284,1,1,1,7,Le Moutier,46.4004451,3.5812378
202 000 002 453,24,7,2020,1045,1,3,3213,1,1,1,1,Route de Hérisson,46.4632717,2.6227127
202 000 002 454,24,7,2020,1015,1,15,15019,1,1,1,6,PK 61+400 - Sens décroissant - D922,45.299011,2.402658
202 000 002 455,21,7,2020,600,1,70,70554,1,9,1,1,D48,47.887025,5.94281
202 000 002 456,24,7,2020,690,1,26,26113,2,1,1,4,1347 Boulevard du Marechal Leclerc,44.751008,5.372835
202 000 002 457,23,7,2020,1035,1,14,14578,1,2,1,5,d288,49.355419,0.170814
202 000 002 458,23,7,2020,1085,1,4,4157,1,1,1,7,RD 953,43.8535673,6.1166423
202 000 002 459,23,7,2020,705,1,85,85116,1,4,1,3,Rue des Artisans,46.421248,-1.390892
202 000 002 460,14,7,2020,540,1,27,27643,1,1,2,7,N12,48.750159,1.302335
202 000 002 461,23,7,2020,340,2,30,30116,1,1,1,3,N100,43.940083,4.601303
202 000 002 462,24,7,2020,705,1,48,48089,1,3,1,3,D4,44.844482,3.363233
202 000 002 463,24,7,2020,930,1,88,88124,1,1,1,7,Route d'Attigny,48.82229,6.41563
202 000 002 464,23,7,2020,1050,1,34,34247,1,1,3,1,D145,43.702878,3.852489
202 000 002 465,14,7,2020,61,3,6,6088,1,1,2,6,Autoroute A8 - PK 186+000 CHAUSSÉE SUD,43.671542,7.201586
202 000 002 466,24,7,2020,555,1,38,38485,2,1,1,-1,Avenue de Grenoble,45.171455,5.695987
202 000 002 467,24,7,2020,1110,1,69,69143,2,1,1,3,53 Avenue Carnot,45.8863968,4.8315037
202 000 002 468,24,7,2020,885,1,13,13051,1,1,1,2,autoroute A7 pk 240+600 sens nord/sud,43.592763,5.176792
202 000 002 469,23,7,2020,1047,1,51,51205,1,1,1,2,A4,49.339863,4.3901906
202 000 002 470,18,7,2020,795,1,973,97312,1,1,8,7,Barrage de Petit Saut,5.60632,-53.50703
202 000 002 471,23,7,2020,1145,1,78,78068,1,1,1,7,A13,49.35055,1.461654
202 000 002 472,24,7,2020,872,1,90,90314,1,1,1,7,D81,42.661421,9.27598
202 000 002 473,24,7,2020,1100,1,91,2A041,1,1,1,3,T40,41.4031082,9.1588773
202 000 002 474,24,7,2020,1010,1,84,84019,1,1,1,7,D243,44.308741,4.735386
202 000 002 475,22,7,2020,915,1,5,5014,1,1,1,6,D942,44.268159,5.762887
202 000 002 476,23,7,2020,540,1,13,13062,1,1,1,5,D8,43.418235,5.499172
202 000 002 477,20,7,2020,1260,1,67,67519,1,1,1,1,Rue du Chemin de Fer,48.67051,7.825238
202 000 002 478,23,7,2020,1170,1,67,67188,1,6,1,2,D1420,48.5303215,7.3810299
202 000 002 479,22,7,2020,1255,1,54,54145,1,1,1,7,D2,48.6344401,6.3940001
202 000 002 480,23,7,2020,725,1,57,57620,2,1,7,6,5 Avenue Gambetta,49.191622,6.2215
202 000 002 481,23,7,2020,630,1,74,74160,1,1,7,3,1552 Route de la Grange,45.86007,6.352887
202 000 002 482,24,7,2020,540,1,69,69127,2,1,1,1,Avenue des Alpes (Piste cyclable),45.7778434,4.7160985
202 000 002 483,19,7,2020,960,1,86,86123,1,1,1,7,D6,46.560036,0.43449
202 000 002 484,23,7,2020,505,2,72,72154,2,9,7,3,Avenue d'Obernkirchen,47.701386,0.54932
202 000 002 485,24,7,2020,580,1,22,22173,1,3,8,1,D34,48.559107,-2.576144
202 000 002 486,24,7,2020,955,1,60,60341,1,6,1,-1,ROUTE NATIONALE 330,49.849245,2.7571554
202 000 002 487,23,7,2020,1037,1,13,13202,2,1,1,2,A55-Sens Martigues vers Marseille,43.3087905,5.3664652
202 000 002 488,6,7,2020,975,1,13,13215,1,1,1,3,A7-Sens Marseille vers Lyon,43.349594,5.369285
202 000 002 489,23,7,2020,540,1,69,69297,1,1,1,5,A7  ,45.596327,4.7963415
202 000 002 490,23,7,2020,1040,1,33,33162,1,1,1,5,ROCADE A 630,44.86242,0.65689
202 000 002 491,23,7,2020,1120,1,33,33281,1,1,1,5,ROCADE A 630,44.85393,0.66482
202 000 002 492,23,7,2020,635,1,33,33249,1,1,1,2,ROUTE NATIONALE 230,44.87939,0.5098
202 000 002 493,23,7,2020,478,1,94,94003,1,1,1,5,AUTOROUTE A6A,48.80971,2.33879
202 000 002 494,12,2,2020,285,5,17,17300,2,1,8,6,RICHELIEU   RUE,46.16703,-1.15787
202 000 002 495,8,2,2020,1173,3,17,17028,1,1,1,2,RN137,46.14501,-1.10866
202 000 002 496,7,2,2020,1035,1,17,17300,2,1,8,4,REMPARTS   CHEMIN DES,46.16899,-1.15205
202 000 002 497,12,2,2020,870,1,17,17200,2,1,1,6,HUIT MAI 1945   AVENUE DU,46.18325,-1.15247
202 000 002 498,3,2,2020,675,1,17,17028,1,1,1,7,RN137,46.1438,-1.1076
202 000 002 499,2,2,2020,820,1,17,17200,2,2,8,7,CLAVIER   AVENUE DU,46.18088,-1.16712
202 000 002 500,2,2,2020,960,1,17,17291,2,2,8,3,BELGIQUE  RUE,46.17794,-1.11905
202 000 002 501,2,2,2020,204,5,17,17300,2,9,3,6,SCIERIE   RUE DE LA,46.14738,-1.15295
202 000 002 502,4,2,2020,550,1,17,17291,2,1,1,6,MARE  RUE DU FIEF DE LA,46.17945,-1.12865
202 000 002 503,29,1,2020,475,5,17,17291,2,1,2,3,EUROPE  AVENUE,46.17769,-1.11682
202 000 002 504,28,1,2020,835,1,17,17274,2,1,2,3,JOLIOT-CURIE   AVENUE,46.15468,-1.11149
202 000 002 505,23,1,2020,1205,5,17,17300,2,2,2,3,AMELOT   RUE,46.16019,-1.14646
202 000 002 506,19,1,2020,440,5,17,17300,2,1,1,1,VERDIER   BOULEVARD ARTHUR,46.16222,-1.13932
202 000 002 507,21,1,2020,510,1,26,26057,1,1,8,2,Route d’Alixan,45.68,5.3706
202 000 002 508,14,12,2020,330,4,22,22106,2,1,2,7,LANDELLE (RUE DE LA),48.49418,-2.7234
202 000 002 509,13,12,2020,1105,5,84,84007,2,1,1,2,CABRIERE ( Avenue de la ),43.92875,4.81272
202 000 002 510,10,1,2020,385,3,76,76484,1,1,1,2,Autoroute A13 PK 111.680 en direction de paris,49.337975,1.72049
202 000 002 511,4,2,2020,865,1,92,92051,2,1,1,3,BINEAU (BOULEVARD N°53 A 131 ET 52 A 13,48.8888755,2.2739229
202 000 002 512,18,2,2020,980,1,73,73232,1,1,1,5,D902,45.557394,6.89887
202 000 002 513,23,12,2020,900,1,62,62193,2,2,2,6,LILLE (RUE DE),50.93792,1.85782
202 000 002 514,18,12,2020,1025,5,62,62765,2,9,1,6,AMIENS (RUE D'......),50.743956,2.259985
202 000 002 515,14,12,2020,975,2,62,62065,2,1,3,3,DUCLOS ( PLACE JACQUES),50.413341,2.833282
202 000 002 516,12,11,2020,1095,5,75,75107,2,7,1,2,BOULEVARD RASPAIL,48.85136,2.326874
202 000 002 517,11,9,2020,1093,1,92,92051,2,1,1,3,CHARTRES (RUE DE ),48.8818627,2.2777744
202 000 002 518,19,12,2020,1190,5,94,94022,2,1,1,6,VICTOR HUGO (AV),48.7691321,2.4221045
202 000 002 519,21,7,2020,1132,1,59,59512,2,2,1,3,NOTTE (RUE JEAN BAPTISTE),50.67806,3.18545
202 000 002 520,1,7,2020,1395,5,59,59650,2,1,1,7,STALINGRAD (RUE DE),50.69535,3.20713
202 000 002 521,28,6,2020,955,1,59,59512,2,1,1,6,HOMMELET (RUE DE L'),50.6964067,3.1821674
202 000 002 522,28,5,2020,1250,1,59,59367,2,1,1,6,FRESNOY (RUE DU),50.6748,3.2282
202 000 002 523,20,5,2020,55,5,59,59512,2,2,1,3,MOTTE (AVENUE ALFRED),50.67384,3.19302
202 000 002 524,18,5,2020,1200,1,59,59299,2,3,1,3,SCHWEITZER (AVENUE DU DOCTEUR),50.6687,3.20161
202 000 002 525,10,5,2020,460,2,59,59163,2,3,2,3,GARE (RUE DE LA),50.675346,3.144391
202 000 002 526,12,12,2020,729,1,74,74128,1,1,2,3,Route des vallées RD9,46.151996,6.334455
202 000 002 527,5,2,2020,1010,3,35,35150,1,4,1,1,Chemin de la République,48.33305,-1.214218
202 000 002 528,29,10,2020,670,1,45,45232,2,3,2,6, Rue de la Source- Rue Jules Marie Simon ,47.86417,1.90154
202 000 002 529,27,10,2020,1095,5,75,75116,2,4,2,4,BOULEVARD PERIPHERIQUE,48.840808,2.253915
202 000 002 530,24,10,2020,855,1,75,75107,2,2,2,6,BOULEVARD DE LA TOUR MAUBOURG,48.85994,2.310178
202 000 002 531,14,11,2020,1420,5,74,74085,2,1,1,6,1438 Route de Notre Dame de la Gorge,45.810772,6.728278
202 000 002 532,26,10,2020,35,5,74,74154,1,1,1,6,route départementale 1005,46.406142,6.675013
202 000 002 533,10,11,2020,990,2,74,74116,1,3,5,3,372 Route de la Chapelle,46.65315,6.283661
202 000 002 534,18,11,2020,1055,2,58,58194,2,3,2,6,MARCEAU,46.9923,3.1597
202 000 002 535,12,11,2020,777,1,75,75119,2,1,1,6,AVENUE DE FLANDRE,48.886166,2.37143
202 000 002 536,27,8,2020,555,1,974,97409,1,9,1,6,Avenue des Mascareignes,-20.93501,55.64644
202 000 002 537,22,6,2020,1110,1,91,91105,2,1,1,6,11 Route d'Arpajon,48.567788,2.175478
202 000 002 538,25,10,2020,1075,5,75,75112,2,2,3,2,PONT DE BERCY,48.838626,2.376189
202 000 002 539,8,10,2020,345,3,34,34300,1,1,1,3,A75 - PK 326+500,43.383078,3.308762
202 000 002 540,12,12,2020,575,1,38,38458,1,3,3,-1,Route de Vezeronce,45.63937,5.47603
202 000 002 541,12,7,2020,735,5,64,64422,1,1,1,1,1748 Route de Bayonne,43.209766,0.64073
202 000 002 542,22,10,2020,1035,1,52,52121,1,1,1,7,RD 65 A,48.11568,5.11931
202 000 002 543,16,10,2020,1155,2,52,52121,2,1,1,2,THIERS (BLD),48.10891,5.14067
202 000 002 544,22,8,2020,1146,1,52,52125,2,1,1,1,R.D. 162,48.10854,5.17225
202 000 002 545,15,9,2020,743,1,73,73290,1,1,1,7,D1006,45.28334,6.829606
202 000 002 546,19,6,2020,1245,1,59,59616,2,9,1,3,EDOUARD VAILLANT (RUE),50.472137,3.5657541
202 000 002 547,23,8,2020,551,1,76,76498,2,2,1,6,JAURES. AVENUE JEAN,49.42517,1.5697
202 000 002 548,10,9,2020,505,1,74,74133,1,1,1,1,ZONE (ROUTE DE),46.1776,6.214
202 000 002 549,28,12,2020,1105,5,43,43041,2,1,2,6,60 Avenue Charles Dupuy,45.4972,3.91801
202 000 002 550,23,12,2020,890,1,54,54280,2,1,3,6,FRANCHEPRE (RUE DE),49.22782,6.1748
202 000 002 551,6,2,2020,630,1,17,17028,2,1,1,2,FERRY   RUE JULES,46.13344,-1.119175
202 000 002 552,6,2,2020,885,1,17,17300,2,2,1,3,ALBERT IER   RUE,46.16308,-1.15222
202 000 002 553,3,2,2020,290,5,17,17274,2,6,1,3,LANGEVIN   AVENUE PAUL,46.16194,-1.9352
202 000 002 554,24,12,2020,85,5,9,9225,2,1,9,2,FOIX AVENUE DE,43.10798,1.6177
202 000 002 555,20,12,2020,1280,5,9,9122,2,1,2,6,FAURE (COURS GABRIEL),42.96383,1.6077
202 000 002 556,18,12,2020,475,2,9,9122,2,1,1,2,BARCELONE (AVENUE DE),42.9601037,1.615777
202 000 002 557,30,9,2020,862,1,34,34108,2,9,1,-1,MATTEMALE (CHEMIN DE),43.4365738,3.7243907
202 000 002 558,10,9,2020,1315,3,34,34301,1,1,1,6,RD 612,43.3897,3.65
202 000 002 559,5,9,2020,1270,5,34,34301,2,3,1,3,VERDUN (BOULEVARD DE),43.411044,3.679082
202 000 002 560,22,7,2020,805,1,34,34301,1,1,1,1,AGDE (ROUTE DE),43.36596,3.6131
202 000 002 561,19,7,2020,1090,1,34,34301,2,1,1,6,BARBUSSE HENRI (RUE),43.40511,3.6937
202 000 002 562,14,7,2020,820,1,34,34108,2,9,1,7,MONTPELLIER (ROUTE DE),43.46232,3.766
202 000 002 563,29,6,2020,500,1,34,34108,2,9,1,3,INGRIL (AVENUE D'),43.44712,3.80042
202 000 002 564,10,6,2020,1245,2,34,34301,2,7,1,1,LECLERC PHILIPPE MARECHAL (PROMENADE),43.3928,3.6913
202 000 002 565,8,2,2020,1013,1,72,72050,1,1,2,7,D35,47.97701,0.241254
202 000 002 566,28,9,2020,650,1,78,78481,2,2,2,6,GENERAL LECLERC (AVENUE DU),48.889,2.99
202 000 002 567,7,10,2020,1020,1,64,64445,2,1,1,6,MARGUERITE LABORDE,43.30005,0.36806
202 000 002 568,26,7,2020,1185,1,38,38544,1,1,1,7,CD 41,45.5244096,4.8852274
202 000 002 569,6,6,2020,600,1,30,30028,2,1,1,6,MAYRE (AVENUE DE LA),44.15675,4.62262
202 000 002 570,6,7,2020,1185,1,35,35012,2,2,1,3,rue JM La Mennais,47.840928,-1.680081
202 000 002 571,30,11,2020,490,2,38,38544,2,4,1,3,Avenue Marcellin Berthelot,45.53993,4.87021
202 000 002 572,28,11,2020,1020,5,38,38104,2,2,1,3,D1516,45.58197,5.5815
202 000 002 573,28,11,2020,1000,1,38,38544,2,3,1,6,Quartier Lafayette,45.52782,4.89885
202 000 002 574,26,11,2020,975,2,38,38054,1,2,1,1,D52,45.78083,5.44888
202 000 002 575,25,11,2020,1020,2,38,38053,2,3,1,3,Avenue de Champ - Fleuri,45.60385,5.2702
202 000 002 576,25,11,2020,575,1,38,38170,2,1,1,7,Route de Lyon,45.250559,5.664911
202 000 002 577,20,11,2020,885,1,38,38314,1,1,1,7,D288,45.43499,6.2932
202 000 002 578,12,11,2020,1030,2,38,38244,1,1,1,1,Route de Chalon - Route Départemntale 46,45.434245,4.932261
202 000 002 579,12,11,2020,640,1,38,38053,2,1,1,6,Avenue Henri Barbusse,45.59562,5.26854
202 000 002 580,20,10,2020,975,1,73,73300,1,1,1,1,Voie lacustre Bd Charcot,45.6797423,5.8938684
202 000 002 581,26,10,2020,290,4,42,42095,2,9,2,6,Rue Trémollet,45.38397,4.28261
202 000 002 582,22,12,2020,1138,5,37,37261,2,1,2,6,ALOUETTE (AVENUE),47.36396,0.69935
202 000 002 583,10,1,2020,840,1,92,92044,2,1,1,3,RIVAY (RUE),48.8941461,2.2896529
202 000 002 584,15,6,2020,750,1,972,97213,1,1,1,2,RD 29 MORNE PITAULT,14.62024,-60.99343
202 000 002 585,2,12,2020,1290,5,93,93048,2,1,8,3,BD DE CHANZY,48.8594,2.42417
202 000 002 586,18,11,2020,360,3,972,97213,2,1,1,3,ROUTE DEPARTEMENTALE 15,14.62157,-61.648
202 000 002 587,11,9,2020,1390,3,974,97407,2,1,1,7,MARINE(BOULEVARD),-20.9502,55.2884
202 000 002 588,8,6,2020,1296,2,35,35115,2,1,1,6,10 rue Porte Saint-Léonard,48.350817,-1.20419
202 000 002 589,14,5,2020,1030,1,24,24557,2,9,1,3,AUTOMOBILE (AVENUE DE L'),45.20191,0.79908
202 000 002 590,12,5,2020,460,1,58,58194,2,1,1,6,GENERAL DE GAULLE,46.98813,3.15399
202 000 002 591,8,12,2020,1045,5,60,60057,2,9,1,6,Rue de Buzanval,49.433158,2.86298
202 000 002 592,26,12,2020,1170,5,94,94058,2,2,1,3,GABRIEL PERI (AV),48.837156,2.513641
202 000 002 593,23,10,2020,525,1,79,79329,2,2,8,3,Rue Ernest Pérochon,46.98633,0.21662
202 000 002 594,3,12,2020,1091,5,91,91345,2,3,2,6,RUE PDT FRANCOIS MITTERRAND,48.69548,2.29447
202 000 002 595,9,2,2020,300,5,13,13203,2,1,1,6,LOUBON (RUE),43.312448,5.380776
202 000 002 596,14,10,2020,1335,5,75,75111,2,2,1,3,BOULEVARD VOLTAIRE,48.856183,2.382832
202 000 002 597,17,12,2020,680,1,16,16102,2,3,1,6,Boulevard Denfert Rochereau,45.69802,0.32777
202 000 002 598,22,12,2020,640,1,19,19276,2,9,1,6,Super U (Supermarché),45.439865,1.561834
202 000 002 599,11,12,2020,965,1,1,1034,2,1,2,6,Boulevard du Mail,45.759454,5.690317
202 000 002 600,23,10,2020,405,4,14,14664,1,1,1,6,la halbrennière,49.120568,0.816336
202 000 002 601,9,12,2020,830,1,973,97302,2,9,1,-1,RABAN (ROUTE DE),4.9346138,-52.3140085
202 000 002 602,4,12,2020,614,1,973,97302,2,3,1,3,ZEPHIR (ROCADE),4.9379938,-52.3064141
202 000 002 603,5,12,2020,974,1,63,63032,2,3,2,6,Rue de Montpoly,45.751174,3.798277
202 000 002 604,18,12,2020,1135,3,91,91174,1,1,1,4,RN 104,48.62172,2.46305
202 000 002 605,23,9,2020,765,1,976,97611,2,1,1,6,kaweni-Grande Traverse (rue de la),-12.76519,45.22521
202 000 002 606,12,12,2020,520,1,976,97611,2,1,1,6,passamanty-Vahibé ( route ),-12.801,45.20713
202 000 002 607,17,12,2020,435,1,976,97611,2,1,1,6,cavani-Baobab (ront point ),-12.78537,45.22622
202 000 002 608,20,12,2020,1055,1,976,97611,1,1,1,6,vahibe-Departementale 3 ( route ),-12.78603,45.1741
202 000 002 609,22,12,2020,1035,2,34,34172,2,1,5,6,GALOIS (ROND-POINT EVARISTE),43.608104,3.91162
202 000 002 610,31,7,2020,410,2,7,7204,2,4,1,3,Rue de Rascle,45.121403,4.4016143
202 000 002 611,1,6,2020,900,1,19,19275,1,4,8,3,R.D. 1089 SUD,45.52806,2.29495
202 000 002 612,14,8,2020,300,5,18,18279,2,2,1,-1,REPUBLIQUE (AVENUE DE LA),47.22227,2.677
202 000 002 613,21,12,2020,1157,5,976,97611,1,1,1,6,kaweni-Centrale EDM (rue de la ),-12.77418,45.22336
202 000 002 614,16,9,2020,1080,1,7,7204,1,4,1,3,D9,45.16929,4.402835
202 000 002 615,11,12,2020,1025,5,68,68224,2,3,2,6,Rue des Vallons,47.7300197,7.3291065
202 000 002 616,18,2,2020,985,1,36,36044,2,1,1,6,Boulevard de Cluis,46.80633,1.70036
202 000 002 617,14,8,2020,769,1,976,97611,1,1,1,6,tsoundzou-Mangadzia  Tsoundzou 2 (rue ),-12.8196025,45.1962039
202 000 002 618,23,9,2020,945,1,75,75108,2,1,1,3,RUE DE LABORDE,48.875489,2.317368
202 000 002 619,24,12,2020,1075,3,51,51078,1,1,2,1,D21,49.923497,4.3531763
202 000 002 620,15,11,2020,963,1,971,97129,1,1,1,3,Le Comté de Lohéac,16.343609,-61.717946
202 000 002 621,29,9,2020,1348,5,37,37214,2,1,1,7,LEBRUN (RUE HENRI),47.40081,0.67889
202 000 002 622,29,9,2020,464,1,37,37261,2,7,2,6,JAURES (PLACE JEAN),47.3897932,0.6891889
202 000 002 623,1,10,2020,950,1,75,75119,2,6,8,3,PLACE DU COLONEL FABIEN,48.877759,2.370602
202 000 002 624,4,1,2020,845,1,92,92024,2,1,1,3,GENERAL LECLERC (BD DU) (9 A 59) ET (4 A,48.9073258,2.3085801
202 000 002 625,30,5,2020,420,1,92,92025,2,1,1,7,VALMY > 1 A 53   2 A 66 (BD DE),48.9240637,2.2525922
202 000 002 626,7,8,2020,409,1,45,45234,2,1,1,6,Avenue Roger Secretain,47.88547,1.8972
202 000 002 627,10,7,2020,1190,1,26,26362,2,1,1,2,CHABEUIL AVENUE DE (102),44.93097,4.90304
202 000 002 628,16,12,2020,1160,3,69,69256,2,3,1,7,GEORGES DIMITROV                    (AV),45.77713,4.92472
202 000 002 629,22,11,2020,780,1,988,98802,1,1,1,7,PK 91 +250,-21.849788,165.93662
202 000 002 630,2,12,2020,992,1,29,29019,2,2,2,3,Boulevard de l’Europe,48.41628,-4.46826
202 000 002 631,26,8,2020,855,1,2,2408,2,1,1,6,TIMBAUD (RUE PIERRE),49.56312,3.63647
202 000 002 632,10,8,2020,950,1,976,97611,2,1,1,6,doujani-Mouhindi Hassani (rue ),-12.7932485,45.2162089
202 000 002 633,8,6,2020,715,1,976,97611,2,1,1,6,tsoundzou-Maternelle ( rue de la ),-12.80621,45.20751
202 000 002 634,14,5,2020,680,1,976,97611,2,1,1,6,passamanty-Manguiers (quartier les),-12.79978,45.20333
202 000 002 635,24,12,2020,1017,1,976,97611,2,1,1,6,doujani-Mosquée doujani ( rue ),-12.79311,45.20946
202 000 002 636,2,10,2020,1105,1,74,74008,2,6,2,3,PAIX (RUE DE LA),46.19641,6.21934
202 000 002 637,24,10,2020,910,1,59,59122,2,1,2,6,DUNKERQUE (AVENUE DE),50.1823091,3.2357313
202 000 002 638,18,12,2020,1015,2,22,22106,2,1,1,2,SEGUIN (RUE MARC),48.49241,-2.72728
202 000 002 639,6,11,2020,1075,1,987,98725,2,1,1,-1,RT 2,-17.506798,-149.485801
202 000 002 640,17,8,2020,705,1,91,2A004,2,1,1,4,AVENUE DU DOCTEUR NOEL FRANCHINI,41.93999,8.75625
202 000 002 641,1,11,2020,950,1,82,82121,2,5,1,6,LIBERATION (PLACE DE LA ),44.22418,1.361189
202 000 002 642,9,10,2020,950,1,49,49246,2,2,2,6,Avenue Gallieni,47.43764,0.51131
202 000 002 643,23,11,2020,970,1,26,26281,2,1,1,6,VOLTAIRE (BOULVEVARD),45.44636,5.57455
202 000 002 644,18,9,2020,785,1,75,75119,2,3,1,6,RUE DE SOISSONS,48.885785,2.370954
202 000 002 645,1,10,2020,730,1,69,69227,1,1,2,1,D122,45.678497,4.568619
202 000 002 646,8,12,2020,1000,2,45,45208,2,1,8,6,Rue du Faubourg de la Chaussee,47.99793,2.73908
202 000 002 647,12,8,2020,1205,1,9,9261,2,3,1,3,77 Route de Foix,42.99179,1.155211
202 000 002 648,10,12,2020,1115,5,54,54526,2,3,1,6,PAIX (AVENUE DE LA),48.68758,6.21109
202 000 002 649,19,10,2020,896,3,49,49007,2,1,1,6,FOCH BOULEVARD,47.47223,0.54624
202 000 002 650,22,10,2020,670,1,94,94016,2,1,1,6,CAMILLE DESMOULINS (R),48.79,2.33097
202 000 002 651,31,8,2020,840,1,9,9261,1,1,1,1,D117,42.999233,1.134832
202 000 002 652,26,8,2020,465,2,9,9209,1,1,1,6,D117,42.993411,1.165892
202 000 002 653,14,6,2020,30,5,13,13208,2,1,1,6,POMPIDOU (PROMENADE),43.2632229,5.3741025
202 000 002 654,12,7,2020,750,1,76,76157,1,1,1,3,VAUPALIERE. ROUTE DE LA,49.4635546,1.201138
202 000 002 655,23,5,2020,580,1,76,76540,2,7,1,6,CAUCHOISE. PLACE,49.44566,1.867
202 000 002 656,2,9,2020,570,1,59,59011,2,1,1,6,2 Rue Singer,50.5302583,2.9352707
202 000 002 657,24,11,2020,430,3,33,33063,1,1,1,6,Parking hôpital Pellegrin,44.82857,0.60706
202 000 002 658,2,3,2020,630,1,13,13213,2,1,2,6,ALBERT EINSTEIN (RUE),43.339234,5.439686
202 000 002 659,24,6,2020,1140,1,45,45298,2,1,1,1,MOINES (RUE DES),47.886257,1.873446
202 000 002 660,26,6,2020,1020,1,45,45234,2,1,1,1,Rue du Faubourg Bannier,47.9175508,1.8987048
202 000 002 661,30,11,2020,660,1,13,13001,2,2,1,3,EUROPE (AV),43.52361,5.43713
202 000 002 662,27,9,2020,660,1,95,95197,2,3,2,3,Boulevard de Montmorency,48.9780587,2.316758
202 000 002 663,23,11,2020,1010,1,64,64102,2,6,1,3,6 CHEMIN DES BARTHES,43.4983,-1.49356
202 000 002 664,27,7,2020,1290,1,93,93005,2,1,1,6,AULNES (RUE DES),48.949204,2.507114
202 000 002 665,9,10,2020,390,5,92,92025,2,1,2,3,G.PERI 194 A 416   249 A 435 (RUE),48.9172096,2.236281
202 000 002 666,19,11,2020,1185,5,13,13075,2,1,1,3,LIBERATION (AVE DE LA),43.3411223,5.456899
202 000 002 667,18,9,2020,490,1,6,6029,2,1,9,6,ST PIERRE (QUAI),43.55086,7.1237
202 000 002 668,4,4,2020,558,1,976,97611,2,1,1,7,kaweni-Kaweni sud  (Z I),-12.77257,45.22316
202 000 002 669,18,11,2020,870,1,1,1053,2,3,1,6,Rue du Grand Challes,46.220242,5.234002
202 000 002 670,9,7,2020,930,1,976,97611,2,9,1,6,cavani-Belle vue (rue),-12.78652,45.21953
202 000 002 671,6,7,2020,960,1,976,97611,2,1,1,6,kaweni-Caserne ( rue de la ),-12.7757,45.22455
202 000 002 672,4,12,2020,683,1,64,64284,2,1,1,6,CHARLES DE GAULLE,43.28736,0.39055
202 000 002 673,21,11,2020,1200,5,41,41018,2,1,1,1,PORTE COTE (RUE),47.58707,1.33165
202 000 002 674,21,9,2020,611,1,2,2722,2,6,1,6,CHATEAU-THIERRY ( AVENUE DE ),49.37073,3.32978
202 000 002 675,13,9,2020,1115,1,2,2722,2,6,1,3,REPUBLIQUE  (PLACE DE LA),49.37638,3.32966
202 000 002 676,26,5,2020,675,1,2,2408,2,1,1,7,BASSELET (RUE VICTOR),49.57443,3.61847
202 000 002 677,6,2,2020,860,1,2,2408,2,1,1,6,BROSSOLETTE (BOULEVARD PIERRE),49.569548,3.608654
202 000 002 678,26,2,2020,455,2,2,2408,2,1,8,6,MENDES-FRANCE (AVENUE PIERRE),49.58008,3.64256
202 000 002 679,30,11,2020,5,5,92,92051,1,1,1,2,RN13,48.8867061,2.2546938
202 000 002 680,29,11,2020,560,1,93,93053,1,1,1,6,AUTOROUTE A3,48.89251,2.47303
202 000 002 681,28,11,2020,1425,3,93,93048,1,1,1,6,AUTOROUTE A86,48.8615,2.4837
202 000 002 682,30,11,2020,490,1,77,77258,1,1,1,3,A4.W,48.8302104,2.6272623
202 000 002 683,28,6,2020,195,5,14,14079,2,1,1,1,MICHEL D'ORNANO (AVENUE),49.33241,0.1466
202 000 002 684,14,6,2020,270,5,14,14220,2,3,1,-1,REPUBLIQUE (AVENUE DE LA),49.35598,0.7033
202 000 002 685,30,11,2020,420,1,988,98818,2,1,1,2,VOIE DE DEGAGEMENT EST,-22.27953,166.46408
202 000 002 686,29,11,2020,1245,5,988,98818,2,1,1,6,GERVOLINO (RUE MARCEL),-22.24155,166.46334
202 000 002 687,29,11,2020,535,1,974,97416,1,1,7,7,Boulevard Hubert Delisle,-21.3425,55.46562
202 000 002 688,29,11,2020,850,1,69,69387,2,3,1,3,GAMBETTA                            (CO),45.75,4.85827
202 000 002 689,28,11,2020,645,1,69,69266,2,9,1,-1, FRANCIS DE PRESSENSE (Rue),45.7717,4.87964
202 000 002 690,29,11,2020,1160,5,64,64102,2,2,1,3,ALSACE LORRAINE (BOULEVARD),43.4947,-1.46858
202 000 002 691,12,10,2020,420,2,62,62893,2,9,1,1,SAINT SAENS ( Rue Camille ),50.78014,1.62819
202 000 002 692,28,11,2020,710,1,61,61169,2,2,1,3,BELFORT (RUE DE),48.74479,0.56703
202 000 002 693,28,11,2020,685,1,59,59350,2,1,1,3,HUGO VICTOR  BVD N°104 - 294,50.6218378,3.602711
202 000 002 694,29,11,2020,1155,5,35,35238,2,1,1,3,CHARPENTIER (GUSTAVE),48.12597,-1.65749