Num_Acc,jour,mois,an,hrmn,lum,dep,com,agg,int,atm,col,adr,lat,long
202 000 003 922,21,7,2020,1380,5,75,75101,2,2,1,2,RUE DU LOUVRE,48.86092,2.340866
202 000 003 923,21,7,2020,160,5,75,75113,2,5,1,3,AVENUE DES GOBELINS,48.836793,2.351874
202 000 003 924,22,7,2020,190,5,75,75112,2,1,1,6,QUAI DE LA RAPEE,48.844109,2.369473
202 000 003 925,21,7,2020,1220,1,75,75112,2,4,1,3,RUE DU FAUBOURG SAINT ANTOINE,48.85064,2.378805
202 000 003 926,22,7,2020,840,1,75,75111,2,2,1,6,BOULEVARD DE MENILMONTANT,48.866993,2.38282
202 000 003 927,22,7,2020,560,1,75,75109,2,7,1,3,RUE AUBER,48.871046,2.331907
202 000 003 928,22,7,2020,1215,1,75,75108,2,1,1,7,AVENUE DES CHAMPS ELYSEES,48.866825,2.316919
202 000 003 929,22,7,2020,125,5,75,75108,2,3,1,6,AVENUE DES CHAMPS ELYSEES,48.871088,2.303491
202 000 003 930,21,7,2020,748,1,75,75107,2,3,1,3,BOULEVARD RASPAIL,48.851571,2.326817
202 000 003 931,22,7,2020,1014,1,94,94046,2,2,1,3,GAMBETTA (AV),48.81002,2.44009
202 000 003 932,22,7,2020,506,1,94,94016,2,1,1,-1,ARISTIDE BRIAND (AV),48.7977,2.32269
202 000 003 933,22,7,2020,1200,1,94,94041,2,1,1,2,VERDUN (AV DE),48.80922,2.37349
202 000 003 934,21,7,2020,480,1,94,94041,2,1,1,2,LEON GAMBETTA (PL),48.81444,2.40206
202 000 003 935,22,7,2020,1300,2,94,94017,2,1,1,6,MONUMENT (R DU),48.81134,2.52283
202 000 003 936,22,7,2020,800,1,93,93048,2,3,1,6,THEOPHILE SUEUR (BOULEVARD),48.8663,2.4695
202 000 003 937,22,7,2020,1230,1,93,93045,2,2,1,3,R DE PARIS / R JEAN MOULIN,48.87936,2.41488
202 000 003 938,29,7,2020,985,1,93,93032,2,3,1,3,MAISON BLANCHE  (RUE DE),48.880022,2.533973
202 000 003 939,22,7,2020,802,1,93,93031,2,1,1,2,FOCH (BOULEVARD),48.9494,2.32959
202 000 003 940,22,7,2020,915,1,93,93027,2,9,1,3,VAILLANT-COUTURIER (AVENUE PAUL),48.9181,2.4077
202 000 003 941,22,7,2020,1125,1,93,93001,2,1,1,6,DANIELLE CASANOVA (RUE)  => 54/57,48.918508,2.392952
202 000 003 942,21,7,2020,870,1,92,92063,1,1,1,6,VERSAILLES (ROUTE DE),48.8511108,2.1582945
202 000 003 943,22,7,2020,515,1,92,92024,2,1,1,3,VICTOR HUGO (BD),48.8979498,2.3113269
202 000 003 944,22,7,2020,1320,1,92,92040,2,1,1,7,RODIN (BOULEVARD),48.818615,2.257715
202 000 003 945,22,7,2020,1165,1,92,92040,2,3,1,3,GALLIENI (BOULEVARD),48.831544,2.267199
202 000 003 946,21,7,2020,870,1,92,92035,2,9,1,3,Léon Maurice Nordmann ( rue ),48.9036724,2.2415891
202 000 003 947,22,7,2020,1375,5,92,92012,2,9,1,3,ECOLES (PLACE DES),48.8324364,2.243346
202 000 003 948,22,7,2020,1130,1,92,92012,2,1,1,2,GENERAL LECLERC (AVENUE DU) 35/FIN - 60/,48.8301776,2.2327493
202 000 003 949,3,10,2020,470,5,92,92012,2,2,1,-1,MEUDON (RUE DE) - COTE IMPAIR,48.8255679,2.241898
202 000 003 950,23,7,2020,1033,1,60,60269,1,2,1,3,D901,49.618127,1.948947
202 000 003 951,22,7,2020,750,1,62,62596,2,9,1,7,55 Rue Principale,50.3402835,1.9448016
202 000 003 952,22,7,2020,1155,2,83,83072,2,1,1,1,Boulevard de la Libération,43.494768,6.354507
202 000 003 953,23,7,2020,765,1,91,91390,1,3,1,1,Route de l'Aumone,48.318742,2.76834
202 000 003 954,23,7,2020,690,1,22,22368,1,1,1,3,D118,48.568202,-2.59733
202 000 003 955,22,7,2020,1395,5,41,41194,2,2,1,6,78 Rue Marceau,47.359398,1.752325
202 000 003 956,23,7,2020,570,1,972,97229,2,9,1,3,Boulevard du General de Gaulle,14.608907,-61.92342
202 000 003 957,6,7,2020,5,3,57,57622,1,1,8,6,A4,49.180196,6.36558
202 000 003 958,22,7,2020,690,1,12,12098,2,3,1,6,2 Rue Francois d'Estaing,44.553555,2.672194
202 000 003 959,23,7,2020,525,1,74,74112,1,1,1,-1,D3508,45.923394,6.8516
202 000 003 960,22,7,2020,1065,1,58,58270,1,1,1,6,D114,47.47599,3.34357
202 000 003 961,22,7,2020,870,1,38,38194,1,3,1,3,Le Grand Chemin,45.34189,5.43291
202 000 003 962,22,7,2020,1110,1,84,84091,1,1,1,1,chemin des lacs,44.165198,4.735301
202 000 003 963,21,7,2020,1425,3,41,41200,1,1,1,7,D16,47.759504,1.75351
202 000 003 964,22,7,2020,795,1,76,76734,1,5,1,4,D925,49.604115,0.279046
202 000 003 965,19,7,2020,540,1,41,41106,2,3,1,3,Rue des Michalons,47.595992,2.22745
202 000 003 966,23,7,2020,630,1,34,34051,1,1,1,7,D130,43.592009,3.484615
202 000 003 967,22,7,2020,1388,3,22,22025,2,3,1,7,rue anatole le braz,48.405521,-3.4287
202 000 003 968,23,7,2020,573,1,44,44194,2,3,1,3,rue de Nantes,47.26005,-1.65795
202 000 003 969,22,7,2020,1425,3,26,26105,1,1,1,6,1 Route de Nyons,44.458324,5.369872
202 000 003 970,23,7,2020,535,1,26,26324,2,6,1,3,Route de Pierrelatte,44.345849,4.755015
202 000 003 971,23,7,2020,860,1,72,72007,1,1,1,6,Route départementale 357 PK30,47.997114,0.440641
202 000 003 972,23,7,2020,210,3,72,72217,1,1,1,6,Route de la Guierche,48.90556,0.207786
202 000 003 973,23,7,2020,940,1,6,6071,1,1,1,3,D2202,44.44576,6.841281
202 000 003 974,20,7,2020,810,1,14,14527,1,1,1,3,D613,49.1297981,0.442856
202 000 003 975,22,7,2020,1235,2,5,5032,1,1,3,6,D944,44.71469,6.26093
202 000 003 976,23,7,2020,903,1,60,60405,2,1,1,3,10 Rue de Picardie,49.667447,1.809247
202 000 003 977,23,7,2020,600,1,60,60098,2,2,1,3,Rue Bel air D124,49.651876,1.753972
202 000 003 978,22,7,2020,1185,1,73,73011,1,3,1,1,D925,45.6866103,6.4027537
202 000 003 979,23,7,2020,480,1,4,4111,1,1,1,1,RD 4100,43.920184,5.756965
202 000 003 980,22,7,2020,640,1,4,4116,2,2,1,2,RD 4 / Rue des Prés d'Astruc,44.29135,5.973451
202 000 003 981,23,7,2020,520,1,4,4036,1,3,1,3,RD 900 / Le Lauron,44.1558,6.298621
202 000 003 982,23,7,2020,958,1,85,85133,1,2,1,3,Route d'Anchais,46.367586,0.73367
202 000 003 983,24,6,2020,430,2,27,27679,1,1,1,6,Rue de la Grand Mare,48.807457,0.8546
202 000 003 984,20,7,2020,1290,1,17,17337,2,1,1,7,Port de Boyardville,45.966264,-1.24153
202 000 003 985,23,7,2020,540,1,37,37109,2,2,7,3,Rue Alfred de Musset,47.4078531,0.6068896
202 000 003 986,23,7,2020,870,1,48,48017,2,4,1,7,5 Rue du Coulas,44.435166,3.20105
202 000 003 987,22,7,2020,1430,5,69,69244,2,1,8,6,58 Chemin Finat Duclos,45.757642,4.74898
202 000 003 988,23,7,2020,565,1,6,6004,1,1,1,3,A8,43.604495,7.65475
202 000 003 989,22,7,2020,1090,1,34,34172,1,1,1,4,A709 pk 011+900,43.604013,3.92787
202 000 003 990,23,7,2020,435,1,17,17421,1,1,1,1,RD 14,45.675797,0.953146
202 000 003 991,23,7,2020,750,1,69,69007,1,3,1,-1,D45,45.501279,4.802321
202 000 003 992,21,7,2020,685,1,987,98729,1,1,1,2,VAEANAE PK 20 HAAPITI,-17.533097,-149.838613
202 000 003 993,23,7,2020,430,1,45,45229,1,1,1,2,D135-PR 9 + 50,47.853461,2.756984
202 000 003 994,22,7,2020,600,1,90,90042,1,1,7,2,T11,42.591637,9.439166
202 000 003 995,22,7,2020,845,1,5,5065,2,1,1,1,Rue de Fontloube,44.656943,6.651374
202 000 003 996,8,7,2020,956,1,67,67351,1,1,1,6,D645,48.9521793,7.9952661
202 000 003 997,12,7,2020,1170,1,67,67130,1,1,1,7,D468,48.430866,7.702703
202 000 003 998,22,7,2020,1140,1,63,63470,1,1,1,3,D986,45.8645279,3.404744
202 000 003 999,23,7,2020,910,1,38,38087,2,1,1,3,1515 Avenue Frédéric Mistral,45.574973,4.810402
202 000 004 000,23,7,2020,1005,1,1,1390,1,3,1,1,D20,45.800952,5.263916
202 000 004 001,22,7,2020,940,1,22,22376,1,1,1,7,Cité du Versant,48.207805,-2.78733
202 000 004 002,23,7,2020,590,1,35,35240,1,1,1,3,RD 288,48.112002,-1.775086
202 000 004 003,22,7,2020,1120,1,59,59139,2,3,1,3,100 Rue de la République,50.128705,3.40577
202 000 004 004,22,7,2020,1070,1,59,59034,2,1,1,6,Rue du Château d'Has,50.536485,3.83862
202 000 004 005,22,7,2020,1065,1,13,13106,1,1,1,-1,A7-Sens Lyon vers Marseille,43.3913,5.351
202 000 004 006,22,7,2020,480,1,13,13206,1,1,1,2,Tunnel Prado Carénage,43.283458,5.385003
202 000 004 007,19,7,2020,1125,1,13,13106,1,1,1,2,A51-Sens Aix en Provence vers Marseille,43.40433,5.35861
202 000 004 008,22,7,2020,1035,1,33,33122,1,1,1,5,AUTOROUTE A 63,44.75406,0.68913
202 000 004 009,20,7,2020,1160,1,33,33550,1,1,1,6,AUTOROUTE A 62,44.77545,0.55702
202 000 004 010,22,7,2020,429,1,91,91553,1,1,1,7,RN 104,48.6317,2.4966
202 000 004 011,22,7,2020,1130,1,92,92048,1,1,1,4,N118,48.8277902,2.2248367
202 000 004 012,22,7,2020,510,1,78,78524,1,1,1,5,A13,48.841132,2.105632
202 000 004 013,20,7,2020,1017,1,95,95678,1,1,1,4,RN 184,49.6435,2.21408
202 000 004 014,22,7,2020,720,1,94,94018,1,1,1,4,A4,48.8254583,2.3926834
202 000 004 015,22,7,2020,465,1,93,93051,1,1,1,3,A4,48.8370379,2.5481129
202 000 004 016,22,7,2020,420,1,94,94015,1,1,1,3,A4,48.8316637,2.5314351
202 000 004 017,23,2,2020,690,1,69,69382,1,1,1,4,M7   0.000 A 2.278,45.7339,4.818
202 000 004 018,21,7,2020,735,1,974,97416,2,1,1,3,PRESIDENT MITTERAND(AVENUE),-21.34445,55.48341
202 000 004 019,20,7,2020,550,1,974,97416,1,9,1,5,Route Nationale 3,-21.32979,55.47065
202 000 004 020,21,7,2020,390,2,974,97407,2,6,1,7,ROND POINT DE CAMBAIE,-20.95302,55.29418
202 000 004 021,21,7,2020,420,2,974,97407,1,1,1,2,ANGLAIS (CHE DES) - RIVIERE DES GALETS ,-20.95585,55.31421
202 000 004 022,21,7,2020,1195,5,973,97302,2,9,1,3,JADFARD (RENE),4.9351375,-52.3287606
202 000 004 023,21,7,2020,1240,2,69,69387,2,1,1,6,GUILLOTIERE (DE LA)                 (GR),45.7498,4.8522
202 000 004 024,21,7,2020,1065,1,69,69388,2,1,1,1,CHALLEMEL LACOUR                    (R ),45.72925,4.84922
202 000 004 025,21,7,2020,775,1,972,97209,2,1,1,1,PAUL NARDAL (AVENUE),14.6144478,-61.724841
202 000 004 026,21,7,2020,370,1,972,97209,2,1,1,7,DEVARD AMBROISINE (RUE),14.6153,-61.5267
202 000 004 027,21,7,2020,1313,2,69,69384,2,1,1,6,WINSTON CHURCHILL                   (PT),45.77884,4.84209
202 000 004 028,20,7,2020,1160,5,971,97113,2,1,1,6,MANNE (CITE),16.21373,-61.49967
202 000 004 029,19,7,2020,640,1,971,97107,2,9,1,6,FONDS DEDETTE ( RUE ),16.4176,-61.56624
202 000 004 030,20,7,2020,1110,1,91,2A004,1,1,1,3,MEZZAVIA ROUTE DE,41.952,8.7759
202 000 004 031,16,10,2020,1275,3,13,13215,1,1,1,2,A7-Sens Lyon vers Marseille,43.37319,5.3551
202 000 004 032,16,10,2020,1090,1,13,13055,1,1,1,4,A507 sens Marseille - Aubagne,43.3157,5.4224
202 000 004 033,16,10,2020,445,1,13,13055,1,1,1,2,A507 sens Aubagne- Marseille,43.29774,5.42499
202 000 004 034,9,10,2020,1010,1,69,69276,1,1,1,3,BUS (RD301)   0.000 A 2.800,45.68354,4.85342
202 000 004 035,17,10,2020,405,4,69,69286,1,1,1,7,A 46,45.8221493,4.9183205
202 000 004 036,8,10,2020,515,1,1,1275,1,1,1,4,A42   4.353 A 5.760   GEN/LYON,45.81217,4.94203
202 000 004 037,17,10,2020,85,3,33,33162,1,1,1,6,ROCADE A 630,44.85783,0.66207
202 000 004 038,17,10,2020,630,1,91,91174,1,1,1,2,RN 104,48.614,2.452
202 000 004 039,16,10,2020,1150,1,78,78297,1,1,1,2,RN12,48.792523,2.54291
202 000 004 040,17,10,2020,1150,3,95,95277,1,1,1,6,A104,48.97324,2.48542
202 000 004 041,17,10,2020,15,3,95,95306,1,1,1,2, A15,49.7858,2.1606003
202 000 004 042,16,10,2020,440,2,93,93006,1,1,1,2,AUTOROUTE A3,48.86586,2.42032
202 000 004 043,17,10,2020,975,1,93,93051,1,1,1,3,A4,48.8347865,2.5801011
202 000 004 044,16,10,2020,960,1,93,93051,1,1,1,4,A4,48.83634,2.55446
202 000 004 045,28,5,2020,1380,5,69,69256,2,2,1,3,REPUBLIQUE (DE LA)                  (R ),45.78647,4.924
202 000 004 046,16,10,2020,220,5,988,98818,2,3,1,6,RUE JULES GARNIER/RUE TINDALE,-22.28984,166.44276
202 000 004 047,15,10,2020,775,1,974,97411,2,1,1,3,Boulevard Gabriel Macé,-20.87296,55.452005
202 000 004 048,15,10,2020,1080,1,974,97411,2,1,2,6,Route Gabriel Macé,-20.91129,55.498835
202 000 004 049,16,10,2020,845,1,973,97302,2,1,1,6,MANGUES (RUE DES - CITE MANGUIERS),4.9343252,-52.3230743
202 000 004 050,16,10,2020,440,1,972,97209,2,1,1,2,AUTOROUTE (A1),14.61647,-61.4248
202 000 004 051,15,10,2020,15,3,972,97209,2,9,2,3,CHATEAUBOEUF (ROUTE DE),14.6181051,-61.459575
202 000 004 052,30,9,2020,460,1,83,83050,2,1,1,7,THOMAS(BOULEVARD  EMILE),43.5293,6.4814
202 000 004 053,16,10,2020,705,1,81,81065,1,1,8,3,Route de Toulouse,43.58964,2.19743
202 000 004 054,15,10,2020,861,1,78,78646,2,2,1,5,ORANGERIE (RUE DE L'),48.80084,2.11997
202 000 004 055,16,10,2020,1115,1,78,78190,2,1,1,6,ECLUSE (RUE DE),48.878642,2.131473
202 000 004 056,13,10,2020,1000,1,77,77146,2,1,1,2,BEAUBOURG (BOULEVARD DE),48.81802,2.63042
202 000 004 057,15,10,2020,630,1,76,76351,2,3,1,3,PHILIPPE LEBON,49.495763,0.13133
202 000 004 058,16,10,2020,810,1,74,74218,1,1,8,7,CHAMPANGES (ROUTE DE),46.3833421,6.5697943
202 000 004 059,15,10,2020,765,1,71,71040,2,1,1,3,MACON (ROUTE DE),46.6957051,4.3913942
202 000 004 060,16,10,2020,620,1,69,69290,2,1,1,1,VICTOR SCHOELCHER                   (R ),45.70214,4.98181
202 000 004 061,15,10,2020,1170,5,67,67043,2,1,2,2,BRUMATH (ROUTE DE),48.614626,7.732714
202 000 004 062,15,10,2020,1100,5,67,67482,2,1,1,5,SCHIRMECK (ROUTE DE),48.5746362,7.7257218
202 000 004 063,15,10,2020,510,1,67,67447,2,3,2,-1,PAIX (RUE DE LA),48.60624,7.72913
202 000 004 064,16,10,2020,1200,5,64,64102,2,1,1,1,ALSACE LORRAINE (BOULEVARD),43.49353,-1.4668
202 000 004 065,16,10,2020,1040,1,64,64102,2,3,1,1,DELVAILLE (AVENUE DU DOCTEUR CAMILLE),43.50197,-1.48111
202 000 004 066,16,10,2020,495,1,64,64102,2,1,5,7,SOULT (AVENUE MARECHAL),43.48675,-1.48609
202 000 004 067,15,10,2020,1085,1,64,64102,2,3,1,3,BOUFFLERS (ALLEES),43.49198,-1.46986
202 000 004 068,15,10,2020,873,1,63,63075,2,1,2,2,FONTMAURE (AVENUE DE),45.77791,3.6182
202 000 004 069,13,10,2020,975,1,59,59648,2,1,2,1,MERMOZ JEAN RUE,50.59297,3.484
202 000 004 070,3,10,2020,180,5,59,59350,2,1,2,2,ESPLANADE FACADE,50.64275,3.5331
202 000 004 071,13,10,2020,1175,5,59,59017,2,2,1,3,LIAISON NIEPPE,50.69031,2.86238
202 000 004 072,15,10,2020,1026,1,57,57672,2,1,1,6,EUROPE (CHAUSSEE D'),49.3556,6.1434
202 000 004 073,15,10,2020,850,1,56,56260,2,3,1,3,HERRIOT(AVENUE EDOUARD),47.65721,-2.74565
202 000 004 074,15,10,2020,1080,1,56,56098,2,1,1,6,NORMANDIE NIEMEN ( BD ),47.76282,-3.35893
202 000 004 075,15,10,2020,1032,1,54,54547,2,3,2,6,CREVIC (RUE DE),48.6539346,6.176151
202 000 004 076,15,10,2020,490,1,54,54184,1,1,1,5,AGINCOURT  (ANCIENNE ROUTE D'),48.71894,6.24038
202 000 004 077,10,10,2020,4,5,54,54395,2,3,2,3,SAINT DIZIER (RUE 82 ET 113 A FIN),48.6877341,6.1847303
202 000 004 078,15,10,2020,160,5,50,50602,2,1,1,6,ENTREPRISES (RUE DES),49.63761,-1.59397
202 000 004 079,5,10,2020,858,1,47,47001,2,4,2,6,STALINGRAD (AVENUE DE ),44.20998,0.62907
202 000 004 080,15,10,2020,1040,1,46,46042,2,1,1,3,BARTASSEC (CHEMIN DU),44.436554,1.441922
202 000 004 081,22,8,2020,1225,1,75,75119,2,3,1,6,RUE PETIT,48.88533,2.385164
202 000 004 082,16,10,2020,480,5,45,45285,2,1,1,2,D520,47.9148444,1.8688678
202 000 004 083,16,10,2020,1390,1,44,44109,2,1,2,2,BOULEVARD GENERAL PIERRE KOENIG,47.196285,-1.614882
202 000 004 084,22,8,2020,410,1,75,75114,2,5,1,6,RUE RAYMOND LOSSERAND,48.835991,2.321865
202 000 004 085,22,8,2020,810,1,75,75112,2,5,1,2,RUE DU FAUBOURG SAINT ANTOINE,48.8501,2.384617
202 000 004 086,16,10,2020,1340,5,44,44109,1,1,1,6,BOULEVARD BENOIT FRACHON,47.20736,-1.58018
202 000 004 087,22,8,2020,1210,2,75,75111,2,3,8,6,RUE DE CHARONNE,48.855923,2.392363
202 000 004 088,22,8,2020,1110,1,75,75111,2,2,1,6,RUE DE LA FONTAINE AU ROI,48.868082,2.372521
202 000 004 089,16,10,2020,600,1,44,44162,1,1,1,4,PERIPHERIQUE,47.204488,-1.6235764
202 000 004 090,29,9,2020,630,1,42,42275,2,3,1,3,Impasse de l'Eparre,45.47493,4.38224
202 000 004 091,22,8,2020,1350,5,75,75107,2,2,1,2,RUE DE SEVRES,48.846907,2.316814
202 000 004 092,24,9,2020,325,5,42,42189,2,1,1,3,Voie communale,45.4152315,4.3505695
202 000 004 093,22,8,2020,720,1,75,75107,2,3,8,7,QUAI D ORSAY,48.86243,2.311636
202 000 004 094,4,9,2020,1235,5,42,42218,2,1,1,1,Boulevard Antonio Vivaldi,45.4676722,4.3975672
202 000 004 095,21,8,2020,1175,1,75,75107,2,2,1,7,QUAI BRANLY,48.860585,2.29554
202 000 004 096,5,9,2020,1355,3,42,42218,2,1,1,6,Cours Gustave Nadaud,45.434436,4.395059
202 000 004 097,22,8,2020,870,1,75,75102,2,5,1,3,RUE DE CLERY,48.867338,2.343989
202 000 004 098,10,10,2020,1205,5,41,41018,1,1,1,2,RD 956,47.59471,1.35305
202 000 004 099,16,10,2020,1350,5,35,35238,2,1,1,6,ROBINOT DE ST-CYR (QUAI),48.103373,-1.722535
202 000 004 100,22,8,2020,915,1,75,75101,2,3,1,7,BOULEVARD DE LA MADELEINE,48.869619,2.325889
202 000 004 101,16,10,2020,1040,1,35,35055,2,1,1,6,BONNIN ANDRE (AVENUE),48.8517,-1.61077
202 000 004 102,21,8,2020,1195,2,94,94052,2,1,1,2,JOINVILLE (AV DE),48.828968,2.466716
202 000 004 103,22,8,2020,900,1,94,94017,2,1,1,6,JULIEN HEULOT (R),48.810109,2.539171
202 000 004 104,16,10,2020,540,1,35,35278,1,6,1,3,ALPHASIS (AVENUE D'),48.15194,-1.69723
202 000 004 105,22,8,2020,120,5,93,93073,2,9,1,6,BERGER (RUE GILBERT),48.9499615,2.5771392
202 000 004 106,16,10,2020,1432,5,34,34172,2,2,1,5,VANIERES (AVENUE DE),43.59671,3.84488
202 000 004 107,22,8,2020,840,1,93,93071,2,1,1,3,WESTINGHOUSE (BOULEVARD),48.9270892,2.5198107
202 000 004 108,22,8,2020,1250,5,93,93064,2,1,1,6,GAGNY (AVENUE DE),48.8837802,2.4890903
202 000 004 109,15,10,2020,560,1,34,34172,2,3,1,3,POMPIGNANE (AVENUE DE LA),43.61129,3.89846
202 000 004 110,22,8,2020,1385,5,93,93055,2,3,1,6,HOCHE,48.89569,2.40104
202 000 004 111,16,10,2020,1070,1,33,33063,2,2,1,3,CRS DE L'YSER,44.82574,0.5697
202 000 004 112,21,8,2020,707,1,93,93055,2,1,1,3,GENERAL LECLERC(AVE DU)89/FIN ET 122/FIN,48.8975649,2.4047658
202 000 004 113,16,10,2020,470,5,33,33522,2,1,1,-1,CRS DE LA LIBERATION,44.79899,0.59869
202 000 004 114,22,8,2020,900,1,93,93045,2,2,1,3,R DE PARIS / R JEAN MOULIN,48.8794,2.41491
202 000 004 115,15,10,2020,1260,5,33,33063,2,1,8,3,RUE LUCIEN FAURE,44.86527,0.5599
202 000 004 116,22,8,2020,1050,1,93,93031,2,1,1,5,REPUBLIQUE (AVENUE),48.9504113,2.3262092
202 000 004 117,15,10,2020,1010,1,31,31555,2,1,1,3,RUE DU LOT,43.58184,1.40782
202 000 004 118,16,10,2020,470,3,29,29039,1,1,1,6,Chemin de la Haie,47.8865624,-3.8847119
202 000 004 119,14,10,2020,485,4,29,29019,2,3,3,1,Boulevard Léon Blum,48.40417,-4.48453
202 000 004 120,16,10,2020,565,1,27,27375,2,4,1,3,DUNANT (AVENUE HENRI),49.20486,1.16786
202 000 004 121,15,10,2020,1030,1,26,26058,2,1,1,2,LONG MONTEE DU,44.9645,4.88723
202 000 004 122,22,8,2020,755,1,93,93047,2,2,1,3,AV DENIS PAPIN / AV PASCAL,48.90648,2.58787
202 000 004 123,15,10,2020,720,1,25,25056,2,1,1,3,MEGEVAND RUE,47.23512,6.2462
202 000 004 124,22,8,2020,900,1,93,93001,2,2,1,3,LECUYER (RUE),48.90807,2.39468
202 000 004 125,15,10,2020,1130,5,25,25056,2,6,2,2,CHURCHILL BD WINSTON,47.245079,5.995987
202 000 004 126,16,10,2020,703,1,14,14118,2,1,1,2,CREULLY (AVENUE DE),49.18585,0.35912
202 000 004 127,22,8,2020,825,1,92,92026,2,3,1,3,COLOMBES,48.8968897,2.2564794
202 000 004 128,16,10,2020,530,2,14,14137,1,1,1,-1,ROUTE NATIONALE 13,49.19163,0.43221
202 000 004 129,22,8,2020,690,1,92,92078,2,1,1,1,GALLIENI (BD) (109 A 141),48.9292808,2.3318213
202 000 004 130,16,10,2020,1400,5,13,13208,2,1,1,1,TURBINE (RUE DE LA),43.276697,5.379905
202 000 004 131,22,8,2020,960,1,92,92012,2,1,1,2,QUATRE SEPTEMBRE (QUAI DU),48.8443212,2.2262764
202 000 004 132,16,10,2020,1040,1,13,13209,2,1,1,3,LUMINY (AVENUE DE),43.24292,5.43817
202 000 004 133,21,8,2020,1080,1,12,12256,1,1,1,6,D24,44.472654,1.857247
202 000 004 134,16,10,2020,975,1,13,13209,2,1,1,3,SEIGNEURIE (TRAVERSE DE LA),43.2414669,5.4092485
202 000 004 135,16,10,2020,545,1,13,13215,2,1,1,6,HENRI BARNIER (BOULEVARD),43.368462,5.344681
202 000 004 136,22,8,2020,1030,1,35,35094,1,1,1,3,D82,48.336233,-1.716941
202 000 004 137,23,8,2020,760,1,16,16045,1,1,1,6,Liei dit Le Maine Charles,45.563399,0.5616
202 000 004 138,16,10,2020,1120,1,13,13028,2,1,1,2,ROUMANILLE (AVENUE JOSEPH),43.200682,5.623059
202 000 004 139,23,8,2020,855,1,91,2A362,1,1,1,7,D368,41.700698,9.212058
202 000 004 140,16,10,2020,720,1,13,13028,2,2,1,3,CAMUGLI (AVENUE ANTOINE ),43.18302,5.61266
202 000 004 141,15,10,2020,785,1,11,11262,2,2,1,3,FRANCE (AVENUE ANATOLE),43.1871178,2.9906639
202 000 004 142,23,8,2020,1001,1,63,63175,1,1,1,7,Départementale 987,45.742146,2.577367
202 000 004 143,15,10,2020,1085,2,11,11069,2,2,2,3,MARTY ANTOINE,43.2163,2.3561
202 000 004 144,22,8,2020,1040,1,17,17472,1,1,1,1,D10,46.24199,-1.85554
202 000 004 145,15,10,2020,470,1,11,11069,2,9,2,3,POMPIDOU GEORGES -ROND POINT-,43.2262,2.3312
202 000 004 146,16,8,2020,692,1,38,38242,1,1,1,1,D1075,44.919932,5.634645
202 000 004 147,22,8,2020,1055,1,66,66050,2,1,1,6,avenue georges freche,42.773369,2.915604
202 000 004 148,15,10,2020,485,1,11,11069,2,2,2,3,VERDUN,43.21261,2.35052
202 000 004 149,14,10,2020,1185,3,11,11069,2,1,2,3,POMPIDOU GEORGES -ROND POINT-,43.2262,2.3311
202 000 004 150,22,8,2020,1150,1,34,34095,1,1,1,5,D613,43.553245,3.787129
202 000 004 151,16,10,2020,791,1,10,10387,2,1,1,6,PAIX (RUE DE LA),48.30591,4.6551
202 000 004 152,23,8,2020,60,5,57,57529,2,1,1,1,36 Route de Rumelange,49.448159,6.24652
202 000 004 153,15,10,2020,1140,5,3,3310,2,1,1,6,AILES (ALLEE DES),46.1369389,3.4158371
202 000 004 154,22,8,2020,1070,1,57,57106,2,1,1,1,Rue de Metz,49.288519,6.532552
202 000 004 155,17,10,2020,55,5,1,1344,2,1,1,6,TREVOUX (AVENUE DE),46.20038,5.19529
202 000 004 156,22,8,2020,1035,1,59,59194,1,1,1,1,D934,50.180735,3.642306
202 000 004 157,16,10,2020,1020,1,75,75117,2,4,1,2,PORTE DE CHAMPERRET,48.884658,2.286128
202 000 004 158,23,8,2020,330,3,59,59663,2,2,2,7,place général de gaulle,50.88329,2.46824
202 000 004 159,16,10,2020,795,1,75,75119,2,1,1,3,PORTE DE PANTIN,48.889128,2.396297
202 000 004 160,22,8,2020,1360,5,90,90207,2,1,1,5,T10,42.450402,9.506371
202 000 004 161,15,10,2020,810,1,75,75116,2,1,1,4,PORTE DE SAINT CLOUD,48.835115,2.25999
202 000 004 162,21,8,2020,1170,1,80,80288,2,2,7,1,D1029,49.875179,2.822208
202 000 004 163,16,10,2020,570,1,75,75118,2,2,1,2,AVENUE DE SAINT OUEN,48.89493,2.328085
202 000 004 164,23,8,2020,925,1,71,71144,1,2,1,3,D681,47.5034,4.3467407
202 000 004 165,16,10,2020,1020,1,75,75117,2,7,1,3,BOULEVARD GOUVION SAINT CYR,48.884096,2.289029
202 000 004 166,21,8,2020,975,1,63,63423,1,1,1,7,D996,45.596173,3.419355
202 000 004 167,16,10,2020,1060,1,75,75115,2,1,1,6,BOULEVARD VICTOR,48.835768,2.279232