Num_Acc,jour,mois,an,hrmn,lum,dep,com,agg,int,atm,col,adr,lat,long
202 000 004 168,23,8,2020,945,1,47,47281,1,1,1,7,Route des Abeilles,44.173663,0.811272
202 000 004 169,15,10,2020,1380,3,75,75112,2,1,1,3,ROUTE SAINT HUBERT,48.827232,2.450666
202 000 004 170,18,8,2020,600,1,39,39039,1,1,1,1,N/A,47.143835,5.683147
202 000 004 171,16,10,2020,925,1,75,75107,2,3,1,3,AVENUE DE LOWENDAL,48.850953,2.306076
202 000 004 172,22,8,2020,680,1,25,25120,1,1,1,1,ROUTE DE PONTARLIER,47.3015,6.164403
202 000 004 173,21,8,2020,780,1,31,31553,1,2,1,3,D1,43.71538,1.168284
202 000 004 174,16,10,2020,495,1,75,75107,2,2,1,1,AVENUE DUQUESNE,48.852704,2.308558
202 000 004 175,23,8,2020,775,1,85,85302,1,1,1,6,Chanverrie,46.94461,0.95449
202 000 004 176,16,10,2020,1070,1,75,75104,2,1,1,7,VOIE GEORGES POMPIDOU,48.850884,2.361111
202 000 004 177,16,10,2020,445,5,75,75102,2,2,1,3,RUE SAINT AUGUSTIN,48.868886,2.336699
202 000 004 178,22,8,2020,555,1,70,70245,2,1,1,6,Rue de la Gare,47.887206,6.406845
202 000 004 179,15,10,2020,560,1,75,75104,2,1,1,6,PONT LOUIS PHILIPPE,48.853912,2.355341
202 000 004 180,16,10,2020,1230,5,94,94068,2,2,1,3,LOUIS BLANC (AV),48.795706,2.499481
202 000 004 181,19,8,2020,480,1,6,6163,1,1,1,1,RD6204 pk 22+150,44.34429,7.580191
202 000 004 182,15,10,2020,945,1,94,94068,2,1,1,3,PONT DE CRETEIL (R DU),48.803563,2.471742
202 000 004 183,23,8,2020,140,4,50,50341,2,1,1,6,7 Rue de la Foulerie,49.485049,-1.377032
202 000 004 184,14,10,2020,1020,1,94,94068,2,2,1,3,DOCTEUR ROUX (R DU),48.7872,2.4885
202 000 004 185,23,8,2020,870,1,64,64317,1,3,1,2,Route départementale 88,43.369628,-1.463982
202 000 004 186,16,10,2020,510,2,94,94076,2,1,1,2,LOUIS ARAGON (AV),48.7886,2.371
202 000 004 187,22,8,2020,270,3,64,64317,2,1,1,6,route de basseboure,43.3556368,-1.4312748
202 000 004 188,23,8,2020,1065,1,53,53013,1,1,1,7,route departemental 121,48.35893,0.232387
202 000 004 189,22,8,2020,1394,5,21,21124,2,1,1,6,Rue de la Chelmine,47.203487,4.354481
202 000 004 190,15,10,2020,710,1,94,94076,2,1,8,5,REPUBLIQUE (AV DE LA),48.7877,2.35519
202 000 004 191,22,8,2020,1435,3,40,40012,1,1,1,6,Route de Maoucounten,43.850757,0.405893
202 000 004 192,15,10,2020,555,1,94,94076,2,1,8,3,PARIS (AV DE),48.80318,2.3644
202 000 004 193,13,10,2020,565,1,94,94034,2,1,1,6,EMILE ZOLA (R),48.76053,2.32601
202 000 004 194,22,8,2020,870,1,17,17309,1,1,1,7,Pillet Ouest,45.179904,0.339
202 000 004 195,16,10,2020,995,1,94,94033,2,2,1,3,REPUBLIQUE (AV DE LA),48.8523021,2.4628376
202 000 004 196,23,8,2020,945,1,3,3193,1,1,1,3,N/A,46.5083184,2.6145727
202 000 004 197,16,10,2020,770,1,94,94028,2,1,1,6,GAULLE(AVENUE DU GENERAL DE),48.78359,2.45273
202 000 004 198,23,8,2020,1080,1,95,95678,1,1,1,1,D9,49.75918,2.248292
202 000 004 199,15,10,2020,1020,1,94,94028,2,1,1,6,MESLY(AVENUE DU CHEMIN DE),48.78526,2.46016
202 000 004 200,14,10,2020,1367,5,94,94028,2,1,1,7,EUROPARC(ZONE),48.7651,2.47339
202 000 004 201,23,8,2020,710,1,42,42256,1,3,1,2,Route de Boisset,45.500019,4.147523
202 000 004 202,14,10,2020,915,1,94,94028,2,9,1,3,KENNEDY.(BOULEVARD JOHN),48.775663,2.464108
202 000 004 203,23,8,2020,105,3,33,33199,1,6,1,6,A660,44.614705,-1.72819
202 000 004 204,16,10,2020,690,1,94,94059,2,1,1,3,MARECHALE (AV DE LA),48.81597,2.56873
202 000 004 205,16,10,2020,1035,1,93,93066,2,1,1,3,VAILLANT COUTURIER PAUL (AV) NR 2 A 110,48.93001,2.362
202 000 004 206,22,8,2020,480,1,31,31037,1,1,1,2,A 61 pk 275+000 sens Narbonne Toulouse,43.3496522,1.8136816
202 000 004 207,21,8,2020,1130,1,34,34032,1,1,1,6,A75,43.346403,3.280535
202 000 004 208,16,10,2020,504,1,93,93066,2,1,1,5,MOULIN JEAN (AVENUE) NR 2 A 8 ET 1 A 11,48.9392475,2.3620284
202 000 004 209,16,10,2020,1350,5,93,93064,2,2,1,3,BD GABRIEL PERI / AV DU GENERAL DE GAULLE,48.87748,2.47965
202 000 004 210,16,10,2020,650,1,93,93077,2,1,1,4,GRANDE RUE,48.881982,2.520407
202 000 004 211,16,10,2020,1290,5,93,93051,2,1,1,6,MONT D'EST (BD),48.8432702,2.5466001
202 000 004 212,15,10,2020,495,1,93,93051,2,1,1,2,REMPART (BD),48.837346,2.5468713
202 000 004 213,16,10,2020,595,1,93,93048,2,1,8,3,ARISTIDE BRIAND (BOULEVARD),48.8783574,2.4576065
202 000 004 214,15,10,2020,1350,5,93,93048,2,1,1,6,BOISSIERE (BOULEVARD DE LA),48.8778,2.458
202 000 004 215,15,10,2020,1080,1,93,93045,2,2,8,6,PARIS RUE DE,48.8793783,2.4148843
202 000 004 216,23,8,2020,73,3,45,45202,1,1,1,6,A10 pk 118+400 sens province direction PARIS,47.81595,1.63398
202 000 004 217,16,10,2020,890,1,93,93027,2,1,1,3,BARBUSSE (AVENUE HENRI),48.93204,2.3983
202 000 004 218,23,8,2020,60,5,976,97615,2,1,1,2,6 Rue Manga Foutet,-12.795794,45.273864
202 000 004 219,16,10,2020,1165,5,93,93047,2,1,1,3,HARDY  (BOULEVARD),48.9060093,2.568545
202 000 004 220,22,8,2020,865,1,973,97305,1,1,1,1,RN 1 - PK 20,4.951919,-52.425942
202 000 004 221,16,10,2020,910,1,92,92073,2,3,1,3,GALLIENI (QUAI),48.8716458,2.2329885
202 000 004 222,22,8,2020,660,1,34,34146,2,1,7,6,Avenue de la République,43.677114,4.86372
202 000 004 223,16,10,2020,990,1,92,92048,2,2,1,3,BRUYERES (CARREFOUR DES),48.8123238,2.2148915
202 000 004 224,15,10,2020,485,2,92,92063,2,3,1,3,REGNAULT (RUE HENRI),48.8589705,2.1856711
202 000 004 225,16,10,2020,870,1,92,92062,2,1,1,6,WALLACE (BD RICHARD) DU 17 AU 91 ET DU 3,48.8806997,2.2380862
202 000 004 226,15,10,2020,505,1,92,92051,2,1,1,2,CHARLES DE GAULLE (AVENUE,48.881323,2.271483
202 000 004 227,15,10,2020,915,1,92,92036,2,1,1,3,GABRIEL PERI (AVENUE) (101/129),48.920754,2.295172
202 000 004 228,15,10,2020,1290,5,92,92025,2,1,1,4,CHARLES DE GAULLE (BD),48.91787,2.22456
202 000 004 229,14,10,2020,1150,5,92,92025,2,1,1,2,LOUIS SEGUIN (BD),48.9338,2.24835
202 000 004 230,16,10,2020,1250,5,92,92024,2,2,1,3,RUE DU 08 MAI 1945,48.898857,2.3099175
202 000 004 231,16,10,2020,480,2,92,92071,2,1,1,3,CLEMENCEAU GEORGES (AVENUE),48.7835209,2.3057234
202 000 004 232,14,10,2020,500,1,92,92012,2,1,1,7,GENERAL LECLERC (AVENUE DU) 35/FIN - 60/,48.8305715,2.2340122
202 000 004 233,23,8,2020,180,5,83,83107,1,1,1,6,Route Nd7,43.462965,6.643124
202 000 004 234,22,8,2020,1005,1,13,13082,1,1,1,7,Route Departementale 543,43.705112,5.352402
202 000 004 235,16,8,2020,1083,1,13,13096,1,1,1,1,D38c,43.550515,4.381185
202 000 004 236,17,8,2020,1125,1,54,54115,2,2,1,3,Rue Philippe Martin,48.731441,6.164199
202 000 004 237,22,8,2020,1150,1,33,33324,1,4,1,7,D 708 Aux Grandes Joualles,44.80129,0.22588
202 000 004 238,23,8,2020,636,1,22,22389,1,1,1,7,D765,48.463147,-2.650956
202 000 004 239,16,10,2020,475,2,92,92012,2,1,8,6,REINE (ROUTE DE LA) 82/FIN - 107TER/FIN,48.8404176,2.2313847
202 000 004 240,16,10,2020,810,1,92,92002,2,9,1,3,PRESIDENT KENNEDY (50 A LA FIN),48.738936,2.298998
202 000 004 241,17,10,2020,340,3,1,1362,1,1,1,6,Au treney,45.957405,4.875398
202 000 004 242,17,10,2020,5,3,62,62265,1,1,1,6,D193,50.609879,2.217007
202 000 004 243,21,8,2020,1182,2,13,13001,1,1,1,2,A51-Sens Marseille vers Aix en Provence,43.4877,5.4079
202 000 004 244,16,10,2020,720,1,1,1004,1,1,8,2,L'Aviation,45.972562,5.338154
202 000 004 245,16,10,2020,1160,2,41,41150,2,2,1,3,Rue de l'Aumône,47.5618,1.452763
202 000 004 246,17,10,2020,219,3,71,71150,1,1,8,2,A6,46.2382031,4.7967109
202 000 004 247,17,10,2020,5,3,10,10248,1,1,1,1,D141,48.309317,3.96615
202 000 004 248,21,8,2020,1000,1,69,69256,1,1,1,3,RN346  S/N   25.686 A 29.300,45.79592,4.93414
202 000 004 249,16,10,2020,1005,1,972,97210,1,1,1,1,rd 6 Clément,14.606532,-60.909598
202 000 004 250,4,10,2020,1095,2,1,1143,1,2,2,2,D984c,46.359946,6.12123
202 000 004 251,16,8,2020,1350,3,54,54304,1,1,1,2, A 33,48.69565,6.11693
202 000 004 252,22,8,2020,1373,3,33,33013,1,3,1,2,N230 / N89,44.86847,0.50264
202 000 004 253,22,8,2020,1050,1,91,91037,1,1,1,3,AUTOROUTE A6,48.5417,2.498
202 000 004 254,22,8,2020,995,1,91,91363,1,1,1,6,AUTOROUTE A10,48.6587,2.1832
202 000 004 255,22,8,2020,460,1,91,91174,1,1,1,6,RN 104,48.62334,2.46768
202 000 004 256,16,10,2020,960,1,63,63404,1,1,2,7,A75,45.571667,3.249147
202 000 004 257,21,8,2020,405,2,91,91521,1,1,2,7,RN 104,48.6336,2.4007
202 000 004 258,22,8,2020,750,1,93,93053,1,1,1,6,AUTOROUTE A103,48.88851,2.47223
202 000 004 259,21,8,2020,1425,3,95,95582,1,1,1,4,A15,48.96848,2.25136
202 000 004 260,21,8,2020,775,1,93,93064,1,1,1,3,AUTOROUTE A86,48.88148,2.47393
202 000 004 261,22,8,2020,1320,3,77,77449,1,1,1,6,A4,48.83295,2.79062
202 000 004 262,22,8,2020,195,3,77,77294,1,1,1,2,A104,48.969904,2.598358
202 000 004 263,26,4,2020,860,1,974,97409,2,1,1,2,LAGOURGUE(CHEMIN),-20.9480701,55.6624522
202 000 004 264,16,10,2020,975,1,59,59418,2,1,1,6,Rue Pierre Boeynaems,50.504137,3.454583
202 000 004 265,23,2,2020,297,4,75,75102,2,7,1,6,PLACE DE L OPERA,48.870657,2.33255
202 000 004 266,16,10,2020,1210,3,57,57186,1,1,1,1,D55,49.268463,6.384945
202 000 004 267,21,8,2020,630,1,988,98818,2,3,1,1,AVENUE JAMES COOK,-22.26821,166.42621
202 000 004 268,16,10,2020,1425,3,76,76222,1,1,1,1,RD43,49.4895069,0.887666
202 000 004 269,17,10,2020,600,1,82,82046,1,1,1,6,Coutures,43.942483,0.983105
202 000 004 270,21,8,2020,1080,2,974,97416,2,3,1,3,BEGUE (RUE MOISE),-21.34497,55.48086
202 000 004 271,17,10,2020,630,1,71,71028,1,1,1,6,D323,46.829552,5.437887
202 000 004 272,21,8,2020,1070,2,974,97411,2,9,1,2,JAURES (BOULEVARD JEAN),-20.90071,55.49682
202 000 004 273,16,10,2020,1290,3,86,86137,1,3,1,3,D347,47.18799,0.68836
202 000 004 274,20,8,2020,975,1,974,97411,2,1,1,3,RAMBAUD (LEOPOLD),-20.8863,55.4813
202 000 004 275,16,10,2020,1295,3,86,86281,1,1,1,2,D757,46.683496,0.302296
202 000 004 276,20,8,2020,450,1,974,97411,2,1,2,4,MONNERVILLE (BOULEVARD GASTON),-20.896,55.448
202 000 004 277,20,8,2020,335,2,974,97411,1,1,2,6,RN2/043,-20.88634,55.49348
202 000 004 278,17,10,2020,880,1,34,34338,1,1,1,6,D908,43.608455,3.380535
202 000 004 279,21,8,2020,1100,1,69,69386,2,2,1,1,FRANKLIN ROOSEVELT                  (CO),45.76894,4.84731
202 000 004 280,16,10,2020,1420,3,22,22004,2,1,1,6,17 Rue Saint Bernard,48.632852,-3.297433
202 000 004 281,21,8,2020,885,1,69,69387,2,1,1,7,MARCEL MERIEUX                      (R ),45.72882,4.8302613
202 000 004 282,17,10,2020,1180,3,25,25172,1,2,1,3,RD 459,47.258765,5.742717
202 000 004 283,21,8,2020,735,1,69,69386,2,2,1,3,THIERS                              (AV),45.7662974,4.8619943
202 000 004 284,16,10,2020,780,1,44,44002,2,1,1,6,30 Avenue de la Vendée,47.75412,-1.397882
202 000 004 285,21,8,2020,985,1,972,97213,1,1,2,1,ROUTE DEPARTEMENTALE 3,14.675,-60.991
202 000 004 286,16,10,2020,1121,1,35,35109,1,1,1,1,Le Bas Monperron,48.89568,-1.227695
202 000 004 287,21,8,2020,21,3,972,97213,1,1,2,6,ROUTE NATIONALE 1,14.6,-60.977602
202 000 004 288,20,8,2020,1247,5,972,97213,1,1,1,3,ROUTE NATIONALE 5,14.5964859,-60.9942627
202 000 004 289,16,10,2020,1075,1,29,29079,1,6,1,4,D58 - Rue Jacques Gueguen,48.645132,-3.947694
202 000 004 290,17,10,2020,35,5,38,38006,2,1,1,6,Route de la Ratz,45.403154,6.82655
202 000 004 291,21,8,2020,1025,1,69,69034,2,3,1,1,GEORGES CLEMENCEAU                  (QU),45.79009,4.82097
202 000 004 292,16,10,2020,1430,3,2,2085,2,1,1,7,D1,49.90796,3.397763
202 000 004 293,20,8,2020,500,1,69,69389,2,1,1,3,PROFESSEUR PATEL (DU)               (R ),45.76582,4.78729
202 000 004 294,16,10,2020,1185,3,70,70111,1,1,1,7,N19,47.644776,6.291293
202 000 004 295,21,8,2020,740,1,91,2A004,2,2,1,3,PIETRI FRANCOIS RUE,41.9351,8.75096
202 000 004 296,12,10,2020,435,2,54,54077,2,1,1,1,D21,48.5927711,6.8415481
202 000 004 297,21,8,2020,555,1,91,91589,2,4,1,3,BRIAND (BOULEVARD ARISTIDE),48.682301,2.343473
202 000 004 298,15,8,2020,1020,1,6,6016,1,1,1,7,D28,44.92733,6.991532
202 000 004 299,21,8,2020,665,1,91,91377,2,3,1,6,CHAMPARTS (RUE DES),48.716854,2.293668
202 000 004 300,17,10,2020,960,1,5,5061,1,1,1,1,Les Farreaux (Arrêt de bus),44.625366,6.83347
202 000 004 301,20,8,2020,1361,3,87,87085,2,1,1,6,BEAUBREUIL (AVENUE DE),45.87544,1.29985
202 000 004 302,16,10,2020,1315,3,45,45081,1,1,1,7,Rue de Villemain,47.9356926,1.5807434
202 000 004 303,7,8,2020,1328,5,84,84007,2,1,1,1,PARKING CAP SUD,43.9299,4.8359
202 000 004 304,17,10,2020,25,3,64,64152,2,3,1,6,200 Chemin de Guitte,43.3435583,0.3005736
202 000 004 305,17,10,2020,230,5,10,10261,2,1,1,7,3 Ruelle des 3 Poissons,47.976793,4.498345
202 000 004 306,14,8,2020,614,1,84,84007,2,1,1,3,SIXTE ISNARD (Boulevard),43.9376,4.81148
202 000 004 307,16,10,2020,1125,2,53,53112,1,2,1,3,D119,48.360462,0.315117
202 000 004 308,16,10,2020,1050,1,53,53134,1,3,1,3,La Baillée,48.121299,0.461555
202 000 004 309,7,8,2020,60,5,83,83137,2,3,1,3,DE LATTRE DE TASSIGNY (AVE MARECHAL),43.1169,5.937
202 000 004 310,16,10,2020,600,1,24,24133,1,1,1,2,Les Communaux,45.531587,0.966813
202 000 004 311,20,8,2020,660,1,83,83069,2,1,1,6,COMBATTANTS D' AFRIQUE DU NORD ( AVENUE,43.12169,6.11003
202 000 004 312,16,10,2020,1120,1,27,27317,1,1,1,1,Rue de la Chapelle,49.383389,0.684677
202 000 004 313,21,8,2020,1010,1,77,77468,2,1,1,6,PARIS (RUE DE),48.85079,2.65337
202 000 004 314,16,10,2020,925,1,28,28191,1,1,1,6,D28,48.581299,1.67769
202 000 004 315,16,10,2020,600,1,37,37050,2,4,1,3,5 Rue Thomas Edison,47.3383577,0.7021158
202 000 004 316,21,8,2020,420,1,76,76540,2,2,1,3,EUROPE. BOULEVARD DE L',49.43454,1.7608
202 000 004 317,20,8,2020,735,1,74,74012,2,1,1,3,RESISTANCE (RUE DE LA),46.19671,6.26211
202 000 004 318,17,10,2020,930,1,42,42279,2,1,1,3,Allée des Mûriers,45.498103,4.261268
202 000 004 319,19,8,2020,1290,5,74,74012,2,6,1,3,ETOILE (PLACE DE L'),46.1942598,6.2403578
202 000 004 320,16,10,2020,1005,1,49,49321,1,1,1,7,A11,47.424226,0.939674
202 000 004 321,21,8,2020,975,1,69,69266,2,1,1,6,EMILE ZOLA     (Cours),45.7648,4.9052
202 000 004 322,17,10,2020,355,3,51,51588,1,1,1,7,A4,49.759063,4.8051889
202 000 004 323,20,8,2020,1100,1,67,67447,2,8,1,3,PIERRE MENDES FRANCE (AVENUE),48.603097,7.756887
202 000 004 324,17,10,2020,550,1,988,98803,1,1,1,6,route de poe,-21.584289,165.492371
202 000 004 325,20,8,2020,1053,1,67,67482,2,8,1,6,COLMAR (AVENUE DE),48.56297,7.75258
202 000 004 326,20,8,2020,830,1,67,67218,1,1,1,-1,NEUHOF (ROUTE DE),48.53725,7.74566
202 000 004 327,21,8,2020,48,3,66,66141,1,1,1,7,R D 900,42.74916,2.89443
202 000 004 328,15,10,2020,1310,4,971,97118,2,6,9,3,Route de la Traversee,16.214112,-61.621951
202 000 004 329,20,8,2020,545,1,64,64373,2,1,1,6,GENERAL DE GAULLE DU,43.2799901,0.3613331
202 000 004 330,20,8,2020,550,1,64,64122,2,9,1,3,MARCEL DASSAULT (BD),43.464771,-1.5429354
202 000 004 331,17,10,2020,660,1,971,97114,1,2,8,3,638 Chemin de Barthelemy,16.128484,-61.579319
202 000 004 332,17,10,2020,947,1,33,33214,1,1,1,6,D6e1,45.50907,-1.173391
202 000 004 333,17,8,2020,630,1,62,62427,2,1,1,6,MONTPENCHER (R),50.421153,2.948668
202 000 004 334,20,8,2020,945,1,60,60463,1,1,1,3,Rue Jean Monnet,49.28674,2.45793
202 000 004 335,19,8,2020,990,1,57,57672,2,1,1,3,PAUL ALBERT (RUE) - PAIR,49.35662,6.156032
202 000 004 336,15,10,2020,1125,1,45,45311,1,1,1,7,chemin de la Canche,47.838683,2.234473
202 000 004 337,19,8,2020,802,1,56,56162,1,1,1,1,Boulevard de l'Atlantique,47.70928,-3.44246
202 000 004 338,21,8,2020,1040,1,54,54184,1,1,1,1,RD83,48.71623,6.24136
202 000 004 339,16,10,2020,1310,3,30,30257,2,9,1,3,Rue de la Safranière,43.879577,4.483076
202 000 004 340,16,10,2020,600,1,34,34299,1,1,1,7,D64,43.250908,3.272102
202 000 004 341,21,8,2020,840,1,54,54395,2,1,1,4,BAZIN (RUE HENRI) + (SENTIER),48.69604,6.19152
202 000 004 342,20,8,2020,625,5,49,49353,2,1,1,3,N/A,47.4400385,0.4849101
202 000 004 343,11,10,2020,1405,3,54,54043,1,1,1,2,rd 974  ,48.5854368,6.805035
202 000 004 344,21,8,2020,1055,1,44,44109,2,1,1,6,Rue Auguste Lepère,47.22627,-1.59713
202 000 004 345,17,10,2020,1070,1,57,57230,1,1,1,1,D603,49.98234,6.515579
202 000 004 346,21,8,2020,635,1,44,44109,2,1,1,6,Quai de la Fosse,47.209,-1.56697
202 000 004 347,21,8,2020,975,1,42,42207,2,6,1,1,Route de Cellieu,45.4900783,4.5217527
202 000 004 348,16,10,2020,1070,1,74,74143,2,1,1,6,Place de la Mairie,45.889761,6.797778
202 000 004 349,20,8,2020,290,5,42,42184,2,1,1,6,Boulevard Ouest,46.3819,4.4571
202 000 004 350,16,10,2020,475,1,69,69228,2,2,8,3,La Roussillière,45.5580296,4.6409973
202 000 004 351,21,8,2020,955,1,37,37261,2,6,1,3,BELGIQUE (RUE DE),47.4257575,0.6970049
202 000 004 352,17,10,2020,740,1,69,69204,2,1,8,6,D342,45.712087,4.772382
202 000 004 353,21,8,2020,945,1,35,35238,2,1,1,7,VILLEBOIS MAREUIL (BD),48.101831,-1.64952
202 000 004 354,16,10,2020,525,1,9,9047,1,1,1,6,D16,42.893526,1.935681
202 000 004 355,17,10,2020,967,1,9,9293,1,1,1,6,23 La Plano Del Calmil,42.972038,1.520813
202 000 004 356,21,8,2020,110,5,34,34172,2,3,1,3,GARRATS (AVENUE DES),43.610528,3.83893
202 000 004 357,17,10,2020,90,3,85,85208,1,1,1,6,La Nicolière,46.852443,-1.399121
202 000 004 358,22,8,2020,5,5,33,33063,1,4,1,3,AVE DE NONTRASTE,44.87736,0.56654
202 000 004 359,20,8,2020,750,1,31,31149,2,1,1,3,SERRES (AVENUE EDOUARD),43.61159,1.35206
202 000 004 360,21,8,2020,1060,1,27,27681,2,1,1,6,JAURES (BOULEVARD JAURES),49.9277,1.47087
202 000 004 361,21,8,2020,868,1,27,27681,2,1,1,3,FOCH (AVENUE DU MARECHAL),49.9761,1.47606
202 000 004 362,21,8,2020,465,1,14,14118,2,2,1,-1,MORICE (AVENUE PROFESSEUR),49.20599,0.35935
202 000 004 363,21,8,2020,1420,5,13,13106,2,1,1,1,8 MAI 1945 (AVENUE DU),43.3877,5.3598
202 000 004 364,21,8,2020,1080,1,13,13205,2,3,7,1,JEANNE D'ARC (BOULEVARD),43.293255,5.4041309
202 000 004 365,21,8,2020,930,1,13,13203,2,1,1,3,STRASBOURG (BOULEVARD),43.30758,5.37588
202 000 004 366,21,8,2020,855,1,13,13208,2,1,1,6,MAZARGUES (AVENUE DE),43.25823,5.39427
202 000 004 367,21,8,2020,630,1,13,13205,2,1,1,6,JEAN MOULIN (BOULEVARD),43.28498,5.39881
202 000 004 368,21,8,2020,295,5,13,13216,2,1,1,6,ESTAQUE PLAGE,43.360338,5.294645
202 000 004 369,20,8,2020,1145,1,13,13212,2,1,1,2,BOUYALA D'ARNAUD (BOULEVARD),43.29684,5.441791
202 000 004 370,20,8,2020,1310,5,12,12174,1,1,1,6,Olemps,44.3334061,2.5554119
202 000 004 371,21,8,2020,130,3,11,11069,1,1,1,6,SAINT HILAIRE -ROUTE DE-,43.1996286,2.3543388
202 000 004 372,21,8,2020,1005,1,10,10081,1,1,2,6,ROCADE OUEST (RD 610),48.3092,4.222
202 000 004 373,20,8,2020,1338,5,10,10387,2,1,1,2,TERRASSES (RUE),48.29176,4.7811
202 000 004 374,20,8,2020,395,1,6,6123,2,1,1,3,COUBERTIN PIERRE DE AVENUE,43.67192,7.192867
202 000 004 375,20,8,2020,480,1,6,6027,2,1,1,5,RENOIR AVENUE AUGUSTE,43.6647,7.152121
202 000 004 376,14,8,2020,1276,2,75,75118,2,2,1,-1,RUE ORDENER,48.890246,2.359917
202 000 004 377,21,8,2020,150,5,75,75105,2,1,1,3,RUE DU CARDINAL LEMOINE,48.848999,2.354037
202 000 004 378,21,8,2020,1133,1,75,75119,2,1,1,6,AVENUE DE FLANDRE,48.893563,2.380397
202 000 004 379,20,8,2020,1425,5,75,75119,2,4,1,3,AVENUE CORENTIN CARIOU,48.895848,2.383552
202 000 004 380,21,8,2020,1160,1,75,75118,2,3,1,3,BOULEVARD NEY,48.897766,2.334053
202 000 004 381,21,8,2020,1090,1,75,75117,2,4,1,2,AVENUE DE WAGRAM,48.882212,2.301169
202 000 004 382,19,8,2020,1245,5,75,75116,2,1,1,6,RUE MOLITOR,48.84529,2.2598
202 000 004 383,21,8,2020,1290,5,75,75115,2,2,1,-1,RUE BALARD,48.84242,2.277614
202 000 004 384,21,8,2020,1200,1,75,75115,2,1,1,6,RUE CAMBRONNE,48.842402,2.302865
202 000 004 385,21,8,2020,985,1,75,75114,2,2,1,3,AVENUE DE LA PORTE DE CHATILLON,48.822642,2.314837
202 000 004 386,21,8,2020,590,1,75,75114,2,2,1,3,AVENUE DU MAINE,48.836832,2.323222
202 000 004 387,21,8,2020,460,1,75,75114,2,1,1,6,RUE VERCINGETORIX,48.831623,2.309611
202 000 004 388,20,8,2020,1430,5,75,75107,2,1,1,6,BOULEVARD DES INVALIDES,48.850115,2.314768
202 000 004 389,21,8,2020,1060,1,75,75112,2,1,1,-1,QUAI DE BERCY,48.82928,2.387541
202 000 004 390,21,8,2020,780,1,75,75112,2,3,1,3,ROUTE DE CEINTURE DU LAC DAUMESNIL,48.828132,2.419352
202 000 004 391,21,8,2020,1148,1,75,75111,2,1,1,6,BOULEVARD VOLTAIRE,48.860809,2.375069
202 000 004 392,21,8,2020,1110,1,75,75109,2,1,1,3,RUE DU FAUBOURG MONTMARTRE,48.873753,2.342675
202 000 004 393,21,8,2020,900,1,75,75104,2,1,1,6,BOULEVARD BOURDON,48.84836,2.366156
202 000 004 394,20,8,2020,1209,1,75,75102,2,2,1,7,RUE DAUNOU,48.869544,2.331513
202 000 004 395,20,8,2020,950,1,75,75103,2,1,1,3,BOULEVARD SAINT MARTIN,48.868811,2.356606
202 000 004 396,21,8,2020,1070,1,94,94068,2,9,1,3,SAINT MAUR (PONT DE),48.784541,2.495333
202 000 004 397,21,8,2020,740,1,94,94068,2,1,1,3,PONT DE CRETEIL (R DU),48.801575,2.472144
202 000 004 398,20,8,2020,1360,5,94,94076,2,1,1,2,MAXIME GORKI (BD),48.79247,2.36935
202 000 004 399,21,8,2020,1280,5,94,94041,2,3,1,1,DIX NEUF MARS 1962 (R DU),48.809091,2.373641
202 000 004 400,21,8,2020,1164,1,94,94073,2,1,1,6,RENE PANHARD (AV),48.76431,2.39328
202 000 004 401,20,8,2020,1375,5,94,94033,2,2,1,3,REPUBLIQUE (AV DE LA),48.85227,2.45651
202 000 004 402,21,8,2020,855,1,93,93070,2,1,1,3,MICHELET(AV):N°1AU 103,48.9025,2.34409
202 000 004 403,21,8,2020,1245,2,93,93066,2,3,1,3,POULMARCH JEAN,48.9330298,2.3422761
202 000 004 404,21,8,2020,595,1,93,93064,2,2,1,2,PERI (BOULEVARD GABRIEL)  0 - 37 / 42,48.87735,2.47996
202 000 004 405,21,8,2020,1266,2,93,93031,2,3,1,3,SAINT LEU (ROUTE DE) 1 à 157,48.9515,2.33891
202 000 004 406,21,8,2020,1190,1,93,93010,2,1,1,2,GALLIENI (AV.) DE 177 A 211,48.9067269,2.4858947
202 000 004 407,21,8,2020,1060,1,93,93005,1,1,1,2,R PAUL CEZANNE,48.9526855,2.4918706
202 000 004 408,2,8,2020,825,1,92,92077,2,1,1,3,ST CLOUD (RUE DE),48.8275,2.18885
202 000 004 409,20,8,2020,1050,1,92,92050,2,6,1,2,DROITS DE L'HOMME PLACE DES,48.8960049,2.2157782
202 000 004 410,21,8,2020,940,1,92,92040,2,1,1,7,STALINGRAD (QUAI DE),48.8249014,2.2575057
202 000 004 411,16,8,2020,1228,2,92,92012,2,2,1,3,SAUSSIERE (RUE DE LA),48.8377443,2.2403861
202 000 004 412,22,8,2020,670,1,22,22050,2,7,1,6,Place du 11 Novembre 1918,48.456747,-2.52791