Num_Acc,jour,mois,an,hrmn,lum,dep,com,agg,int,atm,col,adr,lat,long
202 000 004 413,22,8,2020,435,1,11,11261,1,1,1,2,A 61 PK 346.400,43.173448,2.629702
202 000 004 414,18,8,2020,1005,1,71,71583,1,1,1,2,A6,46.2619593,4.7924377
202 000 004 415,22,8,2020,1155,1,41,41232,1,9,1,7,AUTROUTE A71 PK 156+200,47.422968,2.19124
202 000 004 416,21,8,2020,1320,3,22,22369,1,1,1,7,RN 12 PR 014+900,48.343272,-2.287517
202 000 004 417,21,8,2020,1110,1,51,51476,1,2,1,3,D977,49.268395,4.4142578
202 000 004 418,21,8,2020,1410,3,59,59094,1,1,1,7,Route de Craywick,50.956494,2.218745
202 000 004 419,22,8,2020,780,1,36,36033,1,1,1,-1, ÉCHANGEUR 19,46.506529,1.5048594
202 000 004 420,4,2,2020,760,1,2,2408,2,6,8,2,FOCH (AVENUE DU MARECHAL),49.56272,3.60067
202 000 004 421,26,2,2020,785,1,92,92040,2,1,2,6,BOURGAIN (AVENE),48.8217793,2.2672074
202 000 004 422,2,12,2020,525,1,93,93029,2,1,-1,2,FERNAND PENA,48.916572,2.433065
202 000 004 423,2,12,2020,525,5,93,93029,2,1,1,2,R FERNAND PENA,48.91733,2.43366
202 000 004 424,29,11,2020,695,1,38,38298,2,6,1,1,Rue de Bregnieux,45.378494,4.804346
202 000 004 425,16,11,2020,1427,5,38,38451,2,1,1,6,2 Rue de la Girine,45.757277,5.218606
202 000 004 426,1,12,2020,780,1,76,76351,2,1,1,6,ETRETAT (D'),49.497899,0.96258
202 000 004 427,15,9,2020,837,1,26,26198,2,1,1,5,136 route du Teil,44.55631,4.724872
202 000 004 428,4,12,2020,690,1,7,7102,2,1,3,7,N/A,44.93696,4.86712
202 000 004 429,16,12,2020,1035,5,5,5061,2,1,1,6,SILOS ( RUE DES ),44.56791,6.952
202 000 004 430,24,11,2020,494,1,78,78551,2,9,1,6,SCHNAPPER,48.887633,2.95558
202 000 004 431,28,11,2020,1285,5,27,27229,2,1,1,6,QUATORZE JUILLET (BOULEVARD),49.1453,1.17005
202 000 004 432,13,12,2020,1020,2,70,70388,1,1,1,7,FRAPERTUIS (RUE DU),47.60327,6.10922
202 000 004 433,16,12,2020,1080,3,17,17010,1,1,2,1,Route du Pont de la Pierre,46.113103,-1.116807
202 000 004 434,18,12,2020,1126,3,69,69006,1,1,1,6,D13e3,45.973673,4.292886
202 000 004 435,13,12,2020,785,1,27,27547,1,1,1,6,d49,49.53677,0.399456
202 000 004 436,18,12,2020,495,1,77,77222,2,4,1,2,59 Rue de Troyes,48.635043,2.800844
202 000 004 437,5,10,2020,730,1,92,92025,2,2,8,3,PIERRE CURIE (RUE),48.915633,2.234932
202 000 004 438,10,9,2020,740,1,92,92025,2,2,1,6,MENELOTTE  2A 50 (AV),48.9284375,2.2595988
202 000 004 439,8,10,2020,515,1,73,73065,2,3,1,3,AV LECLERC / PARENT NICOLAS (RUE),45.570275,5.916717
202 000 004 440,1,10,2020,590,1,60,60159,1,1,3,6,D 14,49.3962,2.89242
202 000 004 441,15,9,2020,990,1,94,94028,2,1,1,3,MESLY(AVENUE DU CHEMIN DE),48.78549,2.46024
202 000 004 442,4,1,2020,725,1,92,92025,2,2,1,3,CHARLES DE GAULLE (BD),48.9117714,2.2324508
202 000 004 443,29,9,2020,872,1,70,70550,2,1,2,6,R.N. 19,47.63415,6.15821
202 000 004 444,13,3,2020,880,1,976,97611,2,9,1,6,mamoudzou centre-Jardin du collège(rue d,-12.78009,45.22381
202 000 004 445,13,11,2020,570,1,78,78551,2,6,2,6,DESOYER (LEON),48.89951,2.85557
202 000 004 446,1,12,2020,855,1,13,13202,2,3,1,3,PORT (QUAI DU),43.296065,5.374023
202 000 004 447,30,11,2020,650,1,11,11262,2,6,1,7,ESPAGNE (AVENUE D'),43.16968,2.98936
202 000 004 448,8,12,2020,1100,5,76,76351,2,1,3,6,RENE COTY,49.498096,0.11636
202 000 004 449,15,12,2020,1248,5,60,60667,2,1,2,1,Avenue René Firmin,49.314163,2.736626
202 000 004 450,23,10,2020,998,1,81,81105,2,1,1,1,Square Maréchal Foch,43.762935,1.991326
202 000 004 451,19,10,2020,660,1,95,95210,2,1,1,2,MALLEVILLE (RUE DE),48.96764,2.30549
202 000 004 452,14,10,2020,475,2,69,69142,2,1,2,3,GENERAL DE GAULLE                   (AV),45.72597,4.81178
202 000 004 453,12,10,2020,800,1,45,45068,2,1,1,3,Rue Condorcet,48.2289,2.73539
202 000 004 454,24,9,2020,970,1,49,49007,2,1,1,1,Avenue du Général Patton,47.47367,0.58285
202 000 004 455,13,6,2020,950,1,92,92025,2,2,1,1,VALMY 1 A 53   2 A 66 (BD DE),48.92612,2.25302
202 000 004 456,28,6,2020,725,1,83,83069,1,1,1,5,AEROPORT (AVENUE DE L'),43.9973,6.13249
202 000 004 457,13,9,2020,345,5,6,6004,2,1,1,7,R.N.98 BORD DE MER SIESTA,43.590571,7.124334
202 000 004 458,28,8,2020,1050,1,69,69382,2,2,2,3,CHARLEMAGNE                         (CO),45.73973,4.81832
202 000 004 459,27,8,2020,1359,5,35,35281,2,9,1,7,DODIN (AVENUE ROGER),48.7836,-1.71257
202 000 004 460,18,9,2020,1110,1,35,35238,2,1,1,6,CHATILLON (DE),48.8881,-1.67178
202 000 004 461,30,11,2020,995,1,2,2750,2,1,1,6,28 Route de Coucy-le-château,49.517892,3.227216
202 000 004 462,22,8,2020,775,1,976,97611,2,9,1,3,kaweni-Mangrove (route de la),-12.775,45.225
202 000 004 463,31,8,2020,675,1,6,6069,2,1,1,2,CASTORS (CHEMIN DES),43.63921,6.93372
202 000 004 464,15,1,2020,770,1,94,94046,2,1,1,6,VICTOR HUGO (R),48.7997,2.4415
202 000 004 465,26,9,2020,1320,5,24,24145,2,9,1,1,ROQUE (AVENUE  DE LA),44.85258,0.55041
202 000 004 466,13,9,2020,597,1,24,24037,2,9,1,3,N1021 (rocade RN21-D660),44.8199,0.4761
202 000 004 467,30,6,2020,440,1,59,59350,2,3,1,2,RENARD RUE VICTOIRE,50.6118159,3.656523
202 000 004 468,25,6,2020,795,1,59,59648,2,2,1,3,JAURES JEAN RUE,50.60003,3.5182
202 000 004 469,26,5,2020,685,1,59,59663,1,2,1,3,BELLE CROIX (RUE DE LA),50.8821328,2.4711535
202 000 004 470,20,5,2020,1165,1,59,59043,1,1,1,6,STEENWERCK (ROUTE DE),50.71452,2.76689
202 000 004 471,16,5,2020,670,1,59,59043,2,9,1,3,LILLE (RUE DE),50.73023,2.7468
202 000 004 472,29,7,2020,560,1,14,14220,2,2,7,6,REPUBLIQUE (AVENUE DE LA),49.3574002,0.741746
202 000 004 473,8,7,2020,685,1,14,14715,2,1,8,6,CARNOT,49.36691,0.7972
202 000 004 474,28,12,2020,1095,5,42,42187,2,1,1,6,Rue Pierre Semard,46.3862,4.5799
202 000 004 475,18,12,2020,1020,1,33,33448,2,1,1,1,D214,44.714416,0.50211
202 000 004 476,4,12,2020,990,1,65,65100,2,1,1,6,MOULIN (RUE JEAN),43.260901,0.42701
202 000 004 477,3,12,2020,1077,5,8,8105,2,7,2,6,DUCALE PLACE,49.77356,4.72069
202 000 004 478,25,11,2020,1065,3,91,91553,1,1,1,3,RN 104,48.631,2.49126
202 000 004 479,30,12,2020,390,3,60,60196,1,1,2,1,D927,49.290006,2.90235
202 000 004 480,30,9,2020,960,1,69,69091,2,1,1,6,ALARCON (RUE MICHEL),45.58249,4.77531
202 000 004 481,6,7,2020,1270,1,65,65440,2,2,1,3,HUGO (RUE VICTOR),43.235709,0.69869
202 000 004 482,11,2,2020,990,1,36,36044,2,1,1,2,Avenue des Marins,46.8088576,1.6804036
202 000 004 483,14,8,2020,1020,1,36,36044,2,1,1,6,ARGENTON (AV D'),46.8025834,1.6721696
202 000 004 484,21,8,2020,1115,1,36,36044,2,1,1,7,48 Chemin de Soulasse,46.8181138,1.7223269
202 000 004 485,25,1,2020,913,1,36,36202,2,1,1,4,34 Avenue d’Occitanie,46.7906355,1.6616888
202 000 004 486,15,2,2020,964,1,36,36044,2,1,1,7,Avenue de la Châtre,46.8068435,1.7088227
202 000 004 487,29,9,2020,840,1,35,35238,2,9,1,3,ROOSEVELT (BD FRANKLIN),48.9746,-1.65727
202 000 004 488,22,8,2020,905,1,17,17306,2,1,1,3,sous l'avenue Louis Bouchet,45.626041,0.999265
202 000 004 489,19,7,2020,420,1,17,17306,2,1,1,3,BAILLET (BD COLONEL ROBERT),45.63183,-1.3211
202 000 004 490,15,7,2020,1105,1,17,17306,2,1,1,2,REUTIN (BD FELIX),45.62385,-1.3233
202 000 004 491,15,7,2020,1070,1,17,17461,2,3,1,3,GARNIER (AVENUE  FREDERIC),45.642162,-1.65811
202 000 004 492,29,5,2020,405,1,2,2168,2,2,1,3,D1,49.4747,3.383416
202 000 004 493,27,11,2020,1110,5,973,97302,2,1,1,6,MADELEINE (ROUTE DE LA),4.91516,-52.32097
202 000 004 494,30,11,2020,783,1,973,97302,2,3,1,3,BARTHELEMY (RENE),4.9355777,-52.3309476
202 000 004 495,29,11,2020,1405,5,973,97302,2,1,1,7,MADELEINE (ROUTE DE LA),4.9393063,-52.3264861
202 000 004 496,29,11,2020,580,1,973,97302,2,1,1,6,MERE THERESA (rue),4.91943,-52.31267
202 000 004 497,30,11,2020,460,1,972,97213,1,1,1,2,AUTOROUTE A1,14.617,-61.17
202 000 004 498,29,11,2020,1047,1,91,91021,2,1,1,2,AV DIVISION LECLERC,48.59677,2.24592
202 000 004 499,30,11,2020,1425,5,91,91161,2,6,2,6,AV MAZARIN,48.708,2.31066
202 000 004 500,30,11,2020,1050,5,91,91687,2,1,1,6,GUYNEMER (BOULEVARD),48.677713,2.37633
202 000 004 501,28,11,2020,650,1,76,76351,1,1,1,6,BOIS AU COQ (AVENUE),49.5165,0.1194
202 000 004 502,29,11,2020,802,1,74,74298,1,1,1,1,BONNEVILLE (ROUTE DE ),46.1685,6.272
202 000 004 503,29,11,2020,700,1,69,69290,2,1,1,6,COLOMBIER (DU)                      (R ),45.7064384,4.9327771
202 000 004 504,30,11,2020,745,1,65,65100,2,2,1,3,FRANCE (RUE ANATOLE),43.254551,0.46963
202 000 004 505,24,11,2020,689,1,63,63113,2,5,1,3,VERDUN (PLACE DE),45.76541,3.8231
202 000 004 506,28,11,2020,1030,5,59,59350,2,2,1,3,BELFORT BOULEVARD DE,50.62187,3.7936
202 000 004 507,28,11,2020,904,1,56,56162,1,3,1,3,AEROGARE,47.75009,-3.43442
202 000 004 508,27,11,2020,579,1,54,54329,2,3,1,6,BLD. GEORGES POMPIDOU,48.58594,6.4809
202 000 004 509,27,11,2020,473,5,49,49007,2,6,5,3,DE LATTRE DE TASSIGNY,47.45779,0.54435
202 000 004 510,29,11,2020,975,1,49,49007,2,1,1,6,GATELLERIE IMPASSE,47.49625,0.55696
202 000 004 511,30,11,2020,575,1,45,45285,2,2,1,6,Rue des Chaises - rue des cerises,47.9213728,1.883189
202 000 004 512,30,11,2020,575,2,29,29232,2,1,7,1,Avenue Jacques le Viol,47.9935299,-4.138907
202 000 004 513,30,11,2020,630,1,29,29232,2,1,1,3,Rue Charles le Goffic,47.98529,-4.6113
202 000 004 514,28,11,2020,565,1,25,25056,2,1,1,7,RAGOTS   CHEMIN DES,47.23358,6.4993
202 000 004 515,30,11,2020,480,1,21,21166,2,2,1,5,Avenue Roland Carraz,47.2987991,5.197866
202 000 004 516,30,11,2020,900,1,17,17461,2,1,1,3,FALAISE (BOULEVARD DE LA),45.629261,-1.6326
202 000 004 517,27,11,2020,450,5,14,14118,2,4,1,6,BRIAND (BOULEVARD ARISTIDE),49.17812,0.36385
202 000 004 518,24,11,2020,630,1,14,14118,2,7,1,6,SAINT OUEN (RUE),49.17519,0.37743
202 000 004 519,30,11,2020,1215,5,13,13203,2,2,1,2,GUIBAL (RUE),43.30572,5.38397
202 000 004 520,28,11,2020,574,1,11,11262,2,6,1,7,HUBERT MOULY (AVENUE),43.1801609,3.188828
202 000 004 521,30,11,2020,735,1,6,6069,1,9,1,3,PLAN (ROUTE DU) -D304-,43.650718,6.948747
202 000 004 522,29,8,2020,1130,3,976,97611,2,1,1,6,doujani-Carrière ( rue de la ),-12.79318,45.20818
202 000 004 523,7,7,2020,1135,3,976,97611,2,1,1,6,mgombani-Baobab ( Bd ),-12.7825155,45.2336901
202 000 004 524,2,7,2020,560,1,93,93072,2,1,2,6,MOLIERE (SQUARE),48.94973,2.3734
202 000 004 525,27,7,2020,915,1,59,59122,2,1,1,2,COMTE D'ARTOIS (RUE DU),50.18069,3.22035
202 000 004 526,30,1,2020,1260,5,59,59122,2,2,2,6,CREVECOEUR (RUE DE),50.1582248,3.241771
202 000 004 527,26,1,2020,670,1,59,59122,2,1,1,6,VICTOIRE (AVENUE DE LA),50.1734,3.233072
202 000 004 528,26,11,2020,775,1,59,59350,1,6,1,3,PASTEUR CARREFOUR,50.6430019,3.726154
202 000 004 529,23,11,2020,605,1,38,38185,2,3,1,6,Cours Berriat,45.18864,5.70941
202 000 004 530,18,11,2020,1104,5,38,38151,2,9,1,6,Avenue du 8 Mai 1945,45.14919,5.71804
202 000 004 531,14,9,2020,300,5,92,92050,1,1,1,2,A14,48.8960999,2.2250306
202 000 004 532,22,8,2020,570,1,976,97611,1,1,1,7,passamanty-Vahibé ( route ),-12.793,45.193
202 000 004 533,5,12,2020,945,1,58,58194,2,1,1,6,HENRI BOUQUILLARD,46.99459,3.13422
202 000 004 534,20,9,2020,1110,1,91,91247,1,1,1,7,D836,48.477217,2.51193
202 000 004 535,17,6,2020,1125,1,73,73213,1,9,1,3,D201 - 320 Rte d'Apremont,45.555247,5.951382
202 000 004 536,28,1,2020,890,1,78,78158,1,2,1,3,N/A,48.833768,2.142882
202 000 004 537,6,2,2020,1110,2,41,41018,1,1,1,2,RD 956.,47.59373,1.35432
202 000 004 538,3,9,2020,480,1,69,69034,2,9,1,2,JEAN PETIT                          (CH),45.80786,4.85606
202 000 004 539,9,8,2020,1256,5,91,2A004,1,1,1,1,RICANTO ROUTE ET PLAGE,41.92849,8.7707
202 000 004 540,15,5,2020,1105,1,95,95585,2,1,1,5,REFUZNICKS (ROUTE DES),48.98446,2.3867
202 000 004 541,17,10,2020,690,1,84,84035,2,1,1,6,LIBERATION (AVENUE DE LA),43.84951,5.3737
202 000 004 542,17,11,2020,490,2,64,64445,2,2,1,6,LILAS DES,43.30924,0.3442
202 000 004 543,24,11,2020,615,1,11,11262,2,1,1,7,HUGO (QUAI ET PASSERELLE VICTOR),43.1816,3.759
202 000 004 544,24,11,2020,150,5,11,11262,2,1,1,3,LECLERC (AVENUE DU GENERAL),43.1769833,2.9942811
202 000 004 545,28,12,2020,993,1,86,86214,2,2,1,6,Rue de la Chaume,46.554587,0.333643
202 000 004 546,8,7,2020,592,1,976,97611,2,1,1,1,cavani-Rond point du Baobab,-12.78517,45.22786
202 000 004 547,21,2,2020,805,1,976,97611,2,1,1,-1,kaweni-Poste ( rue de la ),-12.77474,45.22285
202 000 004 548,5,12,2020,1005,1,33,33234,2,1,2,1,Rue du Bourg,44.785073,0.495635
202 000 004 549,12,12,2020,534,2,69,69275,1,1,2,6,RN346  ,45.763,4.985
202 000 004 550,14,12,2020,1160,5,58,58194,2,1,1,6,LOURDES,46.9915,3.1553
202 000 004 551,4,12,2020,800,1,92,92051,2,9,1,6,ROULE (AVENUE DU,48.882644,2.276826
202 000 004 552,22,12,2020,35,3,38,38544,1,1,2,6,A7,45.54329,4.85197
202 000 004 553,29,10,2020,1009,1,38,38152,2,2,1,3,D1085,45.498643,5.300941
202 000 004 554,23,8,2020,420,2,13,13215,2,9,1,6,LYON (RUE DE),43.333077,5.364257
202 000 004 555,23,11,2020,515,1,11,11262,2,1,1,7,FRANCE (AVENUE ANATOLE),43.183974,2.995756
202 000 004 556,1,8,2020,638,1,976,97611,2,1,1,3,m'tsapere-M'tsapéré- M'tsangani ( rue ),-12.79364,45.2192
202 000 004 557,6,7,2020,1080,1,93,93078,1,1,1,6,SAUSSET (AVENUE DU),48.96325,2.51786
202 000 004 558,26,2,2020,1110,2,93,93048,2,1,1,3,DOCTEUR FERNAND LAMAZE (AVENUE DU),48.8770469,2.4510071
202 000 004 559,5,2,2020,610,1,93,93048,2,2,8,6,FAIDHERBE (AVENUE),48.8659981,2.440871
202 000 004 560,21,11,2020,885,1,33,33063,2,3,1,3,CRS D'ALBRET,44.83723,0.5812
202 000 004 561,9,6,2020,505,1,976,97611,2,1,1,6,kaweni-Caserne ( rue de la ),-12.775674,45.224152
202 000 004 562,12,11,2020,520,1,95,95252,2,1,1,6,VERT DES GRATTES BOEUFS (CHEMIN),48.99121,2.21566
202 000 004 563,19,8,2020,740,1,84,84007,2,1,1,2,TRILLADE (avenue de la ),43.9288,4.8208
202 000 004 564,23,8,2020,645,1,68,68224,2,2,1,3,ROMAINS (RUE DES),47.7734,7.3212
202 000 004 565,25,4,2020,1398,5,63,63113,2,1,1,6,DORMOY (AVENUE MARX),45.7671571,3.820165
202 000 004 566,1,6,2020,380,1,29,29151,2,1,1,6,Rampe Saint Nicolas,48.58156,-3.82652
202 000 004 567,22,10,2020,1034,1,5,5061,2,1,8,6,EMBRUN ( AVENUE D'),44.568746,6.100189
202 000 004 568,29,8,2020,304,5,75,75106,2,7,1,2,QUAI DE CONTI,48.857767,2.336836
202 000 004 569,19,8,2020,45,5,84,84007,2,2,1,5,C.De GAULLE (Rocade),43.93404,4.83153
202 000 004 570,29,11,2020,615,1,44,44184,2,2,7,6,RAMPE (PLACE DE LA),47.2724,-2.2002
202 000 004 571,27,10,2020,1120,2,49,49007,2,1,1,6,LYCEE PLACE,47.46718,0.54498
202 000 004 572,2,3,2020,380,3,93,93010,2,2,2,3,AV GALLIENI / R JULES GUESDE,48.9043,2.4729
202 000 004 573,26,2,2020,760,1,93,93010,2,9,3,6,AV HENRI BARBUSSE,48.90188,2.48503
202 000 004 574,27,10,2020,1110,2,69,69266,2,1,1,3,FREDERIC FAYS      (Rue),45.76371,4.90444
202 000 004 575,17,2,2020,440,2,26,26057,1,1,1,1,Route d'Alixan,45.2988,5.35847
202 000 004 576,27,8,2020,1285,5,27,27375,2,1,2,6,HAYE MALHERBE (ROUTE DE LA),49.21391,1.14113
202 000 004 577,19,8,2020,350,3,27,27701,1,1,1,1,ORMET (VOIE DE L'),49.2402,1.2309
202 000 004 578,15,8,2020,70,3,27,27375,1,1,1,7,RD313,49.22756,1.15616
202 000 004 579,31,7,2020,1280,1,27,27375,2,1,1,7,MONTFORT (ROUTE DE),49.21278,1.15559
202 000 004 580,26,7,2020,458,1,67,67482,1,1,8,6,Autoroute A.351,48.5848808,7.7257705
202 000 004 581,18,7,2020,1140,1,27,27375,2,6,7,2,FOLLEVILLE (ROND POINT DE),49.209,1.1803
202 000 004 582,18,7,2020,115,5,27,27375,2,1,1,6,BLERIOT (RUE LOUIS),49.20335,1.18741
202 000 004 583,19,6,2020,1016,1,63,63113,2,3,1,6,BIEN ASSIS (RUE DE),45.7880806,3.956065
202 000 004 584,19,12,2020,550,1,8,8105,2,3,1,6,BRONNERT BOULEVARD,49.76402,4.69388
202 000 004 585,18,12,2020,915,1,41,41046,1,1,1,7,C1,47.618741,1.92044
202 000 004 586,18,12,2020,945,1,86,86066,1,9,1,2,A10,46.805086,0.513368
202 000 004 587,31,12,2020,610,1,66,66037,2,9,1,6,52 Boulevard de Las Bigues,42.704587,3.19769
202 000 004 588,9,6,2020,545,1,27,27229,2,2,1,2,MONNET (RUE JEAN),49.3393,1.18349
202 000 004 589,11,11,2020,875,1,976,97611,2,1,1,3,kaweni-Centrale EDM (rue de la ),-12.77538,45.22328
202 000 004 590,18,1,2020,530,2,29,29254,2,1,1,6,Rue du Tunes,48.5703385,-3.847373
202 000 004 591,17,11,2020,1060,5,27,27229,2,9,1,6,QUATORZE JUILLET (BOULEVARD),49.652,1.16289
202 000 004 592,24,12,2020,740,1,43,43157,2,1,1,3,2 Avenue de la Dentelle,45.412727,3.8884091
202 000 004 593,15,12,2020,1077,4,5,5061,2,1,2,6,SAGNIERES ( RUE DES ),44.55123,6.6746
202 000 004 594,4,12,2020,1080,4,92,92078,2,5,2,-1,MARC SANGNIER (AVENUE),48.925747,2.32674
202 000 004 595,21,12,2020,1050,4,74,74010,2,1,3,6,Rte de la Roche sur Foron,45.933696,6.129701
202 000 004 596,17,11,2020,390,2,69,69081,1,1,1,3,M6   449.510 A 451.640,45.78263,4.78285
202 000 004 597,3,6,2020,700,1,62,62291,2,1,1,6,SCHAFFNER (R DU DOCTEUR ),50.41966,2.81438
202 000 004 598,29,9,2020,1240,5,84,84007,2,2,1,3,PIERRE SEMARD (avenue),43.93468,4.83164
202 000 004 599,18,12,2020,1050,2,83,83061,2,2,1,6,AVENUE DE LATTRE DE TASSIGNY,43.4324496,6.7491567
202 000 004 600,30,12,2020,870,1,72,72181,1,1,1,2,TOURS (RTE) LIGNE DROITE DES HUNAUDIERES,47.95093,0.23045
202 000 004 601,2,12,2020,1286,5,29,29019,2,1,1,6,Rue Albert Louppe,48.4043126,-4.4759423
202 000 004 602,27,11,2020,945,1,95,95428,2,1,1,2,RUE DU TEMPLE,48.98505,2.31865
202 000 004 603,26,11,2020,400,2,91,91161,2,1,1,1,RTE DE LONGJUMEAU,48.71358,2.29806
202 000 004 604,27,11,2020,945,1,91,91432,1,1,1,7,RD 118,48.7122,2.3517
202 000 004 605,26,11,2020,457,2,87,87085,2,2,1,3,BENEDICTINS (AVENUE DES),45.83265,1.26656
202 000 004 606,27,11,2020,920,1,82,82121,2,3,1,6,DOUMERC (BOULEVARD BLAISE),44.122822,1.363052
202 000 004 607,27,11,2020,465,2,79,79191,2,2,1,3,Rue Villechanoux,46.32419,0.43521
202 000 004 608,26,11,2020,504,1,78,78646,2,2,1,3,PARIS (AVENUE DE),48.79836,2.15367
202 000 004 609,22,11,2020,1145,3,77,77337,1,1,1,6,D199-D499,48.84566,2.63033
202 000 004 610,25,11,2020,1125,2,77,77288,2,2,1,1,COTY (RUE RENE),48.551133,2.649634
202 000 004 611,27,11,2020,380,5,76,76305,2,1,2,1,MARCEL LE MIGNOT (AVENUE),49.5011303,0.2189707
202 000 004 612,26,11,2020,930,1,76,76351,2,3,1,3,FELIX FAURE,49.500207,0.104134
202 000 004 613,27,11,2020,430,5,69,69256,2,3,1,3,PAUL MARCELLIN                      (AV),45.77384,4.93238
202 000 004 614,27,11,2020,910,2,69,69264,2,2,1,6,FERRY JULES  R,45.9822,4.73501
202 000 004 615,26,11,2020,1317,5,66,66136,2,1,2,6,R D 900,42.67844,2.88056
202 000 004 616,27,11,2020,1030,1,64,64445,2,5,1,3,EDOUARD HERRIOT,43.30429,0.3799
202 000 004 617,27,11,2020,440,5,64,64445,2,3,1,1,TRESPOEY DE,43.29907,0.35514
202 000 004 618,26,11,2020,862,1,64,64122,2,1,1,7,ESTAGNAS (RUE DE L'),43.48403,-1.54298
202 000 004 619,27,11,2020,780,1,64,64102,2,1,1,6,Rue Louis Seguin,43.48426,-1.49988
202 000 004 620,27,11,2020,510,1,64,64102,2,1,1,4,HENRI DE NAVARRE (AVENUE),43.49787,-1.44876
202 000 004 621,25,11,2020,445,5,63,63113,2,5,1,2,JAURES (BD JEAN),45.7678,3.8184
202 000 004 622,24,11,2020,1125,3,56,56260,1,1,1,6,Kerdogan,47.6873,-2.76646
202 000 004 623,26,11,2020,1020,1,56,56121,2,2,1,3,JOFFRE ( BD MARECHAL ),47.75226,-3.363
202 000 004 624,26,11,2020,790,1,54,54184,2,1,1,6,FALLEE (RUE DE LA),48.71098,6.22265
202 000 004 625,26,11,2020,1023,2,51,51108,2,1,1,7,Rue Jean Jaurès,48.9546522,4.3526555
202 000 004 626,26,11,2020,1120,5,50,50147,2,2,1,3,DE LA MARE,49.6229,-1.42835
202 000 004 627,27,11,2020,335,3,50,50416,1,1,1,6,CD 901,49.64923,-1.71783
202 000 004 628,26,11,2020,525,1,49,49015,2,1,1,3,SCHWALBACH PLACE,47.50416,0.6019
202 000 004 629,27,11,2020,480,2,47,47323,1,9,1,1,PRADAL,44.44609,0.73929
202 000 004 630,27,11,2020,900,1,45,45234,2,3,1,6,Avenue de la Liberation,47.92091,1.90232
202 000 004 631,27,11,2020,1083,5,41,41018,2,3,1,1,BESNARD (QUAI ULYSSE),47.5781,1.32111
202 000 004 632,27,11,2020,975,1,37,37122,2,1,1,2,JAURES (BOULEVARD JEAN),47.3479954,0.6577455
202 000 004 633,27,11,2020,915,1,37,37261,2,2,1,-1,GRAMMONT (AVENUE DE),47.3871506,0.6900138
202 000 004 634,24,11,2020,1081,2,37,37261,2,2,1,-1,CHAPELLE (RUE DE LA),47.4200957,0.6997246
202 000 004 635,27,11,2020,660,1,35,35238,1,1,1,4,PORTE ALMA,48.8031,-1.67781
202 000 004 636,27,11,2020,490,4,35,35238,2,2,1,3,VANEAU,48.10859,-1.69297
202 000 004 637,27,11,2020,840,1,33,33550,2,6,1,3,RUE RAYMOND BIERGE,44.77267,0.57682
202 000 004 638,11,11,2020,173,4,33,33550,2,1,1,6,RTE DE TOULOUSE,44.78857,0.56676
202 000 004 639,27,11,2020,870,1,32,32013,1,1,1,3,ROGER SALENGRO,43.66948,0.59989
202 000 004 640,26,11,2020,1065,4,31,31555,1,1,1,4,VA001490 A621,43.62177,1.40135
202 000 004 641,26,11,2020,840,1,31,31555,1,1,1,2,VA007331 A620,43.63865,1.42155
202 000 004 642,27,11,2020,800,1,31,31483,1,1,1,6,3978 Route de la Serre de Cazaux,43.14662,0.74235
202 000 004 643,26,11,2020,465,2,30,30189,2,2,1,3,CAPOUCHINE (CHEMIN),43.81686,4.35304
202 000 004 644,27,11,2020,290,5,26,26198,2,2,1,3,4 Allée Paul Lattard,44.55522,4.72257
202 000 004 645,25,11,2020,455,3,22,22187,1,3,1,3,VERDUN (rue de ),48.5441369,-2.7844387
202 000 004 646,27,11,2020,700,1,17,17300,2,6,1,2,VERDIER   BOULEVARD ARTHUR,46.1616,-1.13985
202 000 004 647,27,11,2020,1005,1,13,13213,2,1,1,5,OLIVES (AVENUE DES),43.326298,5.439076
202 000 004 648,26,11,2020,720,1,13,13002,2,1,1,2,7 RMENT DE TIRAILLEURS ALGERIENS (AVENUE,43.33839,5.46737
202 000 004 649,27,11,2020,1245,5,13,13047,2,3,1,3,RAYMOND FILIPPI AVENUE,43.49665,4.98101
202 000 004 650,27,11,2020,480,2,13,13005,2,5,1,5,SOLLANS (CHEMIN DES),43.30546,5.57257
202 000 004 651,27,11,2020,535,1,6,6088,2,1,1,7,LYAUTEY (AV. DU MAL),43.7144167,7.2821939
202 000 004 652,25,11,2020,720,1,6,6069,2,1,1,3,ROUQUIER (BOULEVARD EMMANUEL),43.643654,6.941949
202 000 004 653,27,11,2020,570,1,6,6155,2,2,1,3,COURCETTES AV.ET CH.DES,43.57268,7.7908
202 000 004 654,27,11,2020,1275,5,75,75114,2,4,1,6,BOULEVARD PERIPHERIQUE,48.819313,2.32873
202 000 004 655,26,11,2020,505,1,75,75119,2,1,1,3,BOULEVARD PERIPHERIQUE,48.8835,2.399945