Num_Acc,jour,mois,an,hrmn,lum,dep,com,agg,int,atm,col,adr,lat,long
202 000 005 395,22,6,2020,5,3,38,38071,1,1,1,5,N85,45.8346,5.739369
202 000 005 396,21,6,2020,1100,1,26,26004,1,2,1,3,2160 Chemin de Bramefaim,44.983841,5.2835
202 000 005 397,20,6,2020,1065,1,26,26081,1,1,1,7,D68,44.889384,5.141945
202 000 005 398,19,6,2020,1005,1,26,26206,1,2,1,3,La Charlotte,44.824634,4.990609
202 000 005 399,22,6,2020,1020,1,81,81120,1,1,1,5,N112,43.5279227,2.2923761
202 000 005 400,20,6,2020,1050,1,31,31458,1,1,1,-1,D42,43.507865,1.350578
202 000 005 401,21,6,2020,820,1,17,17444,1,1,1,6,D6,45.652598,0.652742
202 000 005 402,20,6,2020,315,3,44,44210,1,1,1,7,D213,47.30771,-2.194111
202 000 005 403,19,6,2020,770,1,44,44052,2,2,1,3,Avenue Vice Amiral Halgan,47.318298,-2.75348
202 000 005 404,17,6,2020,1330,3,35,35004,1,1,1,6,La Gaucherais,48.44496,-1.411003
202 000 005 405,23,5,2020,1013,1,35,35004,2,1,1,2,5 avenue Kleber,48.460437,-1.486893
202 000 005 406,22,6,2020,1020,1,60,60462,2,1,1,2,Rue Marcel Annoepel,49.327957,2.195265
202 000 005 407,21,6,2020,1085,1,13,13071,1,1,1,4,A7-Sens Lyon vers Marseille,43.404972,5.339421
202 000 005 408,19,6,2020,715,1,13,13210,1,1,1,4,A50-Sens Marseille vers Aubagne,43.2849,5.4186
202 000 005 409,20,6,2020,1145,1,13,13055,1,1,1,4,A507 sens Marseille - Aubagne,43.293454,5.4732191
202 000 005 410,20,6,2020,844,1,13,13055,1,1,1,3,A507 sens Aubagne- Marseille,43.3042801,5.4255447
202 000 005 411,19,6,2020,315,2,1,1249,1,1,1,2,A42     5.760 A 6.180,45.81498,4.958226
202 000 005 412,21,6,2020,1129,1,91,91339,1,1,1,5,RN 104,48.63397,2.22113
202 000 005 413,21,6,2020,480,1,91,91216,1,1,1,2,AUTOROUTE A6,48.683173,2.329077
202 000 005 414,20,6,2020,886,1,94,94038,1,1,1,4,AUTOROUTE A6A,48.77783,2.34644
202 000 005 415,21,6,2020,1215,1,92,92036,1,1,2,6,AUTOROUTE A15,48.94584,2.2837
202 000 005 416,21,6,2020,610,1,77,77373,1,1,1,2,RN104,48.791586,2.6186104
202 000 005 417,21,6,2020,625,1,77,77018,1,1,1,3,A4,48.8349683,2.8054598
202 000 005 418,21,6,2020,390,1,94,94028,1,1,1,7,A86 EXT,48.78649,2.44032
202 000 005 419,20,6,2020,1005,1,93,93051,1,1,1,4,A4,48.8347944,2.5827458
202 000 005 420,20,6,2020,850,1,973,97302,2,1,1,2,MONTABO (ROUTE DE) 4,4.9402202,-52.3017723
202 000 005 421,20,6,2020,215,3,973,97302,1,1,2,6,ZONE COLLERY I OU II,4.9024923,-52.3151994
202 000 005 422,20,6,2020,380,1,972,97213,2,1,1,7,ROUTE DEPARTEMENTALE 3,14.60872,-60.99722
202 000 005 423,13,6,2020,200,3,972,97213,1,9,1,7,ROUTE DEPARTEMENTALE 3,14.6005,-60.9974
202 000 005 424,19,6,2020,920,1,69,69385,2,2,1,6,FAVORITE (DE LA )                   (R ),45.75744,4.81105
202 000 005 425,20,6,2020,1060,1,90,90120,2,1,1,-1,LAGUNE (Route de la) D107,42.64334,9.45681
202 000 005 426,20,6,2020,685,1,971,97120,2,9,8,3,MORNE NININE,16.22216,-61.52664
202 000 005 427,20,6,2020,1020,1,91,91174,2,6,1,2,MAINTENANT(RUE PAUL),48.61109,2.45328
202 000 005 428,27,6,2020,15,5,91,91103,2,9,1,3,COMMUNE DE PARIS (RUE DE LA),48.5955,2.3035
202 000 005 429,18,6,2020,1113,1,83,83129,2,1,1,2,DE GAULLE (PROMENADE CHARLES),43.10979,5.81293
202 000 005 430,20,6,2020,1105,1,81,81163,2,3,1,3,REILLE (COURS RENE),43.4902,2.37529
202 000 005 431,20,6,2020,172,4,73,73008,2,3,1,3,MARLIOZ AVENUE DE,45.6794564,5.9104639
202 000 005 432,20,6,2020,1130,1,59,59346,2,2,1,3,TOURNAI BOULEVARD DE,50.61347,3.12468
202 000 005 433,20,6,2020,1215,1,51,51454,2,1,1,3,32 Rue Paul Vaillant Couturier,49.266582,4.245419
202 000 005 434,20,6,2020,580,1,51,51454,2,1,1,-1,Rue de Neufchatel,49.2717152,4.263394
202 000 005 435,20,6,2020,400,1,50,50532,1,9,1,3,D973,48.82017,-1.55186
202 000 005 436,24,6,2020,1095,1,44,44125,1,1,1,3,Avenue Louis Clément,47.367619,-2.537785
202 000 005 437,20,6,2020,1067,1,35,35238,2,1,1,3,4 Rue Victor Rault,48.92227,-1.690976
202 000 005 438,20,6,2020,200,4,35,35281,2,1,1,3,3 Rue du Haut-bois,48.784,-1.714
202 000 005 439,20,6,2020,1020,1,33,33200,2,1,1,2,RUE TOUSSAINT CATROS,44.85995,0.69583
202 000 005 440,17,6,2020,1190,1,33,33039,2,2,1,3,AVE LENINE / RUE DILLY,44.7968967,0.5559626
202 000 005 441,19,6,2020,965,1,26,26198,2,6,1,3,rond point de la Légion d'Honneur ,44.55599,4.74875
202 000 005 442,19,6,2020,1065,1,26,26198,1,1,1,4,32 Allée Hispano Suiza,44.53738,4.72952
202 000 005 443,19,6,2020,735,1,26,26198,2,1,1,2,208 Route de Marseille,44.53328,4.74595
202 000 005 444,20,6,2020,705,1,17,17415,1,1,1,4,RN 141,45.73233,0.61409
202 000 005 445,20,6,2020,866,1,17,17291,2,1,1,6,JUIN 18  RUE,46.17727,-1.1073
202 000 005 446,21,6,2020,85,5,13,13213,2,1,1,6,CHEMIN DU MERLAN A LA ROSE ,43.330434,5.4122294
202 000 005 447,20,6,2020,1110,1,13,13208,2,9,1,7,PRADO (AVENUE DU),43.270021,5.387082
202 000 005 448,20,6,2020,445,1,13,13210,2,1,1,2,PIERRE DOIZE  (RUE),43.274185,5.4268513
202 000 005 449,20,6,2020,330,2,13,13213,2,1,1,6,JEAN PAUL SARTRE (AVENUE),43.3265,5.4253
202 000 005 450,20,6,2020,775,1,11,11069,2,2,1,1,MOULIN JEAN -AVENUE-,43.2088,2.37745
202 000 005 451,20,6,2020,1181,1,10,10387,2,2,1,3,FRANCOIS SERQUEIL (RUE),48.30739,4.8196
202 000 005 452,20,6,2020,576,1,6,6088,2,1,1,6,AVENUE MARTIN LUTHER KING / BOULEVARD PAUL MONTEL,43.675493,7.206759
202 000 005 453,20,6,2020,410,1,6,6088,2,1,1,2,ANGLAIS (DU N° 45 AU N° 112),43.69253,7.25129
202 000 005 454,20,5,2020,685,1,6,6104,2,3,1,6,MOULIN (RUE DU),43.765,7.4812
202 000 005 455,20,6,2020,9,4,3,3101,1,1,1,7,N/A,46.3583378,2.5531322
202 000 005 456,20,6,2020,1225,1,75,75118,2,1,1,2,PORTE DE LA CHAPELLE,48.900744,2.361604
202 000 005 457,20,6,2020,435,1,75,75120,2,1,1,6,AVENUE CARTELLIER,48.863731,2.413898
202 000 005 458,20,6,2020,974,1,75,75119,2,2,1,3,AVENUE SIMON BOLIVAR,48.88126,2.373246
202 000 005 459,19,6,2020,805,1,75,75117,2,2,1,6,RUE DE TOCQUEVILLE,48.887867,2.307023
202 000 005 460,20,6,2020,1380,5,75,75116,2,7,1,3,PLACE DU DOCTEUR HAYEM,48.852768,2.275867
202 000 005 461,20,6,2020,920,1,75,75112,2,1,1,3,RUE DU FAUBOURG SAINT ANTOINE,48.848704,2.393727
202 000 005 462,20,6,2020,405,2,75,75111,2,3,1,3,BOULEVARD RICHARD LENOIR,48.864713,2.370121
202 000 005 463,19,6,2020,815,1,75,75111,2,2,1,3,BOULEVARD DES FILLES DU CALVAIRE,48.862474,2.366891
202 000 005 464,20,6,2020,620,1,75,75110,2,3,1,6,COUR DE LA FERME SAINT LAZARE,48.876182,2.356047
202 000 005 465,20,6,2020,913,1,75,75104,2,7,1,5,PLACE DE LA BASTILLE,48.853568,2.369041
202 000 005 466,20,6,2020,950,1,94,94028,2,9,1,3,CHOISY(ROUTE DE),48.77669,2.44131
202 000 005 467,19,6,2020,1389,5,94,94022,2,1,1,2,ANATOLE FRANCE (AV),48.76241,2.41088
202 000 005 468,20,6,2020,840,1,94,94002,2,3,1,3,VILLENEUVE ST GEORGES (CHE DE),48.779,2.4285
202 000 005 469,19,6,2020,1020,1,93,93078,2,6,2,3,NATIONS (AVENUE DES),48.974313,2.5090317
202 000 005 470,20,6,2020,1120,1,93,93070,2,1,1,1,BD VICTOR-HUGO,48.90515,2.32267
202 000 005 471,31,1,2020,1400,4,95,95572,1,1,1,6,AUTOROUTE A15,49.3147,2.11877
202 000 005 472,20,6,2020,525,1,93,93050,2,2,1,3,R PAUL VAILLANT COUTURIER / AV MASSENET,48.8724293,2.5536759
202 000 005 473,1,2,2020,1277,3,93,93051,1,1,2,7,A4,48.8360481,2.5559507
202 000 005 474,1,2,2020,1111,3,77,77294,1,1,2,2,A104,48.9559122,2.6264859
202 000 005 475,30,1,2020,1005,1,92,92049,2,2,2,3,BROSSOLETTE AVENUE PIERRE/ VERDIER AVENUE N°26 A 68,48.816284,2.305987
202 000 005 476,20,6,2020,180,5,93,93050,2,1,1,6,R PAUL ET CAMILLE THOMOUX,48.8700052,2.528764
202 000 005 477,31,1,2020,90,3,974,97416,1,1,1,6,RN2 (2),-21.3538,55.51093
202 000 005 478,20,6,2020,1100,1,92,92072,2,3,1,3,GRANDE RUE,48.82638,2.21924
202 000 005 479,29,1,2020,960,1,974,97407,2,4,8,5,CARPAYE(AVENUE),-20.94371,55.29743
202 000 005 480,20,6,2020,590,1,91,2A189,1,3,1,3,Bains de Baracci (Source),41.6881639,8.9314285
202 000 005 481,30,1,2020,1270,5,973,97302,2,1,2,3,ESTREES (AVENUE D'),4.9402041,-52.3258316
202 000 005 482,20,6,2020,850,1,83,83058,1,1,1,6,Chemin des Imberts,43.525561,6.33887
202 000 005 483,31,1,2020,870,1,69,69383,1,1,8,3,PROFESSEUR FLORENCE (DU)            (R ),45.7455407,4.879579
202 000 005 484,21,6,2020,70,4,86,86279,1,1,1,6,D1,46.917694,0.578738
202 000 005 485,31,1,2020,750,1,69,69386,2,1,1,6,FRANKLIN ROOSEVELT                  (CO),45.76868,4.84371
202 000 005 486,21,6,2020,105,3,1,1379,1,1,1,6,Rue de la Scierie,45.96484,5.274655
202 000 005 487,30,1,2020,1215,5,69,69387,2,1,1,6,GALLIENI                            (PT),45.74845,4.83164
202 000 005 488,21,6,2020,135,5,49,49355,2,3,1,6,Rue des Mauges,47.121016,0.789535
202 000 005 489,27,1,2020,1122,4,972,97213,1,1,1,3,AUTOROUTE A1,14.65636,-60.97231
202 000 005 490,21,6,2020,90,3,81,81098,1,1,1,6,D112,43.61854,2.156754
202 000 005 491,31,1,2020,1020,1,69,69152,2,2,1,1,MURIERS (DES)                       (CH),45.6948749,4.8213098
202 000 005 492,31,1,2020,690,1,69,69389,2,1,1,4,ST CYR (DE)                         (R ),45.78748,4.8086
202 000 005 493,20,6,2020,1010,1,81,81174,1,1,1,6,D631,43.775068,2.77478
202 000 005 494,21,6,2020,700,1,68,68044,1,1,1,7,D148 PK 004+700,48.138757,7.6312
202 000 005 495,30,1,2020,1120,5,69,69286,2,1,2,6,HIPPODROME (DE L')                  (AV),45.8129905,4.8809928
202 000 005 496,20,6,2020,1425,3,974,97405,1,1,1,6,60 Route de Grande Anse,-21.367488,55.547712
202 000 005 497,29,1,2020,485,2,95,95598,2,2,1,3,AVENUE AMELIE,48.97869,2.29909
202 000 005 498,20,6,2020,1050,1,972,97212,1,1,1,1,Courbaril,14.71294,-61.2533
202 000 005 499,31,1,2020,925,1,95,95500,2,1,1,3,VERDUN (AVENUE DE),49.389229,2.882177
202 000 005 500,21,6,2020,715,1,972,97220,1,1,1,6,D18,14.524059,-60.879278
202 000 005 501,30,1,2020,1185,5,91,91223,2,1,2,6,REPUBLIQUE (RUE DE LA),48.43786,2.1639
202 000 005 502,21,6,2020,990,1,63,63248,1,1,1,6,D942,45.733145,2.915905
202 000 005 503,30,1,2020,1361,5,87,87085,2,3,2,6,CHURCHILL WINSTON (PLACE),45.83197,1.251
202 000 005 504,20,6,2020,990,1,54,54069,2,1,1,5,D906,49.383923,5.914786
202 000 005 505,30,1,2020,1320,5,87,87085,2,1,2,3,LECLERC (AVENUE DU GENERAL),45.84601,1.26066
202 000 005 506,20,6,2020,1210,1,62,62506,2,1,1,3,Rue de la Bergere,50.818381,1.926985
202 000 005 507,30,1,2020,1110,1,87,87114,1,1,2,6,PUY MOULINIER - LIEU DIT,45.85528,1.32207
202 000 005 508,30,1,2020,1021,1,87,87085,1,1,2,-1,AUTOROUTE A20,45.84885,1.27636
202 000 005 509,16,6,2020,870,1,83,83092,2,1,1,4,D97,43.302812,6.23759
202 000 005 510,29,1,2020,755,1,87,87085,2,3,2,3,AUZETTE (RUE D'),45.8233,1.26952
202 000 005 511,20,6,2020,1370,3,83,83116,1,9,1,7,2539 Chemin du Moulin,43.470682,5.891107
202 000 005 512,29,1,2020,970,1,84,84087,2,1,1,6,EUROPE (AVENUE DE L'),44.12491,4.84039
202 000 005 513,31,1,2020,990,1,83,83137,2,1,7,6,JONQUET (CHEMIN / PONT DU),43.1409,5.9109
202 000 005 514,20,6,2020,1130,1,74,74256,2,2,1,-1,134 Avenue de Geneve,45.937857,6.630667
202 000 005 515,30,1,2020,1130,5,83,83050,2,3,1,3,MURAIRE(BOULEVARD COMTE),43.533423,6.468228
202 000 005 516,21,6,2020,1010,1,77,77456,1,1,1,1,chemin communal le long du rudu Veillien,48.51374,3.284268
202 000 005 517,19,6,2020,1070,1,79,79062,1,7,1,7,Lieu Dit la Gondromiere,46.809665,0.665402
202 000 005 518,31,1,2020,770,1,82,82121,1,1,1,2,AUCH (ROUTE D'),43.983439,1.29758
202 000 005 519,19,6,2020,1035,1,82,82008,1,1,1,6,D953,44.57639,0.865189
202 000 005 520,21,6,2020,895,1,71,71056,1,1,1,7,675 Route des Sables,46.6447526,5.2012868
202 000 005 521,31,1,2020,530,1,78,78646,2,2,1,1,VILLENEUVE L'ETANG (AVENUE DE),48.81386,2.14104
202 000 005 522,21,6,2020,155,3,63,63085,2,1,1,6,D62,45.912168,2.861938
202 000 005 523,30,1,2020,905,1,78,78646,2,2,1,3,ROYALE (RUE),48.79928,2.12791
202 000 005 524,20,6,2020,1245,1,61,61208,2,1,1,6,730 Route de l'Aigle,48.650646,0.673277
202 000 005 525,21,6,2020,1163,1,55,55433,2,4,1,7,Rue des Preyens,48.620758,5.703111
202 000 005 526,29,1,2020,1048,5,77,77114,2,1,1,6,CHARLES PATHE (RUE) - D216,48.72594,2.66566
202 000 005 527,18,6,2020,1395,2,49,49259,1,1,1,7,Les Basses Brosses,47.3424772,0.6578671
202 000 005 528,20,6,2020,1155,1,12,12272,1,2,1,6,D 994,44.547413,2.125574
202 000 005 529,30,1,2020,1020,1,76,76540,2,3,1,6,CARREL. RUE ARMAND,49.44006,1.10203
202 000 005 530,20,6,2020,1075,1,42,42266,1,2,1,3,Route de Beauvoir,45.421347,4.53698
202 000 005 531,30,1,2020,595,1,71,71306,2,1,1,7,Quai Général de Gaulle,46.6734058,4.3613935
202 000 005 532,30,1,2020,1035,1,71,71153,2,1,2,6,Rue du Marechal Joffre,46.7945916,4.423566
202 000 005 533,20,6,2020,1010,1,42,42219,1,1,1,6,Les baraques,45.738028,4.115496
202 000 005 534,31,1,2020,1135,5,69,69266,2,1,1,2,LOUIS MAYNARD     (Rue),45.7865328,4.8997306
202 000 005 535,17,6,2020,600,1,46,46231,1,1,1,7,RD8 PK 7+400,44.500194,1.117816
202 000 005 536,29,1,2020,705,1,69,69290,2,6,2,1,HENRI GERMAIN                       (AV),45.7017157,4.9004892
202 000 005 537,20,6,2020,1042,1,22,22005,1,1,1,7,Kerguiguès,48.52413,-3.387367
202 000 005 538,29,1,2020,720,1,69,69091,2,1,8,1,PAIX (DE LA) ( R ),45.58599,4.75418
202 000 005 539,23,1,2020,620,1,68,68066,2,9,1,6,BALE ( ROUTE DE),48.70318,7.360579
202 000 005 540,21,6,2020,460,1,39,39167,1,1,1,1,N/A,46.744248,5.417484
202 000 005 541,30,1,2020,900,1,67,67447,2,1,1,6,GABRIELLE COLETTE (RUE),48.612823,7.739883
202 000 005 542,20,6,2020,1060,1,44,44211,2,1,1,6,Rue du Docteur Gouret,47.353144,-2.511599
202 000 005 543,31,1,2020,860,1,67,67180,1,1,1,3,RD 27,48.876001,7.7607134
202 000 005 544,20,6,2020,570,1,31,31187,2,1,1,6,2249 Route de Tarbes,43.536466,1.230368
202 000 005 545,31,1,2020,1170,2,65,65440,2,1,1,6,LARREY (RUE),43.230692,0.81502
202 000 005 546,20,6,2020,1350,3,2,2355,2,1,1,7,3 Rue Robespierre,49.883958,3.247297
202 000 005 547,21,6,2020,150,3,3,3119,1,1,1,6,7 Chemin des Terriens,46.7315858,3.6199307
202 000 005 548,31,1,2020,670,1,64,64445,2,2,1,3,BORDEU DE,43.3032,0.37089
202 000 005 549,20,6,2020,140,3,1,1196,1,1,1,7,Route de Chalon,46.394172,5.114678
202 000 005 550,21,6,2020,735,1,70,70085,1,1,1,6,Route de Bussières,47.374556,5.999056
202 000 005 551,30,1,2020,497,1,64,64024,2,2,2,3,BASTIE (RUE MARYSE),43.46366,-1.50484
202 000 005 552,31,1,2020,800,1,62,62540,1,1,1,7,CD941,50.455717,2.573616
202 000 005 553,21,6,2020,990,1,60,60166,1,1,1,7,Départementale 142,49.4703944,2.8012964
202 000 005 554,20,6,2020,870,1,45,45129,1,2,1,3,Les Joigneaux,47.9779117,3.5291
202 000 005 555,30,1,2020,1030,2,59,59178,2,3,8,5,PONT DE LA DEULE (RUE DE),50.39639,3.861
202 000 005 556,21,6,2020,610,1,64,64353,1,1,1,7,D35,43.89094,0.411526
202 000 005 557,16,1,2020,672,1,57,57019,2,3,1,6,USINE (RUE DE L'),49.25945,6.15047
202 000 005 558,21,6,2020,555,1,64,64259,1,1,1,3,D22,43.293388,-1.241734
202 000 005 559,20,6,2020,400,2,36,36129,2,1,1,6,348 Le Monteil,46.668258,1.902663
202 000 005 560,31,1,2020,998,2,54,54395,2,1,2,2,BOUFFLERS (AVENUE) DE 2 AU 72),48.6896183,6.1596756
202 000 005 561,19,6,2020,1350,3,85,85046,1,1,1,6,D101,46.61843,-1.3091
202 000 005 562,23,1,2020,845,1,51,51431,1,2,1,3,D951,49.146184,3.9421941
202 000 005 563,21,6,2020,975,1,37,37223,1,2,1,1,D749,47.5138274,0.2856074
202 000 005 564,31,1,2020,500,1,45,45285,2,1,2,6,Rue Charles Beauhaire,47.9128527,1.8747437
202 000 005 565,21,6,2020,1064,1,88,88408,2,1,1,3,7 Rue de Saulx,47.908245,6.688539
202 000 005 566,31,1,2020,1410,5,44,44109,2,1,2,2,Rue Crébillon,47.2138,-1.5604
202 000 005 567,20,6,2020,1125,3,976,97603,1,1,2,6,musical plage CCD4,-12.917986,45.184107
202 000 005 568,19,6,2020,1185,1,34,34270,1,4,1,6,A9,43.559321,3.826928
202 000 005 569,31,1,2020,1170,5,44,44109,2,1,2,2,Péripherique,47.198976,-1.6165
202 000 005 570,21,6,2020,890,1,69,69013,1,1,1,6,A6,46.10093,4.730033
202 000 005 571,30,1,2020,760,1,42,42044,2,2,2,3,Rue de la République,45.3960219,4.3220715
202 000 005 572,20,6,2020,905,1,971,97129,2,1,1,3,Boulevard Saint Charles,16.33441,-61.698162
202 000 005 573,31,1,2020,1243,5,37,37214,2,9,1,3,VOISIN (BOULEVARD ANDRE-GEORGES),47.430935,0.6679577
202 000 005 574,30,1,2020,1305,5,37,37261,2,6,2,6,LOUIS XI (ROND-POINT),47.3747353,0.6713758
202 000 005 575,20,6,2020,1395,3,33,33333,1,1,1,2,rd 107,44.87551,-1.7253
202 000 005 576,21,6,2020,430,1,18,18198,1,1,1,6,D18,46.925697,2.136393
202 000 005 577,31,1,2020,495,1,35,35281,2,9,2,2,RN 136 PORTE DE ST NAZAIRE,48.9247,-1.70805
202 000 005 578,21,6,2020,1020,1,77,77078,2,9,1,1,74 Avenue des Vignes,48.967988,3.138818
202 000 005 579,31,1,2020,432,5,34,34172,2,9,1,6,VIEILLE POSTE (RUE DE LA,43.6178485,3.9126622
202 000 005 580,21,6,2020,0,3,77,77142,1,1,1,3,D934,48.8536367,2.9311195
202 000 005 581,31,1,2020,780,1,33,33013,2,6,2,3,AVE DE L' ILE DE FRANCE / BD FEYDEAU / AVE GAY LUSSAC,44.84909,0.4969
202 000 005 582,31,1,2020,115,5,31,31555,2,1,2,6,BD DU MARECHAL JUIN,43.5888,1.44007
202 000 005 583,21,6,2020,400,2,95,95355,2,9,1,3,Rue du Général de Gaulle,49.152685,1.78067
202 000 005 584,30,1,2020,1070,2,31,31555,1,1,1,3,RD916,43.554407,1.497
202 000 005 585,21,6,2020,520,1,34,34143,2,1,1,3,Route de Villeveyrac,43.450991,3.612426
202 000 005 586,31,1,2020,1295,5,30,30189,2,1,1,5,JAURES JEAN (BOULEVARD),43.83176,4.35176
202 000 005 587,9,6,2020,1335,3,34,34113,2,1,1,7,1 Impasse des Mimosas,43.506151,3.708611
202 000 005 588,20,6,2020,755,1,13,13023,1,1,1,1,Route de Ceyreste,43.225318,5.648083
202 000 005 589,31,1,2020,803,1,29,29019,2,2,3,3,Rue Louis Pasteur,48.3880996,-4.4903719
202 000 005 590,28,1,2020,854,1,29,29019,2,6,2,6,Rue Yves Collet,48.388976,-4.48383
202 000 005 591,21,6,2020,795,1,13,13095,2,1,1,1,D10,43.537715,5.484291
202 000 005 592,31,1,2020,1065,2,26,26362,2,1,1,6,260 Bis rue Antoine Barnave,44.9411666,4.917455
202 000 005 593,31,1,2020,1427,5,25,25056,2,1,1,6,CHARDONNET AV. DE,47.23041,6.4038
202 000 005 594,21,6,2020,1005,1,67,67101,1,3,1,1,D392,48.522798,7.505985
202 000 005 595,29,1,2020,4,5,22,22278,1,1,1,6,RN12,48.52127,-2.74851
202 000 005 596,21,6,2020,930,1,1,1187,2,3,1,3,5 Rue Principale,46.34446,5.674219
202 000 005 597,31,1,2020,840,1,14,14341,2,1,1,7,DRONNIERE (RUE DE LA),49.13827,0.33556
202 000 005 598,21,6,2020,1110,1,69,69254,1,1,1,5,D313,45.9404744,4.4354905
202 000 005 599,31,1,2020,1005,1,13,13212,2,1,1,3,PEINTRES ROUX (AVENUE DES),43.305554,5.470533
202 000 005 600,21,6,2020,390,2,81,81140,2,1,1,6,44 Rue de Lagarrigue,43.693448,1.819843
202 000 005 601,20,6,2020,930,1,65,65123,1,1,1,6,D918,42.936129,0.20874
202 000 005 602,29,1,2020,1060,2,13,13202,2,8,1,3,COLBERT(RUE),43.299268,5.374096
202 000 005 603,21,6,2020,860,1,46,46055,1,3,1,3,Le Clayrou,44.571886,2.109026
202 000 005 604,20,6,2020,1395,3,27,27180,1,1,1,6,D316,49.189403,1.367122
202 000 005 605,31,1,2020,995,1,13,13001,2,1,1,6,VALLON FRERES (RUE DES),43.522578,5.431039
202 000 005 606,30,1,2020,1060,2,11,11069,2,1,1,6,LIMOUX - ROUTE DE-,43.2044207,2.333291
202 000 005 607,21,6,2020,990,1,80,80124,1,1,1,3,Bourseville,50.103955,1.542978
202 000 005 608,28,1,2020,440,2,11,11069,2,6,2,3,Xénon (Rond Point),43.233516,2.367425
202 000 005 609,18,6,2020,930,1,59,59250,1,1,1,-1,2150 Rue Faidherbe,50.583032,2.903094
202 000 005 610,31,1,2020,900,1,10,10387,2,1,1,6,DIJON (BDL),48.283635,4.78719
202 000 005 611,20,6,2020,1140,1,13,13070,1,1,1,2,A50-Sens Aubagne vers Marseille,43.28696,5.50659
202 000 005 612,31,1,2020,1328,5,9,9225,2,1,1,6,VILLENEUVE ROUTE DE,43.1252442,1.610629
202 000 005 613,19,6,2020,1395,3,13,13071,1,1,1,2,A7-Sens Marseille vers Lyon,43.405106,5.33951
202 000 005 614,30,1,2020,860,1,7,7316,1,1,2,3,NIMES (ROUTE DE),44.880454,4.84912
202 000 005 615,19,6,2020,1325,3,13,13117,1,1,1,3,A7-Sens Marseille vers Lyon,43.4464456,5.2423769
202 000 005 616,15,6,2020,15,5,69,69266,1,1,1,2,RD383 ,45.7585,4.90924
202 000 005 617,27,1,2020,1070,5,6,6083,2,1,1,6,DELATTRE DE TASSIGNY (ALLEE),43.78467,7.49462
202 000 005 618,20,6,2020,737,1,33,33096,1,1,1,2,AUTOROUTE A 10,44.89726,0.49588
202 000 005 619,31,1,2020,915,1,6,6069,2,1,1,2,Route de Cannes,43.6378,6.9508
202 000 005 620,19,6,2020,866,1,91,91312,1,1,1,1,RD 444,48.73811,2.22783
202 000 005 621,31,1,2020,635,1,6,6069,2,9,1,3,DUNANT (AVENUE HENRI),43.64846,6.92392
202 000 005 622,19,6,2020,470,1,91,91182,1,1,1,2,RN 104,48.61152,2.43136
202 000 005 623,31,1,2020,840,1,6,6027,2,1,1,3,GRASSE AVENUE DE,43.6583,7.1416
202 000 005 624,20,6,2020,405,2,95,95277,1,1,1,6,RD 170 ,48.975812,2.482495
202 000 005 625,31,1,2020,1050,2,6,6027,2,9,1,2,SERRE AVENUE DE LA,43.654,7.1564
202 000 005 626,20,6,2020,260,3,95,95678,1,1,1,6,RN 184,49.7171,2.22358
202 000 005 627,18,6,2020,1165,5,974,97411,2,1,1,2,LECLERC (DU MARECHAL),-20.88044,55.45761
202 000 005 628,30,1,2020,480,1,6,6123,2,2,1,6,DE GAULLE GENERAL AVENUE,43.67075,7.19081
202 000 005 629,19,6,2020,775,1,973,97302,2,9,1,3,CABASSOU (ROUTE DE),4.9203009,-52.3205853
202 000 005 630,1,2,2020,15,5,6,6004,2,2,1,3,BRIAND AV.ARISTIDE,43.580557,7.118641
202 000 005 631,19,6,2020,755,1,69,69386,2,2,1,3,MARECHAL DE SAXE                    (R ),45.76677,4.8443
202 000 005 632,29,1,2020,1305,5,3,3101,2,1,1,7,Rue Jean Jaurès,46.3582322,2.5359349
202 000 005 633,18,6,2020,730,1,69,69259,2,9,1,3,VIENNE (DE)                         (RO),45.727973,4.85384
202 000 005 634,31,1,2020,1170,5,1,1053,2,1,1,2,SAINT NICOLAS ( BD) PAIR,46.20234,5.23236
202 000 005 635,31,1,2020,1215,5,75,75117,2,1,1,7,BOULEVARD DE DOUAUMONT,48.894651,2.306192
202 000 005 636,18,6,2020,500,1,972,97209,1,1,1,2,RD 41 (ROCADE),14.61514,-61.7594
202 000 005 637,19,6,2020,915,1,69,69381,2,2,1,3,PUITS GAILLOT                       (R ),45.7679,4.8359
202 000 005 638,31,1,2020,1050,1,75,75117,2,1,1,6,RUE TOULOUSE LAUTREC,48.90097,2.327263
202 000 005 639,14,6,2020,1210,1,69,69202,2,1,1,3,PLAN LOUP (DU)                      (CH),45.73528,4.79623