Num_Acc,jour,mois,an,hrmn,lum,dep,com,agg,int,atm,col,adr,lat,long
202 000 006 381,9,9,2020,1105,5,976,97611,2,1,1,3,tsoundzou-Mariage (place -tsoundzou 2),-12.80617,45.20859
202 000 006 382,16,5,2020,780,1,976,97611,2,1,1,2,passamanty-Vahibé ( route ),-12.79638,45.19958
202 000 006 383,1,3,2020,1080,3,976,97611,2,1,1,6,tsoundzou-Maternelle ( rue de la ),-12.80663,45.20805
202 000 006 384,4,5,2020,725,1,976,97611,1,1,1,2,passamanty-Vahibé ( route ),-12.79349,45.19614
202 000 006 385,1,5,2020,990,1,976,97611,2,1,1,3,doujani-Mosquée de doujani ( rue de la ),-12.79524,45.21338
202 000 006 386,27,7,2020,768,1,976,97611,2,1,1,6,mamoudzou centre-Haladi Selemani ( rue ),-12.77981,45.22798
202 000 006 387,3,6,2020,584,1,976,97611,1,9,1,3,mgombani-Mahabou (rue de ),-12.78318,45.23468
202 000 006 388,3,8,2020,495,1,976,97611,2,1,1,1,tsoundzou-Nivea (rue),-12.8063045,45.2049987
202 000 006 389,29,7,2020,1055,1,976,97611,2,1,1,3,passamanty-Mnadzi moja (rue ),-12.7810045,45.2303743
202 000 006 390,25,9,2020,946,1,976,97611,2,1,1,6,m'tsapere-Nationale 2 (route),-12.7886,45.22483
202 000 006 391,5,4,2020,410,1,976,97611,1,1,1,6,vahibe-Departementale 3 ( route ),-12.79513,45.19615
202 000 006 392,10,12,2020,450,1,976,97611,2,1,1,5,passamanty-Vahibé ( route ),-12.80185,45.21186
202 000 006 393,26,5,2020,495,1,976,97611,2,1,1,7,kaweni-Mangrove (route de la),-12.771785,45.225608
202 000 006 394,2,5,2020,780,1,976,97611,2,1,1,7,kaweni-Mahabourini ( rue ),-12.77188,45.220664
202 000 006 395,30,12,2020,280,3,79,79191,2,6,1,3,Rue Jean Baptiste Colbert,46.33653,0.40391
202 000 006 396,18,12,2020,1100,3,62,62587,1,2,1,3,CD 46,50.431842,2.922166
202 000 006 397,10,12,2020,686,1,7,7102,2,1,1,6,REPUBLIQUE (AV. DE LA) [DU N° AU N°],44.93831,4.86881
202 000 006 398,27,12,2020,815,1,31,31080,2,3,1,3,rue neuve,43.291369,0.647367
202 000 006 399,11,3,2020,1130,2,91,91461,2,1,1,1,Route de Limours,48.600535,2.233495
202 000 006 400,2,6,2020,380,1,976,97611,2,1,1,3,m'tsapere-Nationale 2 (route),-12.785011,45.199684
202 000 006 401,10,12,2020,702,1,976,97611,2,1,1,3,kaweni-Pendu (Place),-12.75939,45.22992
202 000 006 402,23,5,2020,1055,1,976,97611,2,1,1,1,kaweni-Grande Traverse (rue de la),-12.77126,45.22359
202 000 006 403,25,8,2020,500,1,976,97611,2,1,1,3,kaweni-Mbambouni (rue),-12.77584,45.22597
202 000 006 404,21,7,2020,1065,1,976,97611,2,1,1,6,vahibe-Departementale 3 ( route ),-12.78733,45.17563
202 000 006 405,26,9,2020,1026,1,976,97611,2,1,1,3,tsoundzou-Mariage (place -tsoundzou 2),-12.80826,45.20423
202 000 006 406,5,11,2020,980,1,971,97101,1,1,1,6,LES ALIZES (RESIDENCE),16.274051,-61.498133
202 000 006 407,9,11,2020,950,1,76,76351,1,1,1,2,DAUBREE,49.51299,0.112896
202 000 006 408,29,10,2020,1080,2,52,52448,2,9,8,6,LOUBERT (AVENUE DE),48.64911,4.95989
202 000 006 409,12,2,2020,1320,5,976,97611,2,1,1,2,passamanty-Vahibé ( route ),-12.78922,45.17829
202 000 006 410,26,12,2020,705,1,69,69386,2,1,1,3,GENERAL SARRAIL (DU)                (QU),45.76748,4.8413
202 000 006 411,28,11,2020,1137,3,84,84080,2,9,1,7,LORIOL ROUTE DE,44.4579,4.99888
202 000 006 412,20,12,2020,955,1,64,64445,2,1,1,6,LATAPIE,43.2954,0.3681
202 000 006 413,30,12,2020,1080,2,29,29019,2,1,1,2,D112 - Pen Ar Ch’Leuz,48.4154593,-4.4793231
202 000 006 414,8,1,2020,1215,5,13,13054,2,9,1,2,8 MAI 1945 (AV DU ),43.41171,5.21907
202 000 006 415,30,12,2020,810,1,6,6027,1,9,1,6,DONAT AVENUE DOCTEUR MAURICE,43.66062,7.14023
202 000 006 416,22,12,2020,600,1,44,44131,2,6,1,3,Rue du Traité de Maastricht,47.124852,-2.127169
202 000 006 417,12,12,2020,630,1,34,34276,2,9,1,6,115 Av de la Rep de Montferrant,43.760502,3.866469
202 000 006 418,11,12,2020,1192,5,67,67118,2,3,2,6,41 Rue d'Oberhausbergen,48.583741,7.687039
202 000 006 419,22,12,2020,1250,3,33,33004,1,1,1,1,Ambès,44.994191,0.520368
202 000 006 420,28,12,2020,1155,3,13,13202,1,1,8,2,A55-Sens Marseille vers Martigues,43.31263,5.36818
202 000 006 421,24,7,2020,1285,2,26,26281,2,1,1,1,8 Rue des Recollets ,45.453,5.3402
202 000 006 422,8,8,2020,780,1,976,97611,2,1,1,3,mamoudzou centre-Adrian SOULI (avenue),-12.79244,45.22079
202 000 006 423,1,4,2020,1080,1,976,97611,2,1,1,3,kaweni-Kaweni nord ( Z I ),-12.75764,45.23007
202 000 006 424,17,2,2020,535,1,976,97611,2,1,1,3,kaweni-Kaweni sud  (Z I),-12.7721,45.22512
202 000 006 425,12,4,2020,1160,5,976,97611,2,3,1,3,cavani-Salamani  (rue ),-12.78459,45.21984
202 000 006 426,16,6,2020,420,1,976,97611,2,1,1,7,m'tsapere-Nationale 2 (route),-12.79073,45.199641
202 000 006 427,1,10,2020,580,1,976,97611,2,9,1,3,kaweni-Poste ( rue de la ),-12.77258,45.22319
202 000 006 428,21,12,2020,945,1,91,2A004,2,9,1,-1,Cours du Prince Imperial,41.9270334,8.7393716
202 000 006 429,12,12,2020,610,1,84,84007,1,1,1,1,TARTAY (CHEMIN DE) MTF,43.89244,4.9165
202 000 006 430,12,11,2020,650,1,84,84007,1,1,1,6,ALLENDE (Avenue),43.92933,4.80098
202 000 006 431,22,12,2020,1295,5,33,33063,2,4,1,7,AVE THIERS,44.85261,0.53995
202 000 006 432,26,12,2020,915,1,14,14220,2,1,1,6,AGUSTE-DECAENS (RUE),49.3592144,0.857063
202 000 006 433,9,12,2020,978,1,5,5061,2,1,7,6,EMBRUN ( AVENUE D'),44.5692,6.10269
202 000 006 434,17,12,2020,1208,3,1,1354,1,6,1,7,route départementale D35A,46.252416,6.44701
202 000 006 435,28,12,2020,992,1,69,69244,2,1,1,3,49 Avenue Victor Hugo,45.766269,4.784154
202 000 006 436,22,12,2020,580,1,24,24028,1,1,1,6,Avenue de Monpazier,44.753838,0.773013
202 000 006 437,6,12,2020,187,5,971,97105,2,9,1,3,PERES DOMINICAINS(AVENUE DES),16.80567,-61.7398971
202 000 006 438,28,10,2020,500,1,38,38445,1,1,8,1,Route Napoléon,45.51332,5.753489
202 000 006 439,15,10,2020,780,1,38,38455,1,3,1,3,Route du Bugey,45.63351,5.29515
202 000 006 440,4,10,2020,910,1,38,38455,1,9,8,2,Chemin de Fayatel,45.651732,5.306938
202 000 006 441,4,2,2020,735,1,94,94081,2,1,1,6,DIX JUILLET 1940 (R DU),48.786836,2.396513
202 000 006 442,6,11,2020,515,1,976,97611,2,9,1,3,kaweni-Kaweni nord ( Z I ),-12.76026,45.2265
202 000 006 443,7,3,2020,1145,3,976,97611,2,1,1,7,kaweni-Kaweni nord ( Z I ),-12.76512,45.22531
202 000 006 444,25,9,2020,377,1,976,97611,2,1,1,6,m'tsapere-Nationale 2 (route),-12.80348,45.21259
202 000 006 445,5,3,2020,530,1,976,97611,2,1,1,7,kaweni-Kaweni nord ( Z I ),-12.7637,45.22566
202 000 006 446,25,2,2020,915,1,976,97611,2,1,1,1,kaweni-Mangrove (route de la),-12.76943,45.22403
202 000 006 447,7,2,2020,1145,3,976,97611,2,1,1,7,kaweni-Massakini (rue),-12.76246,45.22618
202 000 006 448,31,12,2020,975,1,78,78640,2,1,8,6,EUROPE (AVENUE DE L'),48.7792,2.20698
202 000 006 449,23,12,2020,1050,5,59,59648,2,4,3,6,REPUBLIQUE PLACE DE LA,50.5819,3.451
202 000 006 450,25,12,2020,1315,5,34,34301,2,3,1,3,VERDUN (BOULEVARD DE),43.4110257,3.6790037
202 000 006 451,31,5,2020,480,1,93,93001,2,6,1,6,BERGERIES (RUE DES),48.9211367,2.3754446
202 000 006 452,28,12,2020,880,1,11,11261,1,1,1,6,A61 PK 351.800 sens TOULOUSE-NARBONNE,43.174168,2.660837
202 000 006 453,25,11,2020,840,1,7,7348,1,1,1,1,D579,44.546296,4.411677
202 000 006 454,23,12,2020,1050,3,67,67152,1,1,3,4,FRANCE - ALLEMAGNE,48.52161,7.6663
202 000 006 455,29,5,2020,996,1,76,76681,2,2,1,1,RASPAIL. RUE FRANCOIS,49.41626,1.962
202 000 006 456,22,10,2020,680,1,38,38544,2,1,2,6,ROMESTANG(COURS),45.52258,4.87426
202 000 006 457,12,11,2020,472,1,976,97611,2,1,1,7,kaweni-Kaweni nord ( Z I ),-12.77939,45.22749
202 000 006 458,7,12,2020,740,1,976,97611,2,1,1,6,mamoudzou centre-Jardin du collège(rue d,-12.77939,45.22749
202 000 006 459,13,2,2020,1170,5,976,97611,2,1,1,7,vahibe-Vietnam (rue),-12.78922,45.17545
202 000 006 460,6,3,2020,360,2,976,97611,2,1,1,7,m'tsapere-Nationale 2 (route),-12.79307,45.21735
202 000 006 461,16,7,2020,705,1,976,97611,2,1,1,3,mgombani-Mahabou (rond point),-12.78085,45.23376
202 000 006 462,21,9,2020,880,1,976,97611,2,1,1,7,cavani-Rond point du Stade,-12.78297,45.22348
202 000 006 463,21,4,2020,1198,5,976,97611,2,1,1,3,mamoudzou centre-Commandant Passot (Plac,-12.78139,45.23445
202 000 006 464,29,12,2020,1170,5,80,80021,2,1,2,6,CARNOT (BOULEVARD),49.8921093,2.2875541
202 000 006 465,25,12,2020,1230,5,80,80021,2,3,1,2,PARIS (RUE DE),49.8874,2.28891
202 000 006 466,24,12,2020,900,1,80,80021,2,2,1,3,QUATORZE JUILLET 1789 (AVENUE DU),49.87529,2.28198
202 000 006 467,23,12,2020,1070,5,80,80261,1,6,1,2,RD 1001,49.86205,2.26908
202 000 006 468,30,11,2020,676,1,79,79191,2,1,1,1,Rue des 3 Ponts,46.31203,0.51747
202 000 006 469,29,12,2020,1230,5,78,78586,2,3,1,6,PERI (GABRIEL),48.94377,2.1729
202 000 006 470,24,11,2020,1230,5,59,59350,2,1,2,6,DOREZ BARTHELEMY PLACE,50.618068,3.495603
202 000 006 471,21,12,2020,555,1,59,59560,2,9,2,6,LILLE ROUTE DE,50.5676057,3.435093
202 000 006 472,23,12,2020,510,1,49,49007,2,1,1,7,MADELEINE,47.46203,0.54129
202 000 006 473,11,12,2020,495,2,39,39198,2,1,1,6,58 Rue Claude Lombard,47.979,5.48851
202 000 006 474,20,12,2020,1005,1,34,34301,2,1,1,1,EAUX BLANCHES (ZONE INDUSTRIELLE DES),43.4174317,3.7089523
202 000 006 475,23,12,2020,1100,5,33,33063,2,1,2,6,RUE DOCTEUR JEAN VINCENT,44.87609,0.55947
202 000 006 476,27,11,2020,940,1,33,33281,2,1,1,2,AVE DE MAGUDAS,44.85635,0.65173
202 000 006 477,18,12,2020,525,2,33,33281,2,4,5,3,SOMME (AVE DE LA),44.83179,0.65519
202 000 006 478,19,12,2020,1100,5,29,29019,2,1,2,6,Boulevard de l’Europe,48.41382,-4.48233
202 000 006 479,14,8,2020,45,3,27,27701,2,1,1,6,TESTELET (VOIE DU),49.250095,1.180292
202 000 006 480,18,12,2020,1080,5,25,25031,2,3,1,6,JAURES (AVENUE JEAN),47.48895,6.8256
202 000 006 481,31,12,2020,850,1,13,13204,2,3,2,6,SAINT JUST (AVENUE DE),43.312528,5.40154
202 000 006 482,5,1,2020,520,1,92,92036,2,1,2,3,GALLIENI (BOULEVARD) (2/20),48.9243098,2.323941
202 000 006 483,30,12,2020,510,1,974,97404,1,1,1,1,174 Route de la Ravine Seche,-21.249542,55.358096
202 000 006 484,18,12,2020,1200,3,72,72364,1,1,1,6,D11,47.654534,0.327991
202 000 006 485,17,12,2020,965,1,69,69091,1,1,2,2,A47,45.58966,4.77652
202 000 006 486,29,10,2020,895,1,35,35238,2,2,8,3,FOUGERES (RUE DE),48.123576,-1.659516
202 000 006 487,31,12,2020,1064,1,87,87085,2,1,1,1,FREDON (RUE JEAN),45.83657,1.27354
202 000 006 488,31,12,2020,547,1,87,87085,2,1,1,6,DUNANT (AVENUE HENRI),45.8247919,1.2447663
202 000 006 489,30,12,2020,866,1,87,87085,2,1,1,6,BELLAC (RUE DE),45.85059,1.2448
202 000 006 490,3,12,2020,945,1,83,83050,2,9,1,1,JUIN( AVENUE DU MARECHAL),43.53071,6.47017
202 000 006 491,31,12,2020,1085,5,76,76212,2,1,1,2,BELGES. RUE DES,49.44223,1.14984
202 000 006 492,31,12,2020,590,1,76,76575,2,6,1,3,GUYNEMER. RUE GEORGES,49.39749,1.8077
202 000 006 493,31,12,2020,1192,5,69,69290,2,2,3,3,JEAN ZAY                            (R ),45.70839,4.90878
202 000 006 494,20,11,2020,1120,3,62,62274,1,1,8,-1,RD 161,50.44204,2.98779
202 000 006 495,29,12,2020,1200,5,59,59650,2,1,2,1,MARTINOIRE (RUE DE LA),50.717046,3.196636
202 000 006 496,31,12,2020,1280,3,59,59574,2,1,1,6,WARUSFEL(RUE) RESIDENCE GERMINAL,50.36819,3.26943
202 000 006 497,31,12,2020,1005,1,31,31555,1,1,1,2,VA007331 A620,43.57331,1.41026
202 000 006 498,28,12,2020,919,1,2,2168,2,1,1,3,ESSOMES (AVENUE D'),49.41199,3.388904
202 000 006 499,30,12,2020,620,1,94,94068,2,1,1,3,SAINT LOUIS (AV),48.78942,2.50275
202 000 006 500,19,11,2020,1120,2,92,92062,2,1,1,3,WALLACE (BD RICHARD) DU 2 AU 28 ET DU 1,48.878685,2.242245
202 000 006 501,7,11,2020,719,1,92,92004,2,3,1,6,ARGENTEUIL AV D',48.9190926,2.280567
202 000 006 502,31,12,2020,740,1,56,56243,1,1,1,2,Route de Nantes,47.649659,-2.716632
202 000 006 503,5,1,2020,1000,1,29,29024,2,3,1,6,Avenue Victor Hugo,48.2770351,-3.5604328
202 000 006 504,29,8,2020,1044,1,18,18042,1,1,1,6,D2144,46.747235,2.464832
202 000 006 505,26,12,2020,600,1,971,97116,2,1,1,1,Bosredon,16.306784,-61.490838
202 000 006 506,10,12,2020,1255,5,6,6147,2,1,1,1,241 Route de Levens,43.801445,7.271185
202 000 006 507,24,12,2020,1015,2,69,69298,1,3,2,1,Route d'Heyrieux,45.6751331,4.9705406
202 000 006 508,31,12,2020,1114,3,13,13215,1,1,8,3,A55-Sens Martigues vers Marseille,43.33369,5.35434
202 000 006 509,30,10,2020,870,1,2,2134,2,1,1,1,Rue de Paris,49.910573,4.69335
202 000 006 510,7,6,2020,550,1,49,49092,1,1,1,7,La Planche de Cossé (cossé-d'Anjou),47.173517,0.668846
202 000 006 511,21,12,2020,1095,3,41,41223,1,1,2,1,D32,47.614163,1.225383
202 000 006 512,22,12,2020,540,1,24,24030,1,1,8,2,autoroute a.89 - PK.162.500,45.163631,1.22765
202 000 006 513,6,12,2020,150,3,80,80746,2,1,1,7,Route Nationale,50.255783,2.318716
202 000 006 514,30,12,2020,1145,3,39,39471,1,2,1,3,N/A,46.755843,5.496474
202 000 006 515,31,12,2020,955,1,987,98729,1,1,1,1,Pk 24 Haapiti,-17.533189,-149.838611
202 000 006 516,7,9,2020,1080,1,25,25056,2,1,1,6,CHENIER RUE ANDRE,47.2171155,5.9495
202 000 006 517,1,10,2020,640,1,976,97611,2,1,1,2,doujani-Mosquée doujani ( rue ),-12.79353,45.216341
202 000 006 518,31,12,2020,715,1,972,97209,1,1,1,3,RD 41,14.61612,-61.6064
202 000 006 519,29,12,2020,885,1,69,69381,2,2,1,3,ALGERIE (D')                        (R ),45.7672444,4.8309508
202 000 006 520,31,12,2020,1165,5,77,77449,2,1,1,6,BD LA MERIDIENNE,48.8513197,2.7844687
202 000 006 521,31,12,2020,1050,3,71,71445,1,1,2,3,RN 80,46.7599393,4.8650658
202 000 006 522,28,12,2020,1045,5,69,69256,2,4,2,6,ERNEST RENAN                        (R ),45.78513,4.91043
202 000 006 523,29,12,2020,362,5,63,63113,2,1,1,6,CHATEAU DES VERGNES (RUE DU),45.80783,3.12578
202 000 006 524,21,12,2020,1065,5,59,59350,2,1,1,6,TURIN BOULEVARD,50.63902,3.7639
202 000 006 525,29,12,2020,735,1,42,42186,2,1,1,6,Rue Dorian,45.531075,4.622308
202 000 006 526,29,12,2020,555,1,35,35238,2,6,1,3,ROUTE DE ST MALO,48.13235,-1.6911
202 000 006 527,31,12,2020,1065,5,75,75120,2,2,1,3,BOULEVARD DAVOUT,48.86061,2.409493
202 000 006 528,31,12,2020,975,1,75,75120,2,1,1,3,BOULEVARD DAVOUT,48.851882,2.411026
202 000 006 529,31,12,2020,1000,2,75,75115,2,2,1,2,RUE DE LA CONVENTION,48.845905,2.277392
202 000 006 530,31,12,2020,1230,4,94,94076,2,1,8,6,PRESIDENT ALLENDE (AV DU),48.79588,2.3522
202 000 006 531,31,12,2020,832,1,94,94033,2,1,2,6,MARECHAL JOFFRE (AV DU),48.85289,2.48327
202 000 006 532,31,12,2020,1045,5,93,93005,2,2,1,6,R EUGENE DELACROIX / BD MARC CHAGALL,48.95303,2.4991
202 000 006 533,31,12,2020,852,1,92,92048,2,3,1,3,GARDES (ROUTE DES) N° 55 A 87,48.8157715,2.2248935
202 000 006 534,30,12,2020,1190,3,11,11005,1,1,1,5,A61- pk 314.650 sens NARBONNE-TOULOUSE,43.204441,2.247756
202 000 006 535,25,11,2020,325,2,972,97217,1,1,1,1,Pointe Borgnèse (Informations),14.450309,-60.897938
202 000 006 536,30,12,2020,960,1,54,54581,1,3,1,3,carrefour RD952 et D132,49.111864,5.880716
202 000 006 537,31,12,2020,885,1,59,59278,2,1,1,6,Avenue Industrielle,50.60499,2.95154
202 000 006 538,31,12,2020,975,1,44,44097,1,3,1,1,Route de Kerlagadec,47.395557,-2.467278
202 000 006 539,31,12,2020,900,1,66,66003,2,1,1,6,Ville Nouvelle,42.481027,2.678545
202 000 006 540,31,12,2020,1370,3,17,17335,2,1,1,6,Rue de la Rosiere,45.374372,0.644283
202 000 006 541,30,12,2020,1139,3,4,4112,1,4,1,3,A51 sortie 18,43.802025,5.814938
202 000 006 542,31,12,2020,1363,5,987,98715,2,1,1,6,PK 4+700 - RT 1 - CHAUSSEE,-17.584522,-149.568578
202 000 006 543,26,11,2020,1080,5,75,75114,2,1,1,3,BOULEVARD PERIPHERIQUE,48.824004,2.307669
202 000 006 544,26,11,2020,1020,1,75,75114,2,4,1,4,ECHANGEUR ORLEANS,48.819575,2.328101
202 000 006 545,25,11,2020,910,1,75,75120,2,4,1,6,PORTE DE BAGNOLET,48.868537,2.413237
202 000 006 546,26,11,2020,1070,5,75,75120,2,1,1,6,RUE DE MENILMONTANT,48.869778,2.393814
202 000 006 547,26,11,2020,950,1,75,75119,2,3,1,3,AVENUE JEAN JAURES,48.885175,2.379369
202 000 006 548,26,11,2020,470,2,75,75118,2,1,1,3,BOULEVARD DE LA CHAPELLE,48.884208,2.354511
202 000 006 549,26,11,2020,1300,5,75,75117,2,2,1,7,AVENUE DE LA PORTE DES TERNES,48.881496,2.2818
202 000 006 550,26,11,2020,492,1,75,75117,2,2,1,2,AVENUE DE CLICHY,48.891548,2.318443
202 000 006 551,26,11,2020,407,5,75,75117,2,2,1,2,BOULEVARD BESSIERES,48.894315,2.313768
202 000 006 552,26,11,2020,1085,5,75,75115,2,5,1,6,BOULEVARD DU MONTPARNASSE,48.845079,2.320129
202 000 006 553,26,11,2020,1205,5,75,75113,2,1,1,6,RUE DE DOMREMY,48.828783,2.370142
202 000 006 554,26,11,2020,475,1,75,75113,2,4,1,3,AVENUE DE LA PORTE D IVRY,48.82027,2.371815
202 000 006 555,26,11,2020,920,1,75,75108,2,7,7,2,RUE ROYALE,48.866661,2.32202
202 000 006 556,26,11,2020,1325,5,75,75107,2,1,1,2,QUAI ANATOLE FRANCE,48.860283,2.326928
202 000 006 557,26,11,2020,880,1,75,75104,2,1,1,6,RUE AUBRIOT,48.858314,2.356812
202 000 006 558,26,11,2020,1330,5,94,94081,2,6,1,3,PRESIDENT SALVADOR ALLENDE (AV DU),48.79607,2.41699
202 000 006 559,26,11,2020,1155,5,94,94078,2,1,1,6,PIERRE SEMARD (PL),48.729,2.446
202 000 006 560,26,11,2020,550,1,94,94042,2,1,1,2,EUROPE (BD DE L),48.81441,2.46379
202 000 006 561,26,11,2020,1065,3,94,94046,2,1,1,6,VALENTON (R DE),48.79006,2.438553
202 000 006 562,26,11,2020,730,1,94,94076,2,1,1,6,KARL MARX (AV),48.784525,2.360607
202 000 006 563,26,11,2020,835,1,94,94079,2,3,1,2,GENERAL LECLERC (R DU),48.82169,2.54048
202 000 006 564,26,11,2020,975,1,93,93078,2,1,1,3,SAUSSET (AVENUE DU),48.961522,2.5110267
202 000 006 565,26,11,2020,825,1,93,93064,2,1,1,6,PERI (BOULEVARD GABRIEL) 39 / 44 - FIN,48.8774501,2.4783
202 000 006 566,25,11,2020,1050,2,93,93032,2,1,1,1,ABBESSES  (CHEMIN D'ACCES AUX),48.8765163,2.5614912
202 000 006 567,26,11,2020,365,5,93,93013,2,3,1,3,R DDU COMMANDANT ROLLAND / AV ELISE DEROCHE,48.93305,2.42818
202 000 006 568,26,11,2020,1000,1,93,93057,2,1,1,3,WILSON (AV. DU PRESIDENT) 62 A 129,48.906785,2.5122626
202 000 006 569,26,11,2020,1017,2,93,93008,2,1,1,6,MARAT (RUE),48.9169322,2.4171121
202 000 006 570,26,11,2020,530,1,93,93005,2,1,1,6,R SADI CARNOT,48.93746,2.49476
202 000 006 571,26,11,2020,960,1,92,92073,2,3,1,3,PASTEUR (RUE),48.861443,2.222933
202 000 006 572,26,11,2020,1155,5,92,92022,2,1,1,2,SALENGRO (AVENUE ROGER),48.8053401,2.1835032
202 000 006 573,26,11,2020,505,2,92,92049,2,2,1,6,JAURES AVENUE JEAN N°52 A FIN,48.8160945,2.3111884
202 000 006 574,25,11,2020,525,1,92,92026,2,2,1,6,VERDUN (DE 01 A 61),48.899502,2.261703
202 000 006 575,25,11,2020,1060,2,92,92002,2,1,1,2,MIRABEAU (RUE),48.7391867,2.2992459
202 000 006 576,27,11,2020,870,1,12,12210,1,1,1,1,puech de beteil,44.171374,2.5863
202 000 006 577,26,11,2020,1115,3,14,14411,1,2,1,5,la bijude,48.966836,0.402246
202 000 006 578,27,11,2020,1160,3,47,47108,1,1,1,1,Au Luc,44.489399,0.132523
202 000 006 579,26,11,2020,585,1,30,30117,2,1,1,6,19 rue des malautières,43.709001,4.572013
202 000 006 580,27,11,2020,15,3,76,76355,1,1,1,6,Rd 149,49.708191,0.719604
202 000 006 581,27,11,2020,465,2,79,79322,1,4,1,3,N/A,46.634896,0.269637
202 000 006 582,26,11,2020,720,1,33,33506,2,3,7,3,Lieu Dit Balette,44.688217,0.90991
202 000 006 583,26,11,2020,990,1,33,33036,1,2,1,3,Lieu Dit le Pontet,44.449866,0.205865
202 000 006 584,29,10,2020,1290,3,72,72290,1,1,1,2,D338,48.16333,0.124036
202 000 006 585,27,11,2020,800,1,14,14011,1,1,1,6,D9,49.139597,0.692584
202 000 006 586,27,11,2020,465,3,14,14098,1,1,8,6,RD83,49.150001,0.544778
202 000 006 587,27,11,2020,450,2,60,60233,2,3,2,6,2 Rue des Glycines,49.6509699,1.8365972
202 000 006 588,27,11,2020,975,1,18,18096,2,1,1,6,16 Rue Gaston Cornavin,47.179045,2.159534
202 000 006 589,26,11,2020,1140,3,18,18062,1,1,8,6,Route de Torteron,46.98284,2.967006
202 000 006 590,26,11,2020,560,1,40,40312,2,1,1,3,rue Joliot Curie,43.543381,-1.482417
202 000 006 591,27,11,2020,840,1,87,87165,2,1,1,1,Le Bourg,46.362924,1.217911
202 000 006 592,26,11,2020,560,1,88,88468,2,1,1,6,6 Avenue de Verdun,47.881245,6.762344
202 000 006 593,26,11,2020,1035,2,88,88530,1,1,1,3,Route de Moyenpal,48.58148,6.370386
202 000 006 594,27,11,2020,450,2,30,30169,1,1,1,1,RN 113 - PR 33+500,43.786114,4.315245
202 000 006 595,26,11,2020,1155,5,13,13069,2,2,1,3,Chemin de la Petite Brulière,43.632759,5.153387
202 000 006 596,21,11,2020,1100,2,13,13073,1,1,1,6,A52,43.39682,5.57878
202 000 006 597,26,11,2020,810,1,973,97311,2,1,1,2,avenue symphorien,5.495683,-54.30279
202 000 006 598,24,11,2020,1140,4,971,97122,2,2,1,1,Rue Robert Loyson,16.416635,-61.528636
202 000 006 599,27,11,2020,680,1,28,28074,1,1,1,2,d24,48.423327,1.827679
202 000 006 600,25,11,2020,810,1,13,13097,2,1,1,2,Route de Craponne,43.649368,4.80234
202 000 006 601,26,11,2020,470,1,13,13103,2,9,1,2,avenue de l' europe,43.6421714,5.1027976
202 000 006 602,27,11,2020,530,2,10,10257,1,1,8,1,D48,48.502502,4.324579
202 000 006 603,26,11,2020,550,1,54,54115,2,1,7,6,RD657,48.72893,6.17038
202 000 006 604,26,11,2020,1310,3,24,24195,1,1,1,6,lieu dit la rivière,44.669691,0.8822
202 000 006 605,16,11,2020,630,1,13,13211,1,1,1,4,A50-Sens Aubagne vers Marseille,43.29267,5.45419
202 000 006 606,25,11,2020,1020,2,13,13214,1,1,1,7,A7-Sens Marseille vers Lyon,43.3199704,5.3777838
202 000 006 607,26,11,2020,495,2,77,77251,1,1,1,2,AUTOROUTE A5A,48.62949,2.537
202 000 006 608,26,11,2020,1250,3,78,78490,1,1,1,6,RN12 INT,48.800212,1.981444
202 000 006 609,26,11,2020,1130,3,78,78133,1,1,1,2,A13,48.894099,2.7903
202 000 006 610,26,11,2020,890,1,92,92036,1,1,1,2,A86,48.9371304,2.2931028
202 000 006 611,26,11,2020,1080,5,94,94028,1,1,1,4,A86 EXT,48.8085629,2.4490579
202 000 006 612,26,11,2020,960,1,94,94073,1,1,1,-1,A86 EXT,48.768846,2.3791999
202 000 006 613,26,11,2020,450,2,94,94017,1,1,1,3,A4,48.8294536,2.5282723
202 000 006 614,19,8,2020,138,5,24,24322,2,1,1,7,AVENUE GEORGES POMPIDOU,45.1938,0.72913
202 000 006 615,15,6,2020,1000,1,14,14225,2,5,8,3,SECRETAN (AVENUE),49.2876,0.1
202 000 006 616,15,9,2020,465,1,93,93050,2,1,1,7,PAUL ET CAMILLE THOMOUX (RUE) COTE IMPAI,48.8658497,2.5290123