Num_Acc,jour,mois,an,hrmn,lum,dep,com,agg,int,atm,col,adr,lat,long
202 000 006 617,24,11,2020,750,1,974,97416,1,9,1,2,Route Ancinne RN1,-21.308032,55.431283
202 000 006 618,25,11,2020,415,1,974,97411,1,3,1,7,Boulevard Jean Jaures,-20.88879,55.448804
202 000 006 619,25,11,2020,560,1,974,97411,2,3,1,6,Rue Jean Chatel,-20.88078,55.45069
202 000 006 620,25,11,2020,613,1,973,97302,2,1,1,6,MALOUET,4.93541,-52.3334
202 000 006 621,25,11,2020,1065,5,69,69388,2,1,1,6,ETATS UNIS (DES)                    (BD),45.7305,4.86688
202 000 006 622,24,11,2020,1370,5,69,69199,2,2,1,3,CARNOT                              (R ),45.7081379,4.8571955
202 000 006 623,25,11,2020,850,1,69,69286,2,4,1,3,HIPPODROME (DE L')                  (AV),45.8149556,4.8848424
202 000 006 624,22,11,2020,910,1,69,69202,2,1,1,7,GEORGES CLEMENCEAU                  (R ),45.74506,4.8067
202 000 006 625,15,11,2020,1050,1,69,69381,2,1,2,6,MAGNEVAL                            (R ),45.7729079,4.835552
202 000 006 626,25,11,2020,1005,5,90,90037,2,1,1,6,TOUTES RUES,42.62277,9.43693
202 000 006 627,25,11,2020,1280,5,95,95680,2,1,1,6,ERABLES (AVENUE DES),49.75,2.39249
202 000 006 628,25,11,2020,1020,1,91,91552,1,1,1,6,CD 19,48.57563,2.27259
202 000 006 629,25,11,2020,775,1,91,91326,2,1,1,6,PETIT (RUE),48.69346,2.3685
202 000 006 630,24,11,2020,935,1,87,87085,1,1,1,2,AEROPORT LIMOGES BELLEGARDE (AVENUE DE),45.86659,1.16838
202 000 006 631,24,11,2020,745,1,87,87113,1,1,1,6,LIMOGES (AVENUE DE),45.85446,1.30649
202 000 006 632,24,11,2020,875,1,77,77407,2,3,1,3,FONTAINEBLEAU(AVENUE DE),48.5316968,2.539813
202 000 006 633,24,11,2020,595,1,71,71306,2,1,1,6,SENTIER (RUE),46.6598,4.3521
202 000 006 634,24,11,2020,780,1,69,69013,2,3,1,-1,GARET (rue du Champ),46.28,4.73098
202 000 006 635,25,11,2020,465,2,60,60159,2,1,8,6,N/A,49.42219,2.82426
202 000 006 636,25,11,2020,1055,5,59,59350,2,1,1,2,LAMBRET OSCAR AVENUE,50.61021,3.387
202 000 006 637,24,11,2020,945,1,59,59350,2,1,1,6,ARBRISSEAU RUE DE L,50.6062763,3.48643
202 000 006 638,24,11,2020,470,2,58,58194,2,1,1,3,EMILE COMBES,47.243,3.1594
202 000 006 639,25,11,2020,675,1,54,54395,2,1,1,6,QUATRE EGLISES (RUE DES 2 A 18-1 A 23),48.68871,6.18269
202 000 006 640,22,11,2020,722,1,54,54395,2,2,1,3,PINCHARD (AVENUE - OMBELLES),48.70226,6.15168
202 000 006 641,24,11,2020,1065,5,51,51454,2,1,1,7,Rue Gaston Boyer,49.2618615,4.197207
202 000 006 642,24,11,2020,596,1,49,49267,2,1,1,3,HAUT BOIS,47.46665,0.4686
202 000 006 643,25,11,2020,900,1,33,33032,2,4,1,3,RUE JEAN-JACQUES ROUSSEAU,44.90961,0.5089
202 000 006 644,25,11,2020,560,1,33,33281,2,1,1,2,RUE JACQUES PREVERT,44.84332,0.67056
202 000 006 645,26,11,2020,50,5,33,33529,2,1,1,7,PYLA (BD DU),44.63338,-1.16308
202 000 006 646,25,11,2020,495,1,33,33529,2,1,1,3,DE GAULLE (AVE CHARLES) 02 ET +,44.63713,-1.1276
202 000 006 647,25,11,2020,1400,3,32,32013,2,1,1,7,TOULOUSE (ROUTE DE),43.65408,0.61022
202 000 006 648,25,11,2020,470,2,31,31555,2,1,1,3,RUE MARIA MONBIOLA,43.57893,1.43698
202 000 006 649,25,11,2020,468,1,31,31555,2,1,1,2,MINIMES (AV DES) DU 1AU 178,43.62338,1.43436
202 000 006 650,24,11,2020,1156,5,31,31555,2,1,1,7,RUE DE PERIOLE,43.61483,1.45598
202 000 006 651,23,11,2020,1190,5,31,31149,2,1,1,3,ravel (rue),43.59832,1.35016
202 000 006 652,25,11,2020,652,1,25,25056,2,1,1,6,CHOPIN RUE FREDERIC,47.2611,6.414
202 000 006 653,25,11,2020,480,5,22,22278,2,1,8,3,CORNEILLE COTE IMPAIR,48.51212,-2.7451
202 000 006 654,25,11,2020,1103,5,17,17300,2,1,1,-1,PRUNIER   QUAI LOUIS,46.15295,-1.15005
202 000 006 655,25,11,2020,1220,5,13,13215,2,1,1,3,LE CHATELIER,43.3472,5.36853
202 000 006 656,25,11,2020,765,1,13,13209,2,1,1,3,MARÉCHAL DE LATTRE (AVENUE),43.245908,5.417313
202 000 006 657,25,11,2020,510,1,13,13209,2,1,1,2,CASSIS (ANCIEN CHEMIN DE),43.2614582,5.4168793
202 000 006 658,24,11,2020,525,1,13,13209,2,1,1,3,SORMIOU (CHEMIN DE),43.227896,5.402694
202 000 006 659,25,11,2020,573,1,13,13001,1,1,1,5,RD9,43.488958,5.364428
202 000 006 660,25,11,2020,525,1,9,9122,1,1,1,-1,20 (R.N.) COTE NORD DU TUNNEL,42.975852,1.622376
202 000 006 661,23,11,2020,940,1,6,6027,2,1,1,3,PROMENADE DE L HIPPODROME,43.6497,7.1508
202 000 006 662,25,11,2020,530,1,75,75113,2,1,1,2,QUAI D IVRY,48.825675,2.386693
202 000 006 663,24,11,2020,1090,5,75,75117,2,1,1,2,BOULEVARD PERIPHERIQUE,48.900488,2.322065
202 000 006 664,24,11,2020,540,1,75,75116,2,4,1,3,BOULEVARD PERIPHERIQUE,48.874104,2.275575
202 000 006 665,23,11,2020,500,1,75,75113,2,1,2,3,BOULEVARD PERIPHERIQUE,48.824838,2.384286
202 000 006 666,25,11,2020,915,1,75,75105,2,1,1,3,RUE DES BERNARDINS,48.850102,2.350665
202 000 006 667,24,11,2020,1247,5,75,75105,2,5,1,3,RUE DES ECOLES,48.850344,2.342636
202 000 006 668,23,11,2020,75,5,75,75120,2,7,2,3,COURS DE VINCENNES,48.847188,2.411272
202 000 006 669,25,11,2020,1140,3,75,75119,2,3,1,3,AVENUE CORENTIN CARIOU,48.896402,2.384144
202 000 006 670,25,11,2020,1260,5,75,75117,2,2,1,1,RUE D ARMAILLE,48.879067,2.290962
202 000 006 671,25,11,2020,930,1,75,75116,2,5,1,2,AVENUE VICTOR HUGO,48.864332,2.272967
202 000 006 672,25,11,2020,500,1,75,75116,2,2,1,3,AVENUE DE VERSAILLES,48.84872,2.275062
202 000 006 673,25,11,2020,780,1,75,75112,2,3,8,3,RUE DU SERGENT BAUCHAT,48.845731,2.393425
202 000 006 674,25,11,2020,480,1,75,75111,2,2,1,6,BOULEVARD RICHARD LENOIR,48.864216,2.371198
202 000 006 675,25,11,2020,1040,5,94,94042,2,2,1,3,MARNE (QU DE),48.820179,2.467276
202 000 006 676,23,11,2020,885,3,94,94046,2,1,1,6,VALENTON (R DE),48.79794,2.43658
202 000 006 677,23,11,2020,555,1,94,94041,2,5,2,1,JEAN LE GALLEU (R),48.81059,2.38002
202 000 006 678,25,11,2020,1240,5,93,93078,2,9,1,1,RASPAIL (AVENUE),48.9538064,2.547884
202 000 006 679,25,11,2020,620,1,93,93008,2,6,1,6,PLACE SAINT JUSTE,48.9058336,2.4699636
202 000 006 680,25,11,2020,1060,5,93,93005,2,1,1,6,MOULIN DE LA VILLE (CHEMIN DU),48.9505754,2.4975386
202 000 006 681,25,11,2020,1185,4,92,92044,2,9,1,3,CAMILLE PELLETAN(RUE)1A15 ET 2A12,48.895622,2.289129
202 000 006 682,25,11,2020,1070,5,92,92044,2,1,1,1,BINEAU (BOULEVARD),48.8865837,2.2842546
202 000 006 683,25,11,2020,772,1,92,92036,2,1,1,-1,MOULIN DE CAGE (RUE DU),48.9288412,2.3120266
202 000 006 684,25,11,2020,660,1,92,92025,2,1,1,2,JULES MICHELET (RUE),48.9319805,2.2687224
202 000 006 685,25,11,2020,840,1,92,92007,2,1,1,3,RAVERA (AVENUE HENRI) N° 111 A 217 ET 10,48.8047504,2.3128964
202 000 006 686,26,11,2020,820,1,26,26031,2,1,1,2,4 Avenue Lieutenant Cheynis,44.554466,4.860104
202 000 006 687,26,11,2020,525,2,68,68177,1,1,1,-1,430,47.937054,7.172388
202 000 006 688,26,11,2020,960,1,95,95529,2,1,1,6,ROUTE NEUVE,49.1708285,2.2112292
202 000 006 689,25,11,2020,1155,5,22,22389,1,1,2,2,RN 12 - PR 48+200,48.480887,-2.647533
202 000 006 690,25,11,2020,710,1,26,26133,1,1,1,7,20 Chemin des Achards,45.213111,4.905574
202 000 006 691,26,11,2020,930,1,83,83070,2,1,1,1,"RD298 Route de Bénat / voie d'accès au supermarché ""Casino""",43.1353799,6.3513166
202 000 006 692,25,11,2020,1250,3,62,62199,1,1,1,6,d 341,50.365346,2.650044
202 000 006 693,24,11,2020,625,1,62,62180,2,1,1,3,Rue de Valhuon - Lieu dit Grossart,50.413522,2.366481
202 000 006 694,26,11,2020,718,1,74,74029,1,3,1,3,RD 14,45.989661,5.821429
202 000 006 695,26,11,2020,1065,2,77,77446,1,1,1,3,D49a2,48.512354,3.213581
202 000 006 696,26,11,2020,945,1,76,76653,1,1,1,1,D50,49.773449,0.718403
202 000 006 697,25,11,2020,496,2,82,82005,1,1,5,7,D26,43.798502,1.265118
202 000 006 698,25,11,2020,1100,2,65,65258,2,2,1,3,rue des déportés,43.1287,0.386533
202 000 006 699,26,11,2020,760,1,61,61398,1,1,1,6,Rue Cavier,48.603588,0.307381
202 000 006 700,18,11,2020,900,1,34,34221,1,1,1,3,D32,43.728038,3.633068
202 000 006 701,26,11,2020,510,3,39,39043,1,1,1,6,Beaufort,46.610317,5.411453
202 000 006 702,24,11,2020,975,1,35,35179,1,1,1,1,Le Porche,48.519554,-1.884359
202 000 006 703,25,11,2020,1115,3,38,38069,1,1,1,7,RD 1085 - face magasin DANTON,45.443693,5.291805
202 000 006 704,26,11,2020,420,3,50,50030,2,1,5,6,Rue Saint Thomas Becket,49.665288,-1.270796
202 000 006 705,25,11,2020,1070,5,45,45146,2,1,1,6,Rue Masséna - sous le pont SNCF,47.721232,1.932092
202 000 006 706,14,11,2020,840,1,53,53062,2,9,1,6,Chemin de terre rouge,47.828184,0.689556
202 000 006 707,25,11,2020,1315,3,85,85190,1,1,1,6,Départementale 753,46.957014,-1.465226
202 000 006 708,26,11,2020,440,5,67,67343,2,2,5,3,29 Route de Saverne,48.603694,7.690918
202 000 006 709,25,11,2020,1095,5,84,84081,1,1,1,6,Aire de Service de Morieres,43.922962,4.913254
202 000 006 710,23,11,2020,1150,3,988,98826,1,1,1,6,lieu-dit Iny,-20.263324,164.9111
202 000 006 711,26,11,2020,480,1,971,97115,1,1,1,3,Routa,16.260668,-61.631895
202 000 006 712,25,11,2020,405,2,84,84078,1,1,1,2,nationale 7,44.228703,4.712877
202 000 006 713,26,11,2020,750,1,83,83099,2,1,1,1,Boulevard Cavalier,43.456533,6.683577
202 000 006 714,24,11,2020,545,1,67,67130,1,4,5,1,D426,48.410225,7.707156
202 000 006 715,4,11,2020,995,1,88,88090,2,1,1,6,Rue Claude Barrès,48.360726,6.304007
202 000 006 716,19,11,2020,1080,3,26,26271,1,1,1,2,23 Allée des Berges du Rhone,45.18245,4.852089
202 000 006 717,25,11,2020,955,1,26,26084,1,1,1,7,515 Route de Vialon,44.992112,4.91734
202 000 006 718,25,11,2020,1160,3,14,14289,1,4,1,1,Départementale 63,48.890878,0.13278
202 000 006 719,25,11,2020,1260,3,60,60138,1,1,1,6,chaussee brunehaut - Hameau de Balagny sur Aunette,49.219167,2.633371
202 000 006 720,6,1,2020,1020,1,84,84007,2,1,1,4,LIMBERT (Boulevard),43.94751,4.81807
202 000 006 721,29,1,2020,470,4,36,36044,2,3,2,3,RUE DU 3EME RAC/RUE DIEUDONNE COSTES,46.8209538,1.718148
202 000 006 722,23,11,2020,1110,2,974,97407,2,1,7,6,COMPAGNIE DES INDES (BD DE LA) ,-20.9451,55.32282
202 000 006 723,24,11,2020,790,1,973,97302,2,1,1,6,ARAGO (FRANCOIS),4.9386238,-52.3316915
202 000 006 724,24,11,2020,610,1,973,97302,2,2,1,3,FLAMBOYANTS (RUE DES),4.92573,-52.31577
202 000 006 725,24,11,2020,410,2,973,97302,2,1,3,3,CABASSOU (ROUTE DE),4.91968,-52.31881
202 000 006 726,24,11,2020,1045,5,69,69388,2,1,1,6,MARC SANGNIER                       (PL),45.7324791,4.8826277
202 000 006 727,24,11,2020,905,1,69,69386,2,2,1,6,MICHEL RAMBAUD                      (R ),45.77014,4.85971
202 000 006 728,20,9,2020,68,3,972,97213,1,1,1,6,ROUTE NATIONALE 5,14.59666,-60.99521
202 000 006 729,23,11,2020,575,1,91,91223,2,1,1,3,COQUERIVE (AVENUE DE),48.43367,2.17211
202 000 006 730,23,11,2020,525,3,83,83098,2,2,1,-1,raimu,43.1103826,6.165489
202 000 006 731,23,11,2020,480,2,80,80001,2,1,8,6,VOLTAIRE,50.10401,1.82444
202 000 006 732,24,11,2020,1065,5,79,79329,2,2,1,3,Boulevard Alfred de Vigny,46.977494,0.20791
202 000 006 733,20,11,2020,1120,5,78,78158,2,2,1,3,DOCTEUR VILLEMIN (RUE DU),48.820073,2.128495
202 000 006 734,23,9,2020,660,1,78,78640,2,9,1,6,EUROPE (AVENUE DE L'),48.781318,2.21827
202 000 006 735,2,11,2020,1090,5,77,77288,2,1,1,6,POMPIDOU  (AVENUE GEORGES),48.55188,2.64935
202 000 006 736,15,5,2020,885,1,77,77048,1,1,1,6,Route de Grez,48.3262,2.6998
202 000 006 737,16,5,2020,1010,1,69,69290,2,2,1,5,CHARLIE CHAPLIN                 (AV),45.7084452,4.9088538
202 000 006 738,18,5,2020,95,5,64,64024,2,1,1,6,MER (BOULEVARD DE LA),43.4943939,-1.5439975
202 000 006 739,16,5,2020,1200,1,64,64140,2,1,1,1,GAULLE (AV CHARLES DE),43.52775,-1.4716
202 000 006 740,16,5,2020,640,1,62,62193,2,1,1,6,NORMANDIE NIEMEN,50.9518,1.9036
202 000 006 741,17,5,2020,885,1,56,56260,2,1,1,3,STALINGRAD(PLACE DE),47.65869,-2.74829
202 000 006 742,17,5,2020,835,1,53,53201,2,4,1,3,LOGES ( BOULEVARD DES ),48.60126,0.811104
202 000 006 743,16,5,2020,1230,2,50,50129,2,1,1,7,ZOLA (RUE EMILE),49.63748,-1.63071
202 000 006 744,16,5,2020,870,1,50,50129,2,1,1,7,MACONS (RUE DES),49.644189,-1.644449
202 000 006 745,15,5,2020,910,1,50,50129,2,3,1,3,BECQUEREL (RUE),49.62846,-1.63962
202 000 006 746,17,5,2020,1020,1,38,38185,2,2,1,1,Rue de Stalingrad,45.17175,5.72422
202 000 006 747,18,5,2020,25,5,35,35051,1,6,1,6,CHANTEPIE (ROUTE DE),48.10357,-1.604102
202 000 006 748,17,5,2020,1190,1,26,26252,2,1,1,3,37 rue Jean Jaurès ,44.876898,4.877404
202 000 006 749,17,5,2020,215,5,13,13204,2,9,2,6,MARÉCHAL JUIN (BOULEVARD),43.311,5.40333
202 000 006 750,17,5,2020,1140,1,11,11069,2,1,1,7,Victor Hugo,43.2134,2.3487
202 000 006 751,17,5,2020,960,1,7,7102,2,1,1,7,REPUBLIQUE (AV. DE LA) [DU N° AU N°],44.934988,4.875988
202 000 006 752,17,5,2020,1275,5,6,6088,2,1,8,3,STE-MARGUERITE (AV.) (153),43.6799869,7.2095257
202 000 006 753,17,5,2020,1130,1,6,6088,2,1,1,6,CESSOLE (BD DE) (A PARTIR DU 101-114),43.720192,7.251695
202 000 006 754,17,5,2020,838,1,6,6088,2,8,2,3,PEGUY (R. CHARLES),43.71305,7.26169
202 000 006 755,17,5,2020,420,1,6,6069,1,1,2,7,PEGOMAS (ROUTE DE),43.631261,6.931229
202 000 006 756,17,5,2020,1130,1,75,75119,2,3,1,3,AVENUE JEAN JAURES,48.884584,2.377118
202 000 006 757,17,5,2020,1090,1,75,75118,2,3,1,6,BOULEVARD DE ROCHECHOUART,48.88349,2.346677
202 000 006 758,17,5,2020,140,5,75,75118,2,5,1,3,AVENUE DE LA PORTE DE CLIGNANCOURT,48.90069,2.34422
202 000 006 759,17,5,2020,1180,1,75,75117,2,2,1,3,AVENUE DE WAGRAM,48.880309,2.299819
202 000 006 760,17,5,2020,730,1,75,75115,2,2,1,3,RUE BRANCION,48.834714,2.305184
202 000 006 761,17,5,2020,900,1,75,75112,2,7,1,3,AVENUE DU TREMBLAY,48.82715,2.46463
202 000 006 762,17,5,2020,115,5,94,94080,2,1,1,3,Avenue de Paris,48.845211,2.4319115
202 000 006 763,16,5,2020,1330,4,93,93048,2,1,1,6,R PIERRE DE MONTREUIL,48.8626,2.4571
202 000 006 764,17,5,2020,1055,1,93,93079,2,1,1,2,SAINT LEU (ROUTE),48.9519281,2.3383769
202 000 006 765,17,5,2020,900,1,93,93010,2,1,1,2,AV JEAN MOULIN,48.91252,2.47875
202 000 006 766,16,5,2020,1370,5,92,92036,2,1,1,7,BAS ( RUE DES ),48.918718,2.290871
202 000 006 767,17,5,2020,345,2,49,49244,1,1,1,6,Lieu Dit la Fribaudiere,47.315694,0.911865
202 000 006 768,16,5,2020,1046,1,47,47069,1,1,1,1,442 Route de Saint-hilaire,44.218931,0.536125
202 000 006 769,15,5,2020,1185,1,86,86258,1,9,7,3,Grand’Rue,46.812984,0.400658
202 000 006 770,18,5,2020,1045,1,95,95487,1,1,1,4,D301,49.151482,2.24709
202 000 006 771,18,5,2020,1040,1,18,18039,2,2,1,3,Chemin de Bué,47.302283,2.795752
202 000 006 772,17,5,2020,1075,1,974,97421,1,9,1,4,D48,-21.34129,55.536551
202 000 006 773,17,5,2020,1030,1,974,97410,1,3,1,3,rue des vergers,-21.68933,55.704664
202 000 006 774,18,5,2020,675,1,59,59478,2,1,1,6,zone commerciale les remparts CD916,50.954723,2.434448
202 000 006 775,18,5,2020,840,1,62,62079,1,1,1,6,3 La Voie des Pretres,50.999539,2.8850187
202 000 006 776,15,5,2020,1160,1,19,19287,1,1,1,6,puy chau,45.3833058,1.9429647
202 000 006 777,18,5,2020,980,1,56,56105,1,1,1,7,ST GEORGES,48.1945,-3.51666
202 000 006 778,17,5,2020,420,1,56,56030,1,1,1,7,D139,47.49079,-2.388411
202 000 006 779,14,5,2020,1035,1,74,74006,2,3,1,3,Route du Nant,45.99344,6.121595
202 000 006 780,16,5,2020,1170,1,76,76196,1,1,1,7,Rue du Canot,49.626944,0.261768
202 000 006 781,17,5,2020,1060,1,76,76123,1,1,1,1,Route de dieppe,49.543994,1.151397
202 000 006 782,17,5,2020,1155,1,79,79013,1,1,7,7,N/A,46.99192,0.4464
202 000 006 783,17,5,2020,1035,1,90,90096,2,1,1,6,1 Avenue du Pont de l'Orta,42.313701,9.1520077
202 000 006 784,16,5,2020,915,1,82,82176,1,1,1,7,D8,43.965531,1.545553
202 000 006 785,17,5,2020,1255,1,32,32283,2,1,1,6,D38,43.375257,0.212903
202 000 006 786,18,5,2020,55,3,89,89072,1,1,1,6,D64,47.7432413,2.9568967
202 000 006 787,17,5,2020,1020,1,63,63319,1,1,1,7,D996,45.516399,3.88518
202 000 006 788,17,5,2020,1155,1,61,61079,1,1,1,6,La Greve,48.203242,0.780205
202 000 006 789,17,5,2020,1105,1,61,61092,2,2,7,3,21 Route de Paris,48.753062,0.740295
202 000 006 790,17,5,2020,990,1,61,61140,2,1,1,6,23 Rue du Pays d'Ouche,48.708065,0.667347
202 000 006 791,18,5,2020,30,3,61,61407,1,1,1,6,RD 25,48.826842,0.462504
202 000 006 792,16,5,2020,120,3,61,61232,1,1,1,7,Lieu Dit la Grange,48.679769,0.70492
202 000 006 793,17,5,2020,1395,3,55,55522,1,1,1,6,D36,48.6310383,5.6988892
202 000 006 794,16,5,2020,1100,1,49,49329,1,1,1,3,D111,47.381843,0.653949
202 000 006 795,15,5,2020,600,1,42,42323,2,1,1,7,Place de l'Europe,45.561427,4.276943
202 000 006 796,15,5,2020,945,1,42,42043,2,1,1,7,Route de Saint Bonnet les Oules,45.576494,4.316683
202 000 006 797,17,5,2020,1055,1,42,42059,2,2,1,3,Rue de la Gimond,45.634617,4.403324
202 000 006 798,15,5,2020,1125,1,22,22164,1,1,7,7,Chapelle duméné bré,48.57638,-3.30534
202 000 006 799,16,5,2020,965,1,25,25147,1,1,1,5,D673,47.206071,5.894272
202 000 006 800,17,5,2020,1015,1,25,25223,1,1,1,6,Route départementale 492,46.991846,6.4887
202 000 006 801,17,5,2020,810,1,29,29205,1,3,1,6,Lieu Dit Kerampudou,48.2915047,-3.6074976
202 000 006 802,18,5,2020,610,1,31,31212,2,9,7,3,D888,43.71241,1.560933
202 000 006 803,17,5,2020,662,1,2,2014,1,1,1,2,D7,49.602506,3.279569
202 000 006 804,17,5,2020,700,1,26,26060,1,1,1,7,3890 route de Bourdeaux ,44.539197,5.196036
202 000 006 805,16,5,2020,340,2,26,26305,1,3,1,3,275 avenue de fourèges,44.59642,4.888858
202 000 006 806,18,5,2020,690,1,14,14104,1,2,1,3,D51,49.238004,0.285805
202 000 006 807,17,5,2020,1255,1,50,50120,1,1,1,6,Le Bouillon Boucher,48.889201,-1.451461
202 000 006 808,18,5,2020,1024,1,90,90044,1,3,1,1,rd83,47.70195,6.994817
202 000 006 809,17,5,2020,830,1,16,16405,1,1,7,7,Ld l'Ormeau,45.520905,0.98689
202 000 006 810,18,5,2020,965,1,16,16236,1,1,1,3,Ld Le Fort des Anglais,45.585982,0.132029
202 000 006 811,18,5,2020,800,1,21,21317,1,3,7,3,D3,47.547016,5.122011
202 000 006 812,17,5,2020,670,1,40,40195,2,1,1,6,5 Rue du Bon Vieux Temps,43.742317,0.483504
202 000 006 813,18,5,2020,505,1,24,24354,2,1,1,2,48 Avenue d'Aquitaine,45.146782,0.5391
202 000 006 814,17,5,2020,1020,1,24,24354,1,1,1,1,D730,45.94156,0.103555
202 000 006 815,18,5,2020,725,1,27,27116,1,3,1,1,Brionne,49.178912,0.70335
202 000 006 816,18,5,2020,635,1,28,28089,2,1,1,6,Route de Brezolles,48.589014,1.235361
202 000 006 817,17,5,2020,1045,1,87,87140,1,3,1,3,Allée du Pacage du Milieu,45.903124,0.9734
202 000 006 818,17,5,2020,645,1,37,37263,2,1,1,2,rue de vaugaudet,47.2748863,0.8365154
202 000 006 819,18,5,2020,465,1,30,30138,1,1,1,1,départementale 40,43.808487,4.239736
202 000 006 820,15,5,2020,945,1,95,95042,1,1,1,7,RD 9,49.68313,2.282624
202 000 006 821,17,5,2020,1180,1,95,95535,1,1,1,4,RD14,49.63913,1.982281
202 000 006 822,18,5,2020,1150,2,90,90355,1,1,3,3,T20,42.51877,9.39507
202 000 006 823,17,5,2020,995,1,68,68171,1,1,1,5,D430,47.970801,6.988709
202 000 006 824,17,5,2020,630,1,68,68252,1,3,1,3,Route de Ribeauvillé,48.164225,7.366687
202 000 006 825,16,5,2020,1225,2,67,67464,1,1,1,7,lieu dit AUE,48.341953,7.565804
202 000 006 826,16,5,2020,1045,1,67,67464,1,2,7,3,Rue de Strasbourg,48.3241537,7.5716773
202 000 006 827,17,5,2020,960,1,88,88531,1,1,1,3,D430,48.48746,7.932
202 000 006 828,16,5,2020,990,1,57,57550,1,1,1,3,D26,49.152226,6.631923
202 000 006 829,18,5,2020,1075,1,74,74073,1,1,7,3,Sur le Feu Courbe,46.334506,6.652769
202 000 006 830,17,5,2020,1050,1,42,42201,1,1,1,-1,Route du Tracol,45.348383,4.660901
202 000 006 831,18,5,2020,608,1,64,64376,1,1,1,1,D 938,43.278756,0.314473
202 000 006 832,16,5,2020,735,1,33,33042,2,1,1,2,D1010,44.514031,0.793
202 000 006 833,17,5,2020,104,5,60,60612,1,1,1,2,5 Avenue du Poteau,49.2213821,2.5883512
202 000 006 834,18,5,2020,1070,1,62,62106,1,1,1,7,rue de sailly,50.301752,3.38787
202 000 006 835,17,5,2020,1010,1,13,13005,1,1,3,6,A50 - Sens Aubagne vers Marseille,43.2803,5.5832
202 000 006 836,16,5,2020,1170,1,13,13026,1,1,2,7,A55-Sens Martigues vers Marseille,43.377338,5.171821
202 000 006 837,17,5,2020,580,1,94,94037,1,1,1,7,AUTOROUTE A6B,48.8157905,2.3367697
202 000 006 838,15,5,2020,1100,1,91,91228,1,9,1,4,AUTOROUTE A6,48.61962,2.42611
202 000 006 839,16,5,2020,795,1,974,97416,2,1,1,7,GENERAL DE GAULLE(AVENUE),-21.29074,55.46644
202 000 006 840,16,5,2020,585,1,974,97416,1,2,1,3,BOISSY (CHEMIN DE),-21.33991,55.50948
202 000 006 841,16,5,2020,985,1,973,97302,2,9,1,3,GALMOT (AVENUE),4.9319308,-52.3283744
202 000 006 842,16,5,2020,870,1,973,97302,2,1,1,3,BONHOMME (CITE),4.9220326,-52.3194158
202 000 006 843,16,5,2020,640,1,973,97302,1,1,1,2,ROUTE NATIONALE 1,4.90534,-52.32321
202 000 006 844,16,5,2020,1070,1,69,69388,2,1,1,6,MARIUS BERLIET                      (R ),45.7394,4.86601
202 000 006 845,16,5,2020,1135,3,972,97209,2,1,2,7,PARADISIERS (AVENUE DES),14.62194,-61.3686
202 000 006 846,16,5,2020,878,1,69,69382,2,1,1,2,JEAN MOULIN                         (QU),45.7656729,4.8380948
202 000 006 847,16,5,2020,180,5,69,69034,2,5,1,3,PASTEUR                             (R ),45.7908821,4.8424221
202 000 006 848,16,5,2020,1182,1,91,91570,2,9,1,3,BRANLY (RUE EDOUARD),48.63388,2.305228
202 000 006 849,15,5,2020,1190,1,91,91174,2,1,1,6,Emile ZOLA (rue),48.61383,2.47202
202 000 006 850,15,5,2020,1154,1,83,83126,2,1,1,6,Ytzhak RABIN - D63,43.114914,5.871448
202 000 006 851,15,5,2020,997,1,79,79329,2,1,1,7,Rue Camille Pelletan,46.98196,0.21916
202 000 006 852,16,5,2020,1020,1,77,77118,1,1,1,4,ROUTE NATIONALE 3,48.94305,2.65938
202 000 006 853,17,5,2020,45,5,77,77407,2,3,1,-1,OLIVIERI(RUE A.) - D50,48.53046,2.55179
202 000 006 854,15,5,2020,1110,1,77,77186,2,3,1,3,ANDRE MAGINOT (BOULEVARD) - D417,48.40531,2.68983
202 000 006 855,15,5,2020,1040,1,77,77186,2,3,1,1,d301 de chantoiseau /grand veneur,48.4055848,2.7789559
202 000 006 856,16,5,2020,50,5,76,76540,2,2,1,3,MONT RIBOUDET. AVENUE DU,49.44821,1.6675
202 000 006 857,16,5,2020,900,1,72,72181,2,1,1,6,GARENNE (RUE DE LA),48.1858,0.19111
202 000 006 858,16,5,2020,560,1,71,71270,2,1,1,6,Avenue Edouard Herriot,46.2993486,4.8275028
202 000 006 859,15,5,2020,830,1,71,71270,2,1,1,3,Avenue Edouard Herriot,46.2927336,4.8157504