Num_Acc,jour,mois,an,hrmn,lum,dep,com,agg,int,atm,col,adr,lat,long
202 000 007 348,30,1,2020,453,5,35,35238,2,4,2,6,3 CHATEAUGIRON (RUE DE),48.1019,-1.6598
202 000 007 349,30,1,2020,1180,5,34,34172,2,1,8,4,VERDANSON (QUAI DU),43.61503,3.88245
202 000 007 350,30,1,2020,1105,3,34,34198,1,1,1,2,D66  VOIE RAPIDE,43.57553,3.95039
202 000 007 351,30,1,2020,880,1,34,34129,2,3,1,3,EUROPE (AVENUE DE L'),43.57165,3.90563
202 000 007 352,30,1,2020,1125,2,33,33063,2,2,2,6,CRS DE LA MARNE / RUE PEYRONNET / RUE MALBEC,44.82818,0.56076
202 000 007 353,30,1,2020,815,1,33,33032,2,6,9,3,QUAI ALFRED DE VIAL / RUE RICHELIEU,44.90961,0.53539
202 000 007 354,30,1,2020,480,1,33,33063,2,3,2,2,QUAI DE LA SOUYS / RUE FRANC SANSON,44.82795,0.53962
202 000 007 355,27,1,2020,1000,1,31,31069,2,1,2,-1,GRENADE (ROUTE DE),43.6288148,1.3920198
202 000 007 356,27,1,2020,510,5,30,30189,1,1,1,1,ALES (ROUTE),43.88455,4.30228
202 000 007 357,30,1,2020,490,2,29,29019,2,6,2,3,Rue du Valy-hir,48.38525,-4.52822
202 000 007 358,30,1,2020,425,5,29,29019,2,1,2,-1,Rue Neuve,48.3832421,-4.4986044
202 000 007 359,29,1,2020,476,1,26,26198,2,6,1,3,VILLEPRE (Rond point de),44.566365,4.735143
202 000 007 360,30,1,2020,525,2,18,18205,2,1,2,3,ORLEANS (ROUTE D'),47.12357,2.37091
202 000 007 361,30,1,2020,1200,5,17,17415,2,2,1,3,MARTEL RUE GEOFFROY,45.7427893,0.6212023
202 000 007 362,30,1,2020,1020,2,13,13215,2,1,1,6,DE SAINT LOUIS AU ROVE (chemin),43.350809,5.354243
202 000 007 363,30,1,2020,790,1,13,13211,2,1,1,3,SAINT LOUP (BOULEVARD DE),43.2840607,5.4355976
202 000 007 364,30,1,2020,885,1,13,13206,2,2,1,3,BONS ENFANT (RUE DES),43.28927,5.38841
202 000 007 365,30,1,2020,825,1,13,13209,2,9,1,3,HUVEAUNE (BOULEVARD DE),43.2744757,5.4086697
202 000 007 366,30,1,2020,780,1,13,13215,2,9,1,3,SAINT ANTOINE A SAINT JOSEPH (CHEMIN DE),43.36037,5.36386
202 000 007 367,30,1,2020,825,1,13,13063,2,2,1,2,ARISTIDE BRIAND BOULEVARD,43.5791937,5.28979
202 000 007 368,30,1,2020,622,1,10,10387,2,1,8,2,CHOMEDEY DE MAISONNEUVE (AVE),48.30335,4.7334
202 000 007 369,30,1,2020,1112,5,6,6088,2,9,1,3,TURIN (RTE DE),43.73053,7.28654
202 000 007 370,28,1,2020,630,1,5,5023,2,9,1,3,FANTON (CHEMIN),44.9048,6.62955
202 000 007 371,24,1,2020,1110,5,5,5023,2,6,1,3,ROND POINT FAURE-GEORS,44.8871045,6.6336458
202 000 007 372,30,1,2020,1200,5,75,75115,2,1,2,2,BD PERIPHERIQUE EXTERIEUR,48.834762,2.265418
202 000 007 373,30,1,2020,1065,4,75,75117,2,1,2,7,BD PERIPHERIQUE INTERIEUR,48.896912,2.311243
202 000 007 374,30,1,2020,750,1,75,75112,2,1,2,4,BD PERIPHERIQUE INTERIEUR,48.8296164,2.4010233
202 000 007 375,28,1,2020,1132,5,75,75116,2,2,3,6,AVENUE EDOUARD VAILLANT,48.838126,2.25421
202 000 007 376,30,1,2020,830,1,75,75118,2,2,2,6,RUE DE LA CHAPELLE,48.890255,2.3599133
202 000 007 377,30,1,2020,1200,5,75,75117,2,2,2,3,RUE JOUFFROY D ABBANS,48.885967,2.309575
202 000 007 378,30,1,2020,1100,5,75,75117,2,4,2,3,AVENUE DE WAGRAM,48.8753286,2.2961801
202 000 007 379,30,1,2020,590,1,75,75117,2,2,2,2,BOULEVARD DE LA SOMME,48.886582,2.290066
202 000 007 380,30,1,2020,885,1,75,75116,2,1,8,2,AVENUE DU PRESIDENT KENNEDY,48.856377,2.2859971
202 000 007 381,30,1,2020,765,1,75,75116,2,7,2,3,PLACE DU TROCADERO ET DU 11 NOVEMBRE,48.862509,2.286821
202 000 007 382,30,1,2020,450,5,75,75116,2,7,1,-1,PORTE DE MADRID,48.8741501,2.2553821
202 000 007 383,30,1,2020,630,1,75,75114,2,2,2,6,BOULEVARD ADOLPHE PINARD,48.825014,2.3021471
202 000 007 384,30,1,2020,1050,5,75,75114,2,3,2,6,RUE D ALESIA,48.8298377,2.3211765
202 000 007 385,30,1,2020,1080,5,75,75113,2,2,2,3,QUAI PANHARD ET LEVASSOR,48.8322321,2.3797659
202 000 007 386,30,1,2020,975,1,75,75113,2,1,8,3,QUAI FRANCOIS MAURIAC,48.8326359,2.3792179
202 000 007 387,30,1,2020,1160,5,75,75112,2,3,1,6,AVENUE DAUMESNIL,48.8494957,2.3709427
202 000 007 388,30,1,2020,975,1,75,75112,2,1,2,2,BOULEVARD PONIATOWSKI,48.8337985,2.4030949
202 000 007 389,30,1,2020,570,1,75,75112,2,1,2,-1,QUAI DE BERCY,48.829625,2.387229
202 000 007 390,30,1,2020,835,1,75,75111,2,1,2,2,BOULEVARD VOLTAIRE,48.8539495,2.3865731
202 000 007 391,30,1,2020,882,1,75,75110,2,1,1,-1,QUAI DE VALMY,48.8735023,2.3632893
202 000 007 392,30,1,2020,870,1,75,75110,2,7,2,3,PLACE FRANZ LISTZ,48.8779022,2.3516094
202 000 007 393,30,1,2020,870,1,75,75110,2,2,1,3,RUE DES VINAIGRIERS,48.873169,2.361468
202 000 007 394,30,1,2020,505,1,75,75109,2,1,2,2,BOULEVARD HAUSSMANN,48.8731075,2.332025
202 000 007 395,30,1,2020,1210,5,75,75102,2,1,2,6,BOULEVARD DE SEBASTOPOL,48.8654629,2.3520412
202 000 007 396,30,1,2020,595,1,75,75103,2,1,2,3,RUE BEAUBOURG,48.8617513,2.3537828
202 000 007 397,29,1,2020,800,1,94,94067,2,2,1,3,DAUMESNIL (AV),48.8350322,2.4197588
202 000 007 398,29,1,2020,870,1,94,94046,2,1,1,6,JEAN JAURES (R),48.79389,2.43436
202 000 007 399,28,1,2020,1190,5,94,94046,2,2,2,6,REPUBLIQUE (AV DE LA),48.8011647,2.4316196
202 000 007 400,30,1,2020,465,1,94,94011,2,1,1,3,OUEST(ROUTE DE L'),48.7799,2.48
202 000 007 401,30,1,2020,990,1,94,94069,2,1,8,2,MARECHAL LECLERC (R DU),48.8181229,2.4334743
202 000 007 402,30,1,2020,495,1,94,94044,2,1,1,6,PRESIDENT WILSON (AV DU),48.75086,2.49945
202 000 007 403,29,1,2020,495,1,94,94002,2,1,1,1,MARCEL BOURDARIAS (R),48.8048,2.42454
202 000 007 404,30,1,2020,560,1,93,93053,2,1,1,6,JEAN JAURES (RUE),48.89427,2.45786
202 000 007 405,30,1,2020,1320,5,93,93027,2,1,9,2,CACHIN (AVENUE MARCEL),48.9262,2.3968
202 000 007 406,30,1,2020,550,1,92,92077,2,1,2,3,RONCE (RUE DE LA),48.82316,2.19285
202 000 007 407,29,1,2020,610,1,92,92063,2,3,1,3,COLMAR (AV DE),48.8873081,2.1681375
202 000 007 408,29,1,2020,465,1,92,92050,2,9,1,1,CHAMPS PIERREUX (AVENUE DES),48.88933,2.2135
202 000 007 409,29,1,2020,1040,1,92,92036,2,3,1,5,LOUISE MICHEL (PAIRS),48.92266,2.32061
202 000 007 410,30,1,2020,1130,5,92,92026,2,1,2,6,SAINT-DENIS BD DE (01 A 197 / 02 A 118),48.90011,2.2688949
202 000 007 411,30,1,2020,756,1,92,92026,2,1,2,6,BEZONS  (DE 01 A 22),48.89354,2.25217
202 000 007 412,30,1,2020,1238,5,92,92024,2,1,8,3,VICTOR HUGO (BD),48.89839,2.31201
202 000 007 413,30,1,2020,995,1,92,92012,2,3,1,7,VICTOR HUGO (AVENUE) 49/FIN - 60/FIN,48.8360324,2.2450076
202 000 007 414,30,1,2020,1125,3,47,47170,1,1,2,7,Lieu dit BIARDS,44.541464,0.544553
202 000 007 415,28,1,2020,405,3,35,35245,1,1,2,2,La Lande Guinard,48.238712,-1.867547
202 000 007 416,31,1,2020,330,3,25,25532,1,1,2,1,Saône,47.212106,6.95138
202 000 007 417,31,1,2020,845,1,66,66141,1,1,1,2,A9,42.752401,2.892773
202 000 007 418,29,1,2020,1250,5,95,95487,2,6,1,6,Rue Etienne Dolet,49.1509291,2.2671994
202 000 007 419,30,1,2020,1315,3,71,71576,1,1,2,5,A6,46.52831,4.919493
202 000 007 420,30,1,2020,910,1,67,67073,2,1,3,1,route de sainte marie aux mines,48.2800447,7.3896409
202 000 007 421,31,1,2020,1088,2,11,11111,1,2,1,2,D6113,43.210446,2.827005
202 000 007 422,30,1,2020,1035,2,60,60010,1,6,1,3,D205,49.2144684,2.1264412
202 000 007 423,30,1,2020,600,1,6,6130,2,1,7,6,31 Avenue de Provence,43.69407,6.848857
202 000 007 424,30,1,2020,1180,5,38,38239,1,1,3,6,Rue des Pautes,45.32942,5.569156
202 000 007 425,31,1,2020,710,1,44,44187,1,1,2,1,Route de Nantes,47.194874,-2.28093
202 000 007 426,30,1,2020,1020,1,62,62086,1,2,2,3,D8,50.21812,2.578365
202 000 007 427,30,1,2020,1055,2,77,77402,2,1,2,6,30 Rue des Prés de la Foire - D215,48.813424,3.358592
202 000 007 428,31,1,2020,505,1,69,69260,2,1,1,1,Rue de la Salle des Fêtes,45.647465,4.812672
202 000 007 429,30,1,2020,1435,5,74,74263,2,4,3,6,Avenue de Coudrée,46.336047,6.380798
202 000 007 430,30,1,2020,410,2,57,57488,1,1,8,1,Rue d'Avricourt,48.6726,6.788864
202 000 007 431,26,1,2020,965,1,51,51569,1,1,1,5,D227,49.2500367,3.9445119
202 000 007 432,30,1,2020,480,2,51,51563,1,2,8,3,D43/D951,48.8287298,3.7551948
202 000 007 433,27,1,2020,420,2,59,59037,2,9,1,1,D942,50.189446,3.384674
202 000 007 434,31,1,2020,1030,1,80,80546,1,1,1,5,D925,50.100656,1.725288
202 000 007 435,30,1,2020,947,1,80,80587,2,1,2,6,Rue Grande,49.923637,1.668221
202 000 007 436,31,1,2020,1020,1,71,71263,2,1,1,6,Avenue Fernand Point,46.6242801,5.2301382
202 000 007 437,30,1,2020,1110,3,63,63366,1,1,2,1,salamot,45.519878,3.389999
202 000 007 438,30,1,2020,195,3,12,12154,1,3,1,6,Allee des Marronniers,43.873581,2.821727
202 000 007 439,9,1,2020,930,1,29,29069,1,3,1,4,D67 - Keralan,48.436753,-4.57579
202 000 007 440,30,1,2020,700,1,29,29160,2,3,1,6,Rue des Trois Freres le Jeune,48.5027314,-4.4282464
202 000 007 441,29,1,2020,1065,1,31,31553,1,1,1,1,D1,43.719676,1.135154
202 000 007 442,30,1,2020,965,1,15,15087,1,1,2,6,D920,44.7705481,2.4602509
202 000 007 443,22,1,2020,405,3,1,1024,1,1,2,7,Route de Montrevel,46.299598,5.151987
202 000 007 444,25,1,2020,950,1,60,60235,1,1,5,7,D22,49.3259122,1.812492
202 000 007 445,30,1,2020,1245,3,16,16405,1,1,2,7,Ld L'Ormeau,45.521441,0.96935
202 000 007 446,30,1,2020,810,1,40,40273,1,1,1,1,Route des Barthes,43.502005,-1.345487
202 000 007 447,30,1,2020,1305,3,24,24291,1,1,2,7,Pont des Combes,45.53818,1.206157
202 000 007 448,30,1,2020,1425,3,85,85101,1,1,2,6,La Botterie,46.44507,-1.40907
202 000 007 449,31,1,2020,315,3,28,28227,1,1,1,7,D26.1,48.575578,1.559576
202 000 007 450,30,1,2020,535,1,37,37099,1,1,2,3,D751,47.2904571,0.5282419
202 000 007 451,28,1,2020,805,1,8,8190,2,1,7,6,Place Méhul,50.137972,4.821534
202 000 007 452,27,1,2020,930,1,69,69086,1,1,2,-1,L'Arbresle (Embranchement d'autoroute),45.8452263,4.6737713
202 000 007 453,30,1,2020,530,1,38,38486,2,2,1,1,Rue du Dauphiné,45.16697,5.69431
202 000 007 454,29,1,2020,455,2,91,91085,1,1,1,5,N20,48.542978,2.212887
202 000 007 455,30,1,2020,1425,3,974,97420,1,1,1,3,Route Nationale 2,-20.904472,55.598599
202 000 007 456,31,1,2020,430,5,45,45244,2,1,2,6,Route d'Orleans,47.767363,2.478619
202 000 007 457,31,1,2020,1230,5,90,90042,2,6,1,3,Avenue de Borgo,42.562137,9.441075
202 000 007 458,31,1,2020,210,3,90,90350,1,1,1,6,T20,42.5205888,9.4273639
202 000 007 459,30,1,2020,465,2,88,88432,1,1,9,1,D47,48.438966,6.584724
202 000 007 460,30,1,2020,475,1,54,54145,1,9,8,2,D81,48.647593,6.387692
202 000 007 461,30,1,2020,1095,5,42,42147,2,1,1,1,Rue de Beauregard,45.609797,4.59067
202 000 007 462,12,1,2020,160,5,42,42299,2,6,1,6,La Croix Meyssant,45.61278,4.75241
202 000 007 463,31,1,2020,845,1,86,86078,1,1,2,6,D35,46.1335677,0.3117133
202 000 007 464,30,1,2020,910,1,49,49020,2,1,2,6,Rue du Bourg de Paille,47.473707,0.624461
202 000 007 465,31,1,2020,1025,1,80,80002,1,1,1,1,A29,49.849755,2.813525
202 000 007 466,29,1,2020,351,5,69,69290,1,1,2,2,RN 346 ,45.707,4.96732
202 000 007 467,30,1,2020,610,1,94,94034,1,1,2,2,AUTOROUTE A86,48.7578133,2.3277063
202 000 007 468,29,1,2020,1150,5,78,78640,1,1,1,2,N118,48.778957,2.222435
202 000 007 469,29,1,2020,1110,5,92,92064,1,1,1,5,A13,48.8377401,2.1898582
202 000 007 470,29,1,2020,1110,5,78,78640,1,1,2,2,N118,48.784442,2.223031
202 000 007 471,29,1,2020,1140,3,93,93064,1,1,1,5,AUTOROUTE A86,48.86369,2.48249
202 000 007 472,29,1,2020,570,1,93,93066,1,1,1,3,AUTOROUTE A86,48.92495,2.34074
202 000 007 473,29,1,2020,350,3,95,95572,1,1,2,6,AUTOROUTE A15,49.3224,2.10866
202 000 007 474,29,1,2020,330,3,95,95582,1,1,1,2,AUTOROUTE A15,48.97423,2.24517
202 000 007 475,28,1,2020,600,1,92,92036,1,1,1,2,AUTOROUTE A15,48.94355,2.28738
202 000 007 476,30,1,2020,1035,3,77,77450,1,1,1,5,RN104,48.7219148,2.5981593
202 000 007 477,30,1,2020,840,1,77,77373,1,1,2,2,RN104,48.7773637,2.6140391
202 000 007 478,30,1,2020,615,1,77,77258,1,1,2,-1,A4.W,48.8301308,2.6260938
202 000 007 479,28,1,2020,660,1,974,97409,2,1,1,2,Chemin Valentin,-20.9595687,55.6751708
202 000 007 480,29,1,2020,1200,5,69,69388,2,1,1,3,JEAN MERMOZ                         (AV),45.73525,4.87303
202 000 007 481,24,1,2020,455,1,972,97209,2,6,1,1,BEAUSEJOUR JAMBETTE (ROUTE DE ),14.63001,-61.4137
202 000 007 482,27,1,2020,1290,5,972,97209,2,2,1,3,REDOUTE (ROUTE DE LA),14.627446,-61.59103
202 000 007 483,29,1,2020,450,1,69,69034,2,3,2,6,SOEUR VIALLY (DE LA)                (MO),45.78526,4.84717
202 000 007 484,29,1,2020,420,5,69,69286,2,6,2,6,CENTRE NAUTIQUE (DU)                (R ),45.8164888,4.8878354
202 000 007 485,29,1,2020,1040,1,90,90033,2,3,1,1,TOUTES RUES,42.6811,9.4405
202 000 007 486,29,1,2020,570,1,971,97120,2,1,1,7,BD LEGITIMUS,16.2447749,-61.5341663
202 000 007 487,29,1,2020,730,1,91,2A004,2,1,1,3,MARECHAL JUIN AVENUE,41.93767,8.75096
202 000 007 488,29,1,2020,644,1,91,2A004,2,1,1,7,SEBASTIANU COSTA BD,41.94186,8.74833
202 000 007 489,27,1,2020,80,3,95,95280,1,1,3,7,GOUSAINVILLE A ROISSY(ROUTE),49.1845,2.4948
202 000 007 490,29,1,2020,815,1,95,95063,2,1,1,6,RUE EMILE ZOLA,48.923,2.21416
202 000 007 491,29,1,2020,1275,5,91,91589,2,1,1,7,BRIAND (BOULEVARD ARISTIDE),48.68252,2.34379
202 000 007 492,28,1,2020,1080,5,91,91377,2,9,2,3,CHAMPARTS (RUE DES),48.7181,2.29636
202 000 007 493,29,1,2020,731,1,87,87085,2,1,2,2,BORIE (BOULEVARD DE LA),45.83492,1.22647
202 000 007 494,29,1,2020,430,5,83,83137,2,9,1,-1,RIVIERE (QUAI COMMANDANT),43.13542,5.906844
202 000 007 495,29,1,2020,1170,-1,83,83069,2,1,-1,6,PERE ETERNEL (CHEMIN DU),43.12469,6.15039
202 000 007 496,28,1,2020,1095,2,83,83069,2,1,1,3,SOURCE (CHEMIN DE LA),43.10998,6.11049
202 000 007 497,29,1,2020,1035,1,82,82121,1,1,1,1,4500 Route d'Albefeuille Lagarde,44.47857,1.292126
202 000 007 498,28,1,2020,540,1,78,78423,2,9,1,3,PRES (AVENUE DES),48.78028,2.2821
202 000 007 499,26,1,2020,700,1,78,78005,2,1,2,3,BASSES PLAINES (CHEMIN DES),48.973,2.702
202 000 007 500,29,1,2020,600,1,77,77118,1,1,1,4,D34E,48.94333,2.66666
202 000 007 501,28,1,2020,1145,5,73,73011,2,1,2,3,D990  TOURS (ROUTE DE),45.668037,6.395551
202 000 007 502,28,1,2020,1225,5,72,72181,2,1,1,3,GAULLE GENERAL DE (AV DU),48.405,0.20114
202 000 007 503,29,1,2020,475,1,71,71306,2,2,1,6,Rue de Bel Air,46.6749655,4.3686177
202 000 007 504,29,1,2020,960,1,69,69256,2,5,2,2,PABLO PICASSO                       (AV),45.7739915,4.9229991
202 000 007 505,28,1,2020,820,1,67,67482,2,4,8,4,SCHIRMECK (ROUTE DE),48.561152,7.694225
202 000 007 506,28,1,2020,675,1,67,67482,2,1,2,6,OVIDE (RUE),48.5804491,7.7058175
202 000 007 507,27,1,2020,1020,2,67,67482,2,1,8,6,RENAISSANCE (RUE DE LA),48.6136346,7.791066
202 000 007 508,27,1,2020,1095,5,63,63245,2,3,2,3,Blaise Pascal/Jean Jaurès,45.889921,3.76553
202 000 007 509,28,1,2020,1390,5,63,63113,2,1,1,6,FLAUBERT (BD GUSTAVE),45.76343,3.12591
202 000 007 510,29,1,2020,820,1,59,59599,2,2,1,6,PASTEUR (RUE),50.725735,3.166512
202 000 007 511,29,1,2020,810,1,59,59527,2,3,1,3,LAMBERSART RUE DE,50.65974,3.4584
202 000 007 512,18,6,2020,1099,1,68,68224,2,2,1,1,HEILMANN (RUE JOSUE),47.752397,7.331797
202 000 007 513,18,6,2020,1080,1,68,68066,2,9,1,6,CLEFS (RUE DES),48.78851,7.359002
202 000 007 514,18,6,2020,1110,1,67,67482,2,1,8,6,TEMPLE NEUF (RUE DU),48.58392,7.74962
202 000 007 515,16,6,2020,930,1,67,67180,2,3,1,6,MARECHAL JOFFRE (RUE DU),48.81678,7.78718
202 000 007 516,18,6,2020,955,1,66,66136,2,3,1,3,DE BONNEFOY ( RUE LOUIS),42.67632,2.88066
202 000 007 517,18,6,2020,829,1,66,66136,2,1,1,6,POINCARE (BOULEVARD HENRI),42.69159,2.89327
202 000 007 518,16,6,2020,1340,3,66,66136,2,1,1,6,VIELLEDENT (JEAN),42.69595,2.89972
202 000 007 519,19,6,2020,910,1,64,64483,1,1,1,3,RD 810,43.406703,-1.627791
202 000 007 520,18,6,2020,995,1,64,64445,2,1,1,6,BUROS DE,43.32068,0.34643
202 000 007 521,17,6,2020,985,1,64,64445,2,6,1,6,CAZAUBON NORBERT,43.30407,0.36696
202 000 007 522,19,6,2020,845,1,64,64102,2,1,1,7,QUATORZE AVRIL (AVENUE DU),43.5025,-1.4565
202 000 007 523,18,6,2020,1260,1,64,64024,2,1,1,7,BAB (BOULEVARD DU),43.49388,-1.52024
202 000 007 524,19,6,2020,930,1,59,59599,2,1,1,6,DROUOT (RUE DU GENERAL),50.7313,3.1843
202 000 007 525,18,6,2020,1150,1,59,59009,2,2,1,-1,DECUGIS YVES RUE         RESTE,50.619077,3.142249
202 000 007 526,19,6,2020,615,1,56,56260,2,6,1,2,FRANCE LIBRE (GIRATOIRE DE),47.65953,-2.78118
202 000 007 527,18,6,2020,1080,1,56,56083,1,1,1,4,RN 165,47.7892034,-3.2902718
202 000 007 528,18,6,2020,1025,1,56,56083,2,1,1,5,Avenue de la République,47.80067,-3.28505
202 000 007 529,18,6,2020,780,1,54,54526,2,3,1,3,CAMELINAT (RUE),48.6880247,6.2074283
202 000 007 530,18,6,2020,885,1,51,51454,2,1,1,3,Rue Ponsardin,49.2527287,4.398722
202 000 007 531,16,6,2020,1085,1,50,50129,2,2,1,3,PONT CARREAU,49.63354,-1.61739
202 000 007 532,19,6,2020,550,1,45,45208,2,1,1,6,Rue de l'Europe,47.9949492,2.7405918
202 000 007 533,19,6,2020,1270,5,38,38185,2,2,1,3,Boulevard Gambetta,45.18784,5.72345
202 000 007 534,19,6,2020,570,1,38,38185,2,1,1,6,Rue Pascal,45.16812,5.73534
202 000 007 535,18,6,2020,1135,1,34,34172,2,9,1,3,ASSAS (AVENUE D'),43.61995,3.85892
202 000 007 536,18,6,2020,789,1,32,32013,1,1,1,7,HAGET (CHEMIN DU),43.65849,0.61275
202 000 007 537,20,6,2020,53,5,29,29019,2,1,1,6,Place Albert Premier,48.3980542,-4.4893067
202 000 007 538,18,6,2020,725,1,25,25056,2,1,1,6,CAUSSES RUE DES,47.2176,5.96651
202 000 007 539,19,6,2020,1058,1,17,17028,2,1,1,6,SALENGRO   AVENUE ROGER,46.14027,-1.13502
202 000 007 540,19,6,2020,660,1,16,16015,2,1,1,6,267 Avenue de Navarre,45.634927,0.154182
202 000 007 541,20,6,2020,0,3,14,14574,1,1,1,6,D. 159,49.1573,0.18509
202 000 007 542,19,6,2020,1065,1,14,14327,2,6,1,3,BOSTON (PLACE DE),49.2119,0.35602
202 000 007 543,19,6,2020,495,1,14,14118,2,3,2,5,SAINT NORBERT (RUE),49.18953,0.40347
202 000 007 544,19,6,2020,1130,1,13,13075,2,1,1,7,LOUIS PASTEUR (AVE),43.3560112,5.4665694
202 000 007 545,18,6,2020,1190,1,13,13202,2,9,1,6,CHEMIN DU LITTORAL (CHEMIN DU),43.347085,5.344351
202 000 007 546,19,6,2020,490,1,13,13201,2,3,1,3,BELSUNCE (COURS),43.29638,5.37769
202 000 007 547,18,6,2020,976,1,13,13202,2,1,1,3,LITTORAL (CHEMIN DU),43.3323177,5.3547472
202 000 007 548,19,6,2020,175,5,11,11262,2,1,1,7,BORDEAUX (AVENUE DE),43.18197,2.98906
202 000 007 549,13,6,2020,200,5,11,11262,2,3,1,6,1848 (BOULEVARD),43.1916318,3.1518
202 000 007 550,11,7,2020,145,5,54,54395,2,1,1,3,FOUCAULD (RUE CHARLES DE),48.7016606,6.1831623
202 000 007 551,17,6,2020,915,1,11,11262,2,3,1,3,MISTRAL (BOULEVARD FREDERIC),43.18506,3.53
202 000 007 552,20,7,2020,1155,1,51,51454,2,2,1,3,Rue Chanzy,49.2522465,4.320437
202 000 007 553,20,7,2020,240,5,51,51454,2,1,1,3,Rue Ledru Rollin,49.2371336,4.349388
202 000 007 554,18,6,2020,970,1,6,6088,2,1,1,3,ANGLAIS (A PARTIR DU N° 351),43.6717,7.2246
202 000 007 555,19,6,2020,1035,1,6,6155,2,3,1,3,JAUBERT AV.,43.579147,7.49886
202 000 007 556,19,7,2020,290,5,45,45208,2,2,1,3,D973 PR 0 + 1,47.9983,2.7464
202 000 007 557,20,7,2020,825,1,42,42186,2,1,1,6,Route de Montjoint,45.5320448,4.6199941
202 000 007 558,19,6,2020,1260,2,75,75115,2,1,1,2,BOULEVARD PERIPHERIQUE,48.826376,2.297013
202 000 007 559,19,7,2020,1340,5,39,39300,2,1,1,1,280 Rue des Violettes,46.6766,5.5725
202 000 007 560,20,7,2020,917,1,37,37261,2,1,1,2,GRAMMONT (AVENUE DE),47.3731276,0.6956984
202 000 007 561,19,6,2020,715,1,75,75116,2,4,1,4,BOULEVARD PERIPHERIQUE,48.841068,2.254187
202 000 007 562,20,7,2020,555,1,37,37261,2,2,1,6,FEBVOTTE (RUE),47.3771454,0.6882322
202 000 007 563,20,7,2020,600,1,35,35055,1,6,1,7,RD 173,48.782,-1.632781
202 000 007 564,20,7,2020,927,1,34,34003,2,1,1,3,ROCHELONGUE (G14 A O16,43.2791314,3.4811445
202 000 007 565,19,6,2020,525,1,75,75114,2,1,1,3,BOULEVARD PERIPHERIQUE,48.820678,2.323145
202 000 007 566,20,7,2020,278,5,33,33069,2,1,1,3,AVE DE TIVOLI,44.86287,0.59339
202 000 007 567,18,6,2020,1080,1,75,75117,2,1,1,3,PORTE DE CHAMPERRET,48.883981,2.285279
202 000 007 568,17,6,2020,1185,1,75,75117,2,1,1,3,PORTE DE SAINT OUEN,48.900348,2.322174
202 000 007 569,18,7,2020,990,1,31,31555,2,4,1,3,AV DES ETATS UNIS,43.6282373,1.4331847
202 000 007 570,20,7,2020,495,1,29,29232,2,6,1,2,D783 - Boulevard President Allende,47.99532,-4.7309
202 000 007 571,14,7,2020,955,1,29,29019,2,3,1,6,Rue du Carpon,48.3897361,-4.5011061
202 000 007 572,19,6,2020,606,1,75,75111,2,1,1,3,BOULEVARD BEAUMARCHAIS,48.855271,2.36862
202 000 007 573,20,7,2020,840,1,17,17306,2,1,1,3,ROCHEFORT (DE)  (AVENUE),45.64888,-1.2441
202 000 007 574,19,6,2020,560,1,75,75120,2,2,1,3,RUE DE BUZENVAL,48.854036,2.399944
202 000 007 575,20,7,2020,1025,1,16,16374,2,1,1,6,Av du Général de Gaulle,45.6363,0.207591
202 000 007 576,20,7,2020,630,1,13,13117,2,1,1,6,SALYENS ( AVENUE DES ),43.44195,5.2531
202 000 007 577,19,6,2020,850,1,75,75119,2,1,1,3,RUE MANIN,48.883691,2.38962
202 000 007 578,20,7,2020,1110,1,13,13215,2,1,1,2,BERNABO (Bd),43.33658,5.3549728
202 000 007 579,19,6,2020,890,1,75,75120,2,4,1,6,RUE DE BELLEVILLE,48.876807,2.405246
202 000 007 580,20,7,2020,162,5,13,13208,2,1,1,2,MENDES FRANCE (AVENUE),43.25376,5.37604
202 000 007 581,19,6,2020,750,1,75,75119,2,1,1,3,AVENUE SIMON BOLIVAR,48.876918,2.374349
202 000 007 582,18,7,2020,1350,5,13,13207,2,1,1,-1,Corniche John Fitzgérald Kennedy,43.28834,5.35307
202 000 007 583,19,7,2020,330,2,13,13005,1,1,1,7,LASCOURS (CHEMIN DE ),43.3302273,5.5732387
202 000 007 584,20,7,2020,95,5,6,6088,2,9,1,6,JAURES (BD JEAN),43.6966,7.2706
202 000 007 585,19,6,2020,460,1,75,75118,2,2,1,3,RUE DAMREMONT,48.893638,2.336375
202 000 007 586,17,7,2020,707,1,5,5061,2,3,1,3,GENERAL DE GAULLE ( BD ),44.55903,6.7515
202 000 007 587,19,6,2020,1180,1,75,75117,2,7,1,3,RUE DU CAPORAL PEUGEOT,48.887918,2.288789
202 000 007 588,19,7,2020,385,1,75,75120,2,1,1,6,PORTE DES LILAS,48.875556,2.409953
202 000 007 589,19,6,2020,900,1,75,75117,2,2,1,6,BOULEVARD DE COURCELLES,48.881206,2.315572
202 000 007 590,20,7,2020,1370,5,75,75119,2,2,1,4,RUE PETIT,48.884779,2.381261
202 000 007 591,19,6,2020,25,5,75,75116,2,1,1,2,ALLEE DE LONGCHAMP,48.864437,2.24187
202 000 007 592,19,7,2020,1380,4,75,75117,2,1,1,7,RUE DES APENNINS,48.890231,2.321512