Num_Acc,jour,mois,an,hrmn,lum,dep,com,agg,int,atm,col,adr,lat,long
202 000 046 754,2,2,2020,1245,3,972,97217,1,1,1,5,N5,14.4552,-60.903445
202 000 046 755,25,8,2020,880,1,69,69386,2,1,1,2,DE LATTRE DE TASSIGNY               (PT),45.77249,4.83972
202 000 046 756,23,6,2020,885,1,62,62758,1,1,1,6,MONT D'OSTROHOVE ( Rue du ),50.708925,1.618018
202 000 046 757,5,2,2020,1045,2,1,1354,1,1,1,1,9 Chemin de la Léchere,46.256629,6.3283
202 000 046 758,24,7,2020,790,1,69,69264,2,3,1,3,ZOLA EMILE  R,45.98499,4.73164
202 000 046 759,1,1,2020,1095,5,92,92025,2,1,1,7,PIERRE DE COUBERTIN (BD),48.928417,2.249729
202 000 046 760,22,5,2020,975,1,93,93078,2,9,1,2,VAILLANT-COUTURIER (AVENUE PAUL),48.9590157,2.533501
202 000 046 761,24,8,2020,680,1,69,69382,2,1,1,2,COLONEL CHAMBONNET                  (R ),45.7589,4.8304
202 000 046 762,22,5,2020,675,1,93,93078,2,6,1,3,BERT (AVENUE PAUL),48.9528425,2.5402686
202 000 046 763,25,8,2020,420,1,69,69381,2,1,1,7,CONSTANTINE (DE)                    (R ),45.76706,4.83216
202 000 046 764,25,8,2020,980,1,971,97101,1,1,1,3,ROUTE DE CHAZEAU,16.28913,-61.47849
202 000 046 765,2,1,2020,990,2,92,92012,2,1,8,7,GENERAL LECLERC (AVENUE DU) 35/FIN - 60/,48.83058,2.23342
202 000 046 766,4,2,2020,1005,1,42,42182,1,1,1,6,1013 Route de St Germain,46.664868,3.9330882
202 000 046 767,19,10,2020,1170,5,988,98818,2,3,1,3,RUE KERSAINT/ROGER GERVOLINO,-22.26665,166.46829
202 000 046 768,22,5,2020,895,1,93,93070,2,3,1,3,BD JEAN-JAURES / R AMILCAR CIPRIANI,48.914,2.3362
202 000 046 769,18,10,2020,870,1,974,97416,1,1,1,1,RN2 (2),-21.34334,55.49655
202 000 046 770,22,5,2020,840,1,93,93057,2,1,1,2,HUGO (AV. VICTOR),48.9099385,2.5139633
202 000 046 771,5,2,2020,1150,1,974,97417,2,1,1,6,Rue Leconte de Lisle,-21.358021,55.770083
202 000 046 772,23,7,2020,640,1,67,67482,2,3,7,3,CIRIERS (RUE DES),48.557877,7.759683
202 000 046 773,22,5,2020,1125,1,93,93005,2,1,1,2,R DU HAMEAU,48.94819,2.50386
202 000 046 774,20,10,2020,790,1,974,97411,2,3,1,1,BOYER DE LA GIRODAY (RUE),-20.90677,55.50107
202 000 046 775,23,8,2020,1240,5,971,97101,1,9,1,5,RN1 ROCADE DE CHAUVEL,16.2363489,-61.5232658
202 000 046 776,3,1,2020,868,1,22,22369,1,1,2,7,N12,48.348398,-2.290312
202 000 046 777,2,1,2020,1310,3,38,38383,1,1,1,-1,Route de Voiron,45.36756,5.63335
202 000 046 778,3,1,2020,458,3,72,72008,1,1,1,6,D323,47.943158,0.192079
202 000 046 779,20,10,2020,960,1,69,69259,2,1,1,6,FRANCIS DE PRESSENSE                (AV),45.7252002,4.863704
202 000 046 780,20,10,2020,695,1,69,69386,2,1,1,6,EMERAUDES (DES)                     (R ),45.76989,4.86202
202 000 046 781,2,1,2020,270,3,19,19120,1,1,5,7,lieud-dit charniac,45.208882,1.2890716
202 000 046 782,20,10,2020,625,1,69,69388,2,2,1,3,GENERAL FRERE (DU)                  (AV),45.73335,4.87388
202 000 046 783,20,10,2020,490,1,69,69259,2,1,1,3,PIERRE SEMARD                       (AV),45.70911,4.87597
202 000 046 784,2,1,2020,675,1,56,56078,1,1,1,7,Kerméné VC n° 12,47.776848,-3.468019
202 000 046 785,20,10,2020,530,1,69,69383,2,1,1,6,FELIX FAURE                         (AV),45.75368,4.85977
202 000 046 786,22,5,2020,780,1,93,93005,2,1,1,5,R JACQUES DUCLOS,48.9468149,2.492583
202 000 046 787,5,2,2020,645,1,974,97413,1,3,1,7,Rue Georges Pompidou,-21.140178,55.285842
202 000 046 788,25,8,2020,990,1,91,91216,2,1,1,2,GRANDE RUE,48.676756,2.321121
202 000 046 789,21,7,2020,1273,2,67,67482,2,2,1,3,CICERON (RUE),48.58183,7.70351
202 000 046 790,21,5,2020,1425,5,93,93005,2,1,1,4,BD MARC CHAGALL,48.9518878,2.4918258
202 000 046 791,19,10,2020,940,1,972,97209,2,3,1,6,CARLOS FINLAY (RUE),14.61147,-61.7415
202 000 046 792,22,5,2020,86,5,92,92046,2,6,1,6,HENRI BARBUSSE (ROND POINT),48.8145055,2.2878706
202 000 046 793,3,1,2020,810,1,80,80330,1,2,2,3,Forceville-en-Vimeu,49.966461,1.795705
202 000 046 794,25,8,2020,1075,1,91,91687,2,7,1,6,DU QUINCONCE (PLACE),48.65281,2.37149
202 000 046 795,23,8,2020,895,1,91,91103,1,9,1,6,VALORGE (RUE DE),48.614447,2.282022
202 000 046 796,11,8,2020,610,1,88,88429,2,1,1,6,faubourg de Remiremont,48.27,6.5801
202 000 046 797,22,8,2020,127,5,87,87085,2,1,2,6,LANDOUGE (AVENUE DE),45.8442,1.19094
202 000 046 798,23,8,2020,688,1,87,87075,2,3,1,3,Route de Périgueux,45.8021,1.23182
202 000 046 799,24,8,2020,1087,1,87,87113,2,1,2,7,Rue d’Anguernaud,45.87674,1.30392
202 000 046 800,22,8,2020,36,3,87,87050,1,1,2,6,HIPPODROME (ALLEE DE L'),45.88716,1.1884
202 000 046 801,25,8,2020,975,1,83,83090,2,1,1,3,SEYNE (ROUTE DE LA),43.1222133,5.8508886
202 000 046 802,24,8,2020,865,1,80,80021,2,1,1,3,PRESIDENT KENNEDY (RUE DU),49.90599,2.30263
202 000 046 803,25,8,2020,357,5,76,76599,2,1,2,6,PTT (ROUTE DE LYONS LA FORET),49.4330871,1.1529744
202 000 046 804,22,5,2020,1080,1,92,92026,2,9,2,3,PAUL DOUMER,48.8957309,2.2626016
202 000 046 805,3,2,2020,1080,2,8,8402,1,1,3,2,A34,49.599537,4.510285
202 000 046 806,24,8,2020,990,1,76,76351,2,1,1,7,ARMAND BARBES,49.5004,0.1502
202 000 046 807,19,7,2020,1410,5,67,67482,2,1,1,6,MACON (RUE DE),48.546782,7.763163
202 000 046 808,20,10,2020,1150,5,69,69385,2,1,1,6,SOEUR JANIN                         (R ),45.76121,4.80089
202 000 046 809,22,5,2020,1010,1,92,92023,2,1,2,1,HENRI BARBUSSE (AVENUE),48.81196,2.25815
202 000 046 810,5,2,2020,920,1,87,87177,1,1,1,3,D10,45.80713,1.96562
202 000 046 811,23,8,2020,580,1,76,76351,2,1,3,6,FRISSARD (QUAI),49.48939,0.12353
202 000 046 812,22,5,2020,965,1,92,92012,2,1,1,3,REINE (ROUTE DE LA) 82/FIN - 107TER/FIN,48.8397592,2.2393441
202 000 046 813,21,8,2020,1365,5,76,76351,2,2,1,3,GUSTAVE BRINDEAU (RUE),49.49247,0.13964
202 000 046 814,26,1,2020,730,1,80,80241,1,1,8,6,Route départementale 118,50.8025,2.132506
202 000 046 815,20,10,2020,540,1,69,69034,2,1,1,6,LOUIS GUYOT                         (R ),45.79034,4.83236
202 000 046 816,2,1,2020,745,1,65,65258,1,1,1,1,Quartier des Barraques,43.145111,0.393116
202 000 046 817,2,1,2020,950,1,71,71559,1,1,1,7,Route de Macon,46.2803837,4.366105
202 000 046 818,2,2,2020,380,3,82,82087,1,1,1,7,Route de Moissac,44.133974,1.190772
202 000 046 819,24,7,2020,870,1,66,66136,2,1,1,2,MERCADER (BOULEVARD FELIX),42.6944194,2.8894998
202 000 046 820,22,5,2020,1040,1,92,92002,2,3,1,3,DOCTEUR TENINE (AVENUE DU),48.7628735,2.3105286
202 000 046 821,19,10,2020,895,1,971,97101,2,1,1,1,DES MILLE FLEURS - PETIT PEROU (RUE),16.25501,-61.51336
202 000 046 822,2,12,2020,730,1,51,51454,2,1,1,7,Avenue du Président Kennedy,49.2367589,4.136695
202 000 046 823,25,8,2020,1330,5,69,69266,2,9,9,3,DEDIEU     (Rue),45.76965,4.87112
202 000 046 824,3,1,2020,695,1,42,42222,2,2,8,1,Route des Lavandes,45.610028,4.30699
202 000 046 825,23,7,2020,1140,1,66,66136,2,1,2,6,JUIN (AVENUE DU MARECHAL),42.68853,2.8952
202 000 046 826,23,5,2020,1190,5,976,97610,2,1,1,6,Rue Mtsanga Ylang Ylang,-12.73566,45.205371
202 000 046 827,24,7,2020,1145,1,64,64445,2,1,7,2,PAIX,43.32096,0.35548
202 000 046 828,21,5,2020,1005,1,83,83072,1,1,1,6,D50,43.502679,6.3215
202 000 046 829,3,1,2020,980,1,22,22251,1,1,2,6,RUE DELATTRE DE TASSIGNY,48.564503,-2.812775
202 000 046 830,5,2,2020,335,3,89,89210,1,4,2,6,D953,47.7890505,4.2805114
202 000 046 831,20,10,2020,600,1,91,2A004,2,1,1,5,CALVI  ROUTE,41.951139,8.7796805
202 000 046 832,24,8,2020,690,1,69,69282,2,1,1,1,LIBERATION (DE LA)                  (AV),45.77714,4.99781
202 000 046 833,29,11,2020,1105,5,49,49099,2,2,1,3,LATTRE DE TASSIGNY (PONT DE),47.5556,0.87921
202 000 046 834,19,10,2020,1120,1,91,91691,2,1,1,2,MARCEAU BAILLIOTI(RUE),48.70829,2.49496
202 000 046 835,25,8,2020,7,5,69,69256,2,1,1,6,EMILE ZOLA                          (R ),45.7782619,4.9172508
202 000 046 836,5,2,2020,655,1,49,49331,2,6,1,1,28 Avenue des Acacias,47.693265,0.875985
202 000 046 837,21,11,2020,840,1,49,49007,2,1,1,7,MARIANNE BOULEVARD,47.45107,0.52748
202 000 046 838,20,10,2020,945,1,91,91377,2,9,2,6,PREMIER MAI (BOULEVARD DU),48.73374,2.26047
202 000 046 839,4,2,2020,1130,3,25,25527,1,1,3,6,Rue de Besançon,47.187911,5.829753
202 000 046 840,24,8,2020,1087,1,66,66136,2,1,1,-1,GAUGUIN (AVENUE PAUL),42.71848,2.89008
202 000 046 841,31,1,2020,590,1,35,35299,1,1,1,6,Les Petits Douets,48.653105,-1.937816
202 000 046 842,23,11,2020,840,1,49,49007,2,1,1,3,AYRAULT,47.47739,0.55324
202 000 046 843,25,8,2020,575,1,64,64483,2,3,1,6,ITHURRALDE ANDRE (AVENUE),43.39629,-1.64611
202 000 046 844,24,1,2020,505,2,29,29069,1,1,8,1,D5 - Route de St Renan,48.4277653,-4.5824747
202 000 046 845,3,1,2020,750,1,54,54027,1,1,2,5,D120,48.889814,6.104122
202 000 046 846,18,10,2020,217,5,89,89387,2,2,8,3,MAXIME COURTIS (RUE),48.2019428,3.2987309
202 000 046 847,4,2,2020,1080,1,29,29174,2,1,1,7,Route de Saint-julien,47.87517,-4.226126
202 000 046 848,20,10,2020,740,1,87,87085,2,1,1,6,LEROUX (RUE PIERRE),45.83362,1.2543
202 000 046 849,2,1,2020,770,1,6,6059,1,9,1,5,Avenue de Verdun,43.726801,7.352536
202 000 046 850,19,10,2020,1071,1,87,87050,2,1,1,7,BIARDS (RUE DES),45.85642,1.24528
202 000 046 851,4,2,2020,875,1,70,70325,1,1,1,5,D474,47.4978069,5.978665
202 000 046 852,3,1,2020,915,1,50,50270,1,1,1,1,Le Haut Pitois,49.469535,-1.482332
202 000 046 853,20,10,2020,462,5,87,87085,2,2,1,3,GALLIENI (RUE),45.84243,1.24296
202 000 046 854,25,8,2020,1020,1,64,64445,2,2,1,3,LESPY,43.29928,0.36334
202 000 046 855,22,7,2020,970,1,64,64102,2,1,1,6,BAB (Boulevard),43.497096,-1.48776
202 000 046 856,3,1,2020,565,1,48,48009,1,1,1,7,D50,44.7016695,3.320519
202 000 046 857,1,12,2020,1235,5,49,49007,2,1,1,3,LETANDUERE,47.45799,0.55418
202 000 046 858,4,2,2020,860,1,58,58274,1,1,2,6,La Sarree,46.779763,3.843273
202 000 046 859,19,10,2020,730,1,86,86194,2,2,1,6,Route de Gencay,46.567536,0.357516
202 000 046 860,23,5,2020,1040,1,974,97412,2,1,1,7,Rue Edgard Duchemann,-21.333713,55.632269
202 000 046 861,25,8,2020,525,1,64,64102,2,1,7,2,BAB (Boulevard),43.49827,-1.49109
202 000 046 862,2,2,2020,1020,1,58,58144,1,1,2,7,voie communale 7 - Alligny Taloux,46.773209,3.6319
202 000 046 863,2,1,2020,1320,3,48,48016,1,1,9,6,N88,44.4909708,3.4182648
202 000 046 864,1,12,2020,1048,1,49,49246,2,1,1,6,DAVID D'ANGERS,47.43599,0.53086
202 000 046 865,23,7,2020,1020,1,64,64102,2,1,1,4,HENRI DE NAVARRE (AVENUE),43.4943,-1.4527
202 000 046 866,24,8,2020,1280,5,63,63124,2,1,1,1,REPUBLIQUE (AVENUE DE LA),45.7406507,3.1890805
202 000 046 867,18,10,2020,110,5,84,84031,1,1,1,6,ORANGE (ROUTE),44.6416,5.3151
202 000 046 868,23,5,2020,930,1,83,83086,1,1,1,3,D125,43.447755,6.571391
202 000 046 869,3,2,2020,1040,1,64,64506,1,1,1,6,rn 134,43.428138,0.6005734
202 000 046 870,23,7,2020,1020,1,63,63164,2,1,1,7,VICHY (ROUTE DE),45.83502,3.14769
202 000 046 871,2,1,2020,960,1,42,42020,1,1,1,6,A72,45.6172768,4.2042285
202 000 046 872,1,12,2020,1045,1,44,44184,2,1,1,6,MUN (RUE ALBERT DE) DU 57 AU 97 - 60 AU,47.279133,-2.215485
202 000 046 873,20,10,2020,160,3,76,76351,1,1,1,7,AMIRAL DU CHILLOU,49.47243,0.1796
202 000 046 874,24,8,2020,776,1,63,63032,2,3,1,2,HOTEL DE VILLE (RUE DE L'),45.75356,3.8599
202 000 046 875,22,7,2020,525,1,62,62724,1,1,1,2,RD 40,50.39805,2.89679
202 000 046 876,1,1,2020,795,1,987,98747,1,1,1,3,RT3 sens TAUTIRA TARAVAO,-17.735936,-149.238011
202 000 046 877,15,10,2020,820,1,72,72181,2,1,1,6,POLOGNE (RUE DE),47.99186,0.23367
202 000 046 878,2,12,2020,470,5,44,44109,2,6,1,3,PLACE VICTOR MANGIN,47.20031,-1.54439
202 000 046 879,13,10,2020,774,1,72,72181,2,1,1,6,NOTRE DAME (RUE),48.28,0.20948
202 000 046 880,1,1,2020,360,2,987,98722,1,1,1,6,PK 43 district de HITIAA,-17.591429,-149.382126
202 000 046 881,23,8,2020,1070,1,63,63113,2,2,1,4,GANTIERE (RUE DE LA),45.76504,3.12301
202 000 046 882,20,7,2020,1160,1,62,62215,1,1,1,6,MEURCHIN (RTE DE),50.498826,2.940499
202 000 046 883,23,5,2020,1110,1,62,62567,2,1,6,1,Rue Wattre,50.784525,2.81158
202 000 046 884,29,11,2020,1050,2,43,43251,2,1,1,7,46 Avenue de Vals,45.357797,3.8814189
202 000 046 885,8,10,2020,1000,1,42,42218,2,3,1,6,Rue Palluat de Besset,45.44326,4.37457
202 000 046 886,2,12,2020,1070,2,38,38516,2,4,2,1,Boulevard de la Chantourne,45.19859,5.75496
202 000 046 887,23,5,2020,955,1,22,22389,1,1,1,2,RN12 PR 050+150,48.480254,-2.675353
202 000 046 888,11,5,2020,1245,3,974,97413,1,1,1,6,203 Rue Georges Pompidou,-21.141572,55.291664
202 000 046 889,2,12,2020,435,5,35,35238,2,3,1,6,HENRY (RECTEUR PAUL),48.121433,-1.700832
202 000 046 890,23,8,2020,204,5,54,54395,2,1,1,6,LORRAIN (QUAI CLAUDE,48.69197,6.17269
202 000 046 891,22,5,2020,950,1,51,51210,1,1,1,7,D951,49.784543,3.9780552
202 000 046 892,5,2,2020,775,1,53,53003,2,2,1,-1,Rue de Saint-mars,48.398084,0.633602
202 000 046 893,3,7,2020,1165,1,57,57672,2,1,1,6,CLEMENCEAU (AVENUE) 1 A 31 ET 2 A 72,49.35935,6.16996
202 000 046 894,3,1,2020,645,1,77,77259,2,1,8,7,46 Rue du Ponceau,49.505431,2.6592751
202 000 046 895,20,10,2020,840,1,67,67482,2,1,1,3,GENERAL OFFENSTEIN (RUE DU),48.55583,7.75206
202 000 046 896,1,12,2020,765,1,34,34172,2,2,2,3,VALERY (BOULEVARD PAUL),43.58364,3.86612
202 000 046 897,24,8,2020,700,1,52,52448,2,6,1,-1,ROND POINT DES BAS FOURNEAUX,48.626361,4.963395
202 000 046 898,3,1,2020,510,1,34,34157,1,1,1,3,RD 5E8,43.46067,3.591465
202 000 046 899,22,7,2020,495,1,56,56260,2,6,1,2,ANCIENS COMBATTANTS EN AFN(PLACE DES,47.66405,-2.75567
202 000 046 900,3,1,2020,90,3,34,34246,1,1,1,7,768 Chemin des Ranquets,43.715623,4.65724
202 000 046 901,25,8,2020,1185,1,51,51454,2,1,1,2,Rue André Huet,49.271935,4.10124
202 000 046 902,23,7,2020,1210,1,56,56098,2,1,1,6,PERI (RUE GABRIEL),47.75941,-3.35264
202 000 046 903,3,2,2020,555,1,17,17025,1,1,1,6,D124,45.880516,0.412846
202 000 046 904,2,1,2020,465,2,67,67130,2,3,8,1,Rue Saint Antoine,48.418303,7.66014
202 000 046 905,24,8,2020,750,1,50,50129,2,1,1,4,PARIS (AVENUE DE),49.62812,-1.61803
202 000 046 906,3,1,2020,644,1,33,33378,1,2,2,2,Route des Petits Briands,44.8399413,0.2769324
202 000 046 907,25,8,2020,762,1,49,49007,2,1,1,1,JEAN XXIII AVENUE,47.4476,0.56256
202 000 046 908,1,12,2020,530,1,34,34172,2,1,2,4,MENDES FRANCE (AVENUE PRESIDENT PIERRE),43.60887,3.91075
202 000 046 909,22,5,2020,1260,2,51,51605,2,3,1,3,3 Rue de Champagne,49.808683,3.8422327
202 000 046 910,4,2,2020,1020,1,52,52524,1,1,8,5,N67,48.264413,5.12347
202 000 046 911,2,12,2020,1020,1,29,29173,1,6,8,3,D784 - Route d'Audierne,48.16932,-4.1576136
202 000 046 912,1,1,2020,1170,3,13,13106,1,1,1,2,A51-Sens Aix en Provence vers Marseille,43.40688,5.36196
202 000 046 913,5,2,2020,120,3,67,67237,1,1,1,6,A35,48.694105,7.829164
202 000 046 914,30,11,2020,445,5,29,29019,2,9,1,6,Rue de Paris,48.40375,-4.46556
202 000 046 915,2,12,2020,1095,5,26,26198,2,1,9,6,29 Avenue du Meyrol,44.578822,4.74466
202 000 046 916,5,2,2020,750,1,34,34159,1,6,1,2,RD 612 - lieu dit La Baussas,43.518147,3.808388
202 000 046 917,1,1,2020,110,5,13,13055,1,1,1,3,A507 sens Marseille - Aubagne,43.2854253,5.4272636
202 000 046 918,23,7,2020,880,1,56,56121,2,1,7,6,Boulevard Flandres-dunkerque 1940,47.74452,-3.39549
202 000 046 919,19,8,2020,1305,2,47,47001,2,1,1,6,14 JUILLET (COURS DU),44.20402,0.62482
202 000 046 920,19,10,2020,1143,5,67,67482,2,1,1,6,ABBE LEMIRE (RUE DE L ),48.57778,7.72498
202 000 046 921,22,5,2020,1140,1,19,19150,1,1,1,6,D38,45.86949,1.606429
202 000 046 922,2,12,2020,490,1,26,26198,2,1,1,4,Bd du Président Vincent Auriol,44.538126,4.765373
202 000 046 923,4,2,2020,848,1,67,67070,1,1,4,4,A4,48.8949386,7.1252484
202 000 046 924,31,1,2020,445,2,38,38400,1,1,2,6,Avenue du Vercors,45.3473,5.59482
202 000 046 925,29,11,2020,920,1,25,25056,2,2,1,3,DOLE RUE DE (sup 200),47.22943,5.99056
202 000 046 926,4,2,2020,665,1,51,51634,1,1,3,3,A26,48.964426,4.2847291
202 000 046 927,2,12,2020,189,5,25,25056,2,3,1,6,RAGOTS   CHEMIN DES,47.23787,6.3675
202 000 046 928,3,2,2020,690,1,974,97412,1,1,2,1,RD33,-21.332016,55.642933
202 000 046 929,21,5,2020,1270,2,74,74215,2,1,1,7,1001 Route de Megeve,45.841108,6.583369
202 000 046 930,25,8,2020,975,1,45,45208,2,4,1,6,Avenue Adolphe Cochery,48.181,2.73484
202 000 046 931,2,1,2020,1105,5,33,33063,1,1,1,4,ROCADE A 630,44.88055,0.54031
202 000 046 932,23,7,2020,890,1,56,56121,2,3,1,6,BLUM ( BD LEON ),47.74852,-3.37413
202 000 046 933,4,2,2020,1040,1,971,97104,1,1,1,1,461 Chemin de Montval,16.52918,-61.729694
202 000 046 934,22,5,2020,625,1,77,77051,2,1,1,3,1 Avenue Alain Peyrefitte - D79,48.412863,3.245269
202 000 046 935,29,11,2020,920,1,22,22215,2,3,1,3,QUARTIERS (RUE DES),48.49709,-2.79113
202 000 046 936,18,10,2020,1050,1,67,67447,2,1,1,4,PIERRE MENDES FRANCE (AVENUE),48.60168,7.75533
202 000 046 937,9,8,2020,1405,5,44,44109,2,1,1,6,ALLEE BACO,47.21402,-1.54922
202 000 046 938,24,7,2020,525,1,51,51454,2,1,1,7,Rue Docteur Joseph Bouvier,49.2091367,4.199313
202 000 046 939,2,1,2020,1125,5,91,91136,1,1,1,4,AUTOROUTE A10,48.71627,2.26537
202 000 046 940,19,10,2020,1062,1,66,66136,2,1,1,3,ALBERT MARCELLIN,42.6926547,2.8885193
202 000 046 941,2,1,2020,120,3,91,91136,1,1,2,6,AUTOROUTE A10,48.711524,2.28544
202 000 046 942,16,7,2020,1380,5,42,42223,2,1,9,6,Rue de la République,45.4446729,4.3374206
202 000 046 943,1,12,2020,710,1,17,17300,2,1,1,7,CHAMP DE MARS   AVENUE DU,46.16954,-1.14771
202 000 046 944,4,2,2020,615,1,91,91243,2,1,1,2,Rue de Bligny,48.622676,2.147602
202 000 046 945,23,5,2020,625,1,90,90207,2,1,1,7,Lotissement U San Petrone Folelli,42.460332,9.501243
202 000 046 946,17,10,2020,340,5,66,66136,2,3,1,3,BACCHUS ALLEE DE,42.68861,2.88568
202 000 046 947,22,5,2020,965,1,80,80197,2,1,2,-1,Route d'Epenancourt,49.8337244,2.926805
202 000 046 948,25,8,2020,1310,5,42,42187,2,1,1,3,Quai du Commandant l'Herminier,46.3616,4.7982
202 000 046 949,1,1,2020,350,2,91,91286,1,1,1,6,A6,48.652246,2.3820555
202 000 046 950,19,10,2020,1085,1,63,63113,2,1,1,2,BIEN ASSIS (RUE DE),45.78947,3.958
202 000 046 951,20,8,2020,1120,1,38,38053,2,6,1,3,Route de Lyon,45.5892,5.24699
202 000 046 952,1,1,2020,1070,3,93,93006,1,1,2,2,AUTOROUTE A3,48.86625,2.42276
202 000 046 953,15,10,2020,578,1,63,63113,2,1,1,-1,LAGARLAYE (RUE DE),45.77369,3.8299
202 000 046 954,1,1,2020,540,1,974,97407,1,1,1,6,ROUTE NATIONALE N° 1,-20.94739,55.32292
202 000 046 955,16,8,2020,952,1,36,36063,2,1,1,6,165 route de Villers,46.8367835,1.6863316
202 000 046 956,5,2,2020,590,1,91,2A247,2,1,7,6,Avenue Georges Pompidou,41.596738,9.276398
202 000 046 957,1,1,2020,450,1,973,97302,2,1,1,2,ZEPHIR (ROCADE),4.9306054,-52.3138046
202 000 046 958,1,12,2020,645,1,17,17300,2,1,1,7,CORSAIRES   AVENUE DES (1-125),46.16948,-1.17013
202 000 046 959,4,2,2020,880,1,48,48198,1,1,1,6,D51,44.429907,3.938169
202 000 046 960,30,11,2020,477,1,17,17274,1,6,1,2,REPUBLIQUE   ROND-POINT DE LA,46.15447,-1.11189
202 000 046 961,1,1,2020,370,5,69,69383,2,1,1,3,FELIX FAURE                         (AV),45.75394,4.86133
202 000 046 962,3,2,2020,1190,3,34,34058,1,1,1,3,36 Avenue de Montpellier,43.671313,3.979154
202 000 046 963,23,5,2020,890,1,22,22248,1,1,7,7,Lan Connan,48.622715,-3.117145
202 000 046 964,25,8,2020,930,1,35,35278,1,1,1,6,RN 136 PORTE DE ST MALO,48.13993,-1.69549
202 000 046 965,5,10,2020,1335,5,59,59350,2,3,1,3,SOLFERINO RUE N°2 - 108,50.63211,3.5318
202 000 046 966,24,7,2020,1020,1,41,41018,2,1,1,7,JOSEPH PAUL BONCOUR (ROND POINT),47.56978,1.32555
202 000 046 967,1,1,2020,429,5,91,91215,1,1,1,6,FORET (RUE DE LA),48.68772,2.51228
202 000 046 968,5,2,2020,475,2,89,89099,2,6,1,7,2 Rue du Pont,47.955631,3.531997
202 000 046 969,2,12,2020,485,1,14,14118,2,1,1,2,CREULLY (AVENUE DE),49.1905,0.3727
202 000 046 970,30,11,2020,980,2,30,30032,1,1,1,7,saint gilles route de D38,43.79501,4.5945
202 000 046 971,1,1,2020,450,5,77,77407,2,4,1,-1,MAISON ROUGE(RUE DE LA)- TILLY,48.54007,2.5206
202 000 046 972,30,11,2020,810,1,13,13214,2,3,1,1,SAINTE MARTHE (chemin),43.32358,5.386609
202 000 046 973,23,5,2020,960,1,35,35078,1,1,1,5,Le Bec à l'Âne,48.602687,-1.76182
202 000 046 974,16,1,2020,15,5,68,68334,2,2,1,3,Rue Kleber,47.810513,7.103117
202 000 046 975,10,3,2020,490,1,38,38544,2,3,1,6,Boulevard Pacatianus,45.50115,4.85032
202 000 046 976,25,8,2020,870,1,35,35278,2,6,1,2,MAISON BLANCHE (ROND POINT DE),48.1441,-1.65712
202 000 046 977,19,10,2020,1305,5,56,56098,2,1,2,1,DE GAULLE ( AV. GENERAL ),47.76273,-3.33054
202 000 046 978,1,1,2020,815,1,69,69290,2,1,5,4,HEYRIEUX (D')                       (RO),45.6832,4.9527
202 000 046 979,2,12,2020,780,1,13,13206,2,1,1,3,BAILLE (BOULEVARD),43.287067,5.387986
202 000 046 980,2,12,2020,660,1,13,13210,2,1,1,3,ROMAIN ROLLAND (BOULEVARD),43.27434,5.41626
202 000 046 981,25,8,2020,750,1,34,34172,2,1,1,2,LIBERTE (AVENUE DE LA,43.61031,3.83402
202 000 046 982,19,10,2020,955,1,56,56083,2,2,1,3,JOFFRE (RUE  DU MARECHAL ),47.80741,-3.27486
202 000 046 983,21,5,2020,1155,1,29,29075,2,1,1,6,35 Rue de Brest,48.433062,-4.403549
202 000 046 984,1,1,2020,240,5,69,69282,2,1,1,1,COPERNIC     (R ),45.79,5.292
202 000 046 985,26,1,2020,620,1,55,55024,1,3,5,3,Route de Mangiennes,49.308924,5.478573
202 000 046 986,4,2,2020,697,1,57,57206,2,1,1,6,40 Avenue de Metz,49.30633,6.112298
202 000 046 987,2,1,2020,20,5,59,59650,2,1,2,1,BRIAND (AVENUE ARISTIDE),50.700669,3.2321478
202 000 046 988,1,2,2020,1200,3,9,9066,1,1,1,6,D111,42.93662,1.512884
202 000 046 989,22,5,2020,930,1,31,31022,2,1,1,3,Route de Paris,43.683678,1.406443
202 000 046 990,23,5,2020,1085,1,70,70031,1,1,1,7,Rue de Senargent,47.589664,6.517071
202 000 046 991,3,2,2020,1195,5,33,33003,2,1,1,3,11 Rue Roger Couderc,44.93829,0.49498
202 000 046 992,30,1,2020,1375,5,33,33449,2,1,2,6,10 RUE LOUIS BLERIOT,44.88791,0.738519
202 000 046 993,23,5,2020,885,1,14,14500,1,1,1,2,D48,49.2679014,0.2020267
202 000 046 994,19,10,2020,750,1,54,54395,2,1,1,6,DE LATTRE DE TASSIGNY (AV. MAL),48.68353,6.19002