Num_Acc,jour,mois,an,hrmn,lum,dep,com,agg,int,atm,col,adr,lat,long
202 000 047 245,1,1,2020,520,1,988,98818,2,1,1,6,CHALIER (RUE JEAN),-22.24649,166.46261
202 000 047 246,23,7,2020,450,1,13,13211,2,2,1,3,MILLIERE (BOULEVARD DE LA ),43.2835,5.4994
202 000 047 247,25,8,2020,0,5,94,94041,2,4,1,1,AUGUSTE DESHAIES (QU),48.81852,2.40038
202 000 047 248,20,10,2020,529,1,13,13206,2,2,1,2,LIEUTAUD (COURS),43.289106,5.384114
202 000 047 249,3,2,2020,785,1,64,64102,2,1,1,3,MAIGNON (GIRATOIRE DE),43.46562,-1.49526
202 000 047 250,1,1,2020,30,5,38,38151,1,1,1,6,A480,45.14719,5.69544
202 000 047 251,2,2,2020,195,5,64,64102,2,6,1,6,SAINT FREDERIC (RUE),43.49099,-1.45344
202 000 047 252,1,1,2020,120,3,16,16366,1,1,1,6,N/A,45.625957,0.209342
202 000 047 253,3,2,2020,1085,5,62,62193,2,1,3,6,MOLLIEN,50.95713,1.87096
202 000 047 254,2,12,2020,1155,3,41,41010,1,1,1,7,Buissay,47.86011,1.27479
202 000 047 255,19,10,2020,530,1,13,13005,2,9,1,3,BOYER (PARKING ANTIDE),43.2949,5.56164
202 000 047 256,24,7,2020,910,1,13,13047,1,9,1,5,GEORGES GUYNEMER AVENUE,43.51818,4.96295
202 000 047 257,25,8,2020,1205,1,93,93048,2,2,1,6,PRESIDENT SALVADOR ALLENDE (AVENUE DU),48.87345,2.46052
202 000 047 258,20,5,2020,1020,1,69,69382,2,3,1,3,CHARLEMAGNE                         (CO),45.7397,4.8183
202 000 047 259,1,1,2020,990,1,42,42332,1,1,7,3,Chemin du Halage,46.1592,4.53568
202 000 047 260,22,7,2020,645,1,13,13005,2,1,1,7,RN 8,43.28382,5.54197
202 000 047 261,25,8,2020,1320,5,93,93031,2,2,1,3,AV DE LA REPUBLIQUE / R CLAUDE DEBUSSY,48.94712,2.3427
202 000 047 262,2,12,2020,580,2,34,34120,2,6,1,3,Avenue de Vendargues,43.65907,3.911862
202 000 047 263,25,8,2020,780,1,93,93031,2,2,1,3,SAINT LEU (ROUTE DE) > 159,48.9540763,2.3351712
202 000 047 264,2,12,2020,485,3,56,56179,1,4,1,1,Kerteuff,47.833924,-3.41763
202 000 047 265,1,1,2020,45,5,972,97231,2,1,1,6,Rue des Anthuriums,14.550941,-61.54413
202 000 047 266,25,8,2020,1340,5,93,93057,2,2,1,3,AV ARISTIDE BRIAND / AV JULES GUESDE,48.9105627,2.5122374
202 000 047 267,1,1,2020,120,3,52,52349,1,1,1,6,A5,48.252706,5.905806
202 000 047 268,24,8,2020,1050,1,92,92050,2,1,8,3,REPUBLIQUE AVENUE DE LA,48.905495,2.209977
202 000 047 269,26,8,2020,1045,1,974,97415,1,1,1,3,Route Nationale 1,-20.974499,55.297961
202 000 047 270,1,1,2020,460,3,44,44073,1,1,2,2,N137,47.399613,-1.644859
202 000 047 271,25,8,2020,1080,1,83,83148,1,1,1,7,Route du Plan de la Tour,43.402768,6.445721
202 000 047 272,20,5,2020,1195,1,69,69202,2,4,1,3,LIBERATION (DE LA)                  (RO),45.7286,4.7778
202 000 047 273,2,12,2020,780,1,79,79185,1,1,1,6,Route de Gascougnolles,46.279073,0.309557
202 000 047 274,18,10,2020,655,1,4,4070,2,1,1,6,Bd Gassendi,44.928369,6.2351717
202 000 047 275,25,7,2020,0,5,10,10387,2,3,1,7,VOULDY (CHAUSSEE DU),48.29213,4.8635
202 000 047 276,1,1,2020,1090,3,56,56022,1,1,2,1,Kerdroguen RD779,47.798402,-2.930964
202 000 047 277,20,8,2020,780,1,59,59462,1,3,1,3,D925,50.523141,3.501
202 000 047 278,22,7,2020,1014,1,10,10333,1,1,1,2,ROCADE OUEST (RD 610),48.27079,4.4938
202 000 047 279,1,1,2020,1070,5,65,65438,2,1,1,6,43 Rue des Pyrénées,43.329971,0.36644
202 000 047 280,20,5,2020,1070,1,69,69389,2,3,1,3,JOANNES CARRET                      (R ),45.79158,4.81604
202 000 047 281,22,7,2020,1120,1,6,6088,2,1,1,3,VOIE RAPIDE,43.6883,7.23824
202 000 047 282,3,12,2020,540,1,79,79298,1,2,1,4,N/A,46.274634,0.525643
202 000 047 283,21,8,2020,1290,3,44,44051,1,2,1,3,La Petite Merais,47.687362,-1.661382
202 000 047 284,20,10,2020,460,2,75,75117,2,1,2,5,PORTE DE CLICHY,48.896573,2.309891
202 000 047 285,1,1,2020,540,2,89,89392,2,1,9,6,7 N Route Nationale 6,47.5311035,3.795775
202 000 047 286,21,5,2020,1425,3,91,91433,1,1,1,7,R.N. 20,48.45851,2.17765
202 000 047 287,20,10,2020,505,1,75,75116,2,1,1,3,PORTE D AUTEUIL,48.843221,2.254364
202 000 047 288,1,1,2020,1020,2,76,76644,1,1,8,6,Rue de Mont Plaisir,50.13855,1.396184
202 000 047 289,16,5,2020,330,5,83,83069,2,3,1,6,BOUIN (RUE JEAN),43.12184,6.14072
202 000 047 290,25,8,2020,835,1,21,21508,1,1,1,7,D104,47.37931,4.9346531
202 000 047 291,25,8,2020,1240,2,62,62720,2,1,6,6,3 Rue d'Estree Blanche,50.59768,2.387708
202 000 047 292,20,8,2020,1320,3,19,19005,2,1,1,7,Les Pissotes,45.266434,1.464958
202 000 047 293,3,12,2020,1080,3,90,90346,1,1,1,6,RT 11,42.525515,9.456986
202 000 047 294,3,12,2020,480,2,80,80574,1,2,2,1,D1001,50.41845,2.59078
202 000 047 295,2,12,2020,1095,3,55,55173,1,1,2,6,D193,48.544399,5.612576
202 000 047 296,24,7,2020,700,1,6,6027,2,1,1,6,NICE AVENUE DE (RN7),43.65987,7.17115
202 000 047 297,21,5,2020,1070,1,79,79259,2,6,1,3,Route de Parthenay,46.96937,0.20932
202 000 047 298,1,1,2020,240,3,2,2756,1,9,4,5,Route Departementale 1044,49.802143,3.319628
202 000 047 299,20,10,2020,685,1,75,75120,2,1,2,6,BOULEVARD DE BELLEVILLE,48.867228,2.383111
202 000 047 300,5,8,2020,1070,1,74,74194,2,1,1,6,261 Route de Chessy,45.807754,6.38618
202 000 047 301,23,7,2020,1110,1,6,6027,2,1,1,2,VENCE ROUTE DE,43.6738,7.142422
202 000 047 302,20,10,2020,654,1,75,75111,2,1,1,1,AVENUE PARMENTIER,48.869537,2.371413
202 000 047 303,3,12,2020,540,1,86,86245,1,1,2,1,Les Brandes de Darcet,46.824617,0.625292
202 000 047 304,21,5,2020,1020,1,77,77186,1,1,1,-1,D148,48.3547291,2.7629109
202 000 047 305,26,8,2020,735,1,80,80368,2,3,1,1,Intersection Rue Diderot - Rue du Parc,50.792,1.536326
202 000 047 306,20,10,2020,540,1,75,75119,2,1,2,3,BOULEVARD DE LA VILLETTE,48.879792,2.370442
202 000 047 307,24,8,2020,1240,2,65,65039,1,1,1,7,D918,42.91777,0.348977
202 000 047 308,23,7,2020,885,1,6,6027,2,1,1,3,FRANCE ROUTE DE,43.66368,7.136851
202 000 047 309,20,10,2020,420,5,75,75119,2,1,2,2,AVENUE JEAN JAURES,48.888142,2.390648
202 000 047 310,25,8,2020,1024,1,65,65018,1,1,1,6,D126,42.99921,0.282388
202 000 047 311,23,7,2020,395,1,6,6123,2,1,1,3,VESPINS ROUTE DES,43.6606,7.178
202 000 047 312,20,10,2020,1160,5,75,75116,2,4,2,6,AVENUE D IENA,48.870506,2.29559
202 000 047 313,2,12,2020,1140,3,22,22183,1,2,2,3,Zone d'activités Le Ridor (Zone industrielle),48.171964,-2.578442
202 000 047 314,25,8,2020,983,1,65,65032,1,1,1,7,47 Route du Soulor,42.961241,0.220474
202 000 047 315,3,12,2020,1080,3,25,25532,2,1,1,3,20 Rue du Chenau Blond,47.208797,6.102884
202 000 047 316,1,1,2020,745,1,60,60137,1,2,5,3,Carrefour D101 - D37,49.4356743,2.5276707
202 000 047 317,24,8,2020,1290,2,61,61043,1,1,1,7,La Bouillerie,48.350857,0.72773
202 000 047 318,1,12,2020,960,1,29,29090,1,1,1,1,D107 - Toul Land.,48.960573,-4.2559615
202 000 047 319,1,1,2020,470,3,53,53144,1,1,2,6,D113,48.315941,0.463026
202 000 047 320,15,8,2020,1290,5,49,49215,2,2,1,6,Rue Nationale,47.131746,0.15265
202 000 047 321,21,5,2020,1185,1,69,69266,2,4,1,3,CUSSET   (Pont de),45.7685802,4.9054043
202 000 047 322,23,7,2020,1390,3,5,5061,1,1,1,6,RN 85,44.51019,6.4621
202 000 047 323,1,1,2020,1016,3,72,72115,1,1,2,6,Autoroute A28,47.650101,0.462328
202 000 047 324,23,7,2020,643,1,5,5061,2,1,1,2,GUILLAUME FAREL ( AVENUE ),44.55991,6.7541
202 000 047 325,1,1,2020,315,3,78,78143,1,1,5,6,RD 95,48.727888,2.101001
202 000 047 326,24,7,2020,225,5,4,4112,2,1,1,7,316 bd des Amandiers,43.8371,5.78528
202 000 047 327,3,12,2020,483,1,29,29056,2,1,3,6,Lieu-dit Clos de la Garenne,48.427243,-4.306769
202 000 047 328,20,10,2020,1040,1,75,75116,2,3,2,3,AVENUE RAYMOND POINCARE,48.871486,2.284876
202 000 047 329,1,1,2020,392,3,31,31399,1,1,1,4,A 64,43.36629,1.273366
202 000 047 330,20,10,2020,1000,1,75,75114,2,1,2,3,AVENUE DENFERT ROCHEREAU,48.837884,2.335799
202 000 047 331,20,10,2020,1160,5,75,75112,2,1,2,4,AVENUE DE SAINT MANDE,48.844521,2.407332
202 000 047 332,1,1,2020,370,2,973,97309,1,1,1,3,nationale 3,4.893333,-52.290332
202 000 047 333,20,10,2020,540,1,75,75112,2,1,8,2,QUAI DE BERCY,48.831325,2.385096
202 000 047 334,1,1,2020,405,3,51,51569,1,1,9,7,A4/A344,49.2473705,3.9462173
202 000 047 335,19,10,2020,1020,1,75,75112,2,1,1,6,RUE DE BERCY,48.837747,2.382573
202 000 047 336,3,12,2020,945,1,38,38126,2,1,1,3,Avenue du Grésivaudan,45.208428,5.758119
202 000 047 337,1,1,2020,310,3,34,34081,1,1,1,6,D162,43.31203,3.17475
202 000 047 338,21,5,2020,570,1,64,64102,2,1,1,3,ALLEES MARINES (AVENUE DES),43.49859,-1.48789
202 000 047 339,26,8,2020,468,1,42,42092,1,1,1,3,Route des Brossettes,45.491925,4.3820221
202 000 047 340,20,10,2020,660,1,75,75111,2,1,8,6,RUE DE LAPPE,48.852946,2.374266
202 000 047 341,20,10,2020,640,1,75,75109,2,1,1,3,RUE DE VINTIMILLE,48.882486,2.3293
202 000 047 342,23,8,2020,1175,1,41,41161,1,4,1,3,D44,47.544395,2.74034
202 000 047 343,20,10,2020,690,1,75,75108,2,1,8,7,BOULEVARD MALESHERBES,48.878654,2.315241
202 000 047 344,20,10,2020,445,5,75,75107,2,1,2,3,RUE D ESTREES,48.851533,2.311294
202 000 047 345,20,5,2020,1199,1,64,64024,2,1,7,2,BAB (BOULEVARD DU),43.4976,-1.50449
202 000 047 346,1,1,2020,285,5,79,79049,2,1,2,5,Boulevard de Thouars,46.849937,0.46747
202 000 047 347,1,1,2020,145,3,35,35240,1,1,1,1,RD 288,48.1047894,-1.7803343
202 000 047 348,14,11,2020,929,1,13,13083,2,9,1,7,Route des Lonnes,43.894792,4.803638
202 000 047 349,22,8,2020,660,1,44,44041,1,1,1,3,Tournebride,47.795,-1.567064
202 000 047 350,24,7,2020,724,1,3,3185,2,2,1,3,Quai Favieres,46.3428971,2.6005875
202 000 047 351,20,10,2020,470,2,94,94052,2,2,2,6,GALLIENI (BD),48.8409,2.4833
202 000 047 352,21,5,2020,1070,1,51,51454,2,1,1,2,Boulevard de la Paix,49.2538437,4.408405
202 000 047 353,1,1,2020,210,3,27,27099,2,3,5,3,Route de Louviers,49.8256,1.1815
202 000 047 354,23,7,2020,1024,1,2,2738,2,2,1,3,BOULLOCHE (AVENUE),49.65795,3.31614
202 000 047 355,1,1,2020,75,3,988,98810,1,1,1,7,RT1,-20.64187,164.350387
202 000 047 356,23,7,2020,1430,5,75,75120,2,4,1,6,BOULEVARD PERIPHERIQUE,48.849027,2.414868
202 000 047 357,15,8,2020,500,1,2,2120,1,1,5,7,D1320,49.377819,3.550043
202 000 047 358,23,7,2020,1175,1,75,75116,2,1,1,2,BOULEVARD PERIPHERIQUE,48.870597,2.272352
202 000 047 359,24,7,2020,1120,1,75,75116,2,1,1,6,VOIE GEORGES POMPIDOU,48.844433,2.272077
202 000 047 360,3,12,2020,475,1,2,2594,1,2,2,3,Départementale 4,49.162165,3.181175
202 000 047 361,13,10,2020,1025,1,94,94015,2,1,8,3,GENERAL LECLERC (AV),48.832974,2.52
202 000 047 362,26,8,2020,290,3,2,2572,1,1,6,6,D62,49.385893,4.6963
202 000 047 363,24,7,2020,110,5,75,75106,2,5,1,6,RUE DE MONTFAUCON,48.853165,2.335846
202 000 047 364,1,12,2020,480,3,85,85019,1,1,2,5,RD763,46.805817,-1.433115
202 000 047 365,20,10,2020,545,1,94,94041,2,1,2,1,HENRI POURCHASSE (QU),48.80843,2.40774
202 000 047 366,3,12,2020,690,1,64,64417,2,9,1,6,4 Rue de l'Ouzom,43.178135,0.246157
202 000 047 367,23,7,2020,1020,1,75,75106,2,3,1,3,BOULEVARD DU MONTPARNASSE,48.844184,2.322898
202 000 047 368,2,12,2020,424,2,21,21027,1,2,1,3,D903,47.390665,5.36373
202 000 047 369,24,7,2020,1305,5,75,75120,2,4,1,3,AVENUE CARTELLIER,48.864278,2.412829
202 000 047 370,2,12,2020,1380,3,85,85266,1,2,2,6,Les Gornieres,46.759408,0.994241
202 000 047 371,24,7,2020,1180,1,75,75120,2,7,1,3,ECHANGEUR VINCENNES,48.846918,2.415083
202 000 047 372,3,12,2020,350,3,8,8283,1,1,5,6,RD 991,49.631207,4.622122
202 000 047 373,20,5,2020,1130,1,50,50532,2,3,1,3,THAR (RUE DU),48.79468,-1.5677
202 000 047 374,26,8,2020,800,1,15,15092,1,1,1,7,D922,45.417025,2.502651
202 000 047 375,3,12,2020,405,3,95,95678,2,1,2,3,Rue de Mériel,49.69884,2.22133
202 000 047 376,21,5,2020,110,5,44,44109,2,1,1,6,Boulevard de Doulon,47.22796,-1.52559
202 000 047 377,24,7,2020,1215,1,75,75119,2,4,1,6,RUE MANIN,48.884757,2.392228
202 000 047 378,26,8,2020,620,1,1,1454,1,1,1,1,D1504,45.709277,5.726173
202 000 047 379,24,7,2020,1110,1,75,75119,2,1,1,2,AVENUE DE FLANDRE,48.885058,2.36971
202 000 047 380,24,7,2020,600,1,75,75119,2,3,1,3,AVENUE JEAN JAURES,48.888767,2.393068
202 000 047 381,20,10,2020,450,5,94,94018,2,2,2,3,PARIS (R DE),48.82775,2.404
202 000 047 382,26,8,2020,715,1,1,1323,2,1,1,2,Les quatre vents,46.4279603,4.9371921
202 000 047 383,24,7,2020,999,1,75,75118,2,1,1,6,RUE DOUDEAUVILLE,48.888385,2.352641
202 000 047 384,25,8,2020,1255,3,26,26368,1,1,1,6,Avenue de la Clairette,44.725134,5.267086
202 000 047 385,24,7,2020,1200,1,75,75117,2,3,1,7,RUE DAVY,48.891182,2.324709
202 000 047 386,26,8,2020,860,1,72,72316,2,1,1,6,13 Rue du Vairais,48.307769,0.401226
202 000 047 387,24,7,2020,680,1,75,75117,2,1,1,3,AVENUE DE LA GRANDE ARMEE,48.875089,2.290899
202 000 047 388,24,7,2020,900,1,75,75116,2,1,1,7,PORT DEBILLY,48.858306,2.288939
202 000 047 389,24,7,2020,600,1,75,75116,2,3,1,3,BOULEVARD LANNES,48.866714,2.271683
202 000 047 390,3,12,2020,880,1,973,97309,2,2,1,3,Route de Rémire,4.907698,-52.272804
202 000 047 391,26,8,2020,1005,1,60,60029,1,1,1,1,Route départmentale 2,49.360981,2.17043
202 000 047 392,24,7,2020,90,5,75,75116,2,5,1,7,AVENUE DE VERSAILLES,48.847387,2.273739
202 000 047 393,18,10,2020,1282,5,93,93066,2,1,1,2,LENINE (AVENUE) NR 28 A 62 ET 13 A 41,48.94167,2.36579
202 000 047 394,24,7,2020,600,1,75,75115,2,2,1,3,RUE DU HAMEAU,48.835131,2.289028
202 000 047 395,20,10,2020,547,1,93,93077,2,3,2,3,REGLEY (RUE),48.8753298,2.5291505
202 000 047 396,24,7,2020,450,1,75,75114,2,2,1,6,BOULEVARD JOURDAN,48.822226,2.330408
202 000 047 397,24,7,2020,1330,5,75,75112,2,3,1,3,RUE DE LYON,48.851436,2.369914
202 000 047 398,20,10,2020,475,1,93,93046,2,1,2,3,R AMEDEE DUNOIS,48.92355,2.5417481
202 000 047 399,24,7,2020,905,1,75,75112,2,7,1,3,AVENUE DU TREMBLAY,48.827255,2.46438
202 000 047 400,20,10,2020,430,5,93,93005,2,1,2,3,R JULES PRINCET,48.9378,2.5008
202 000 047 401,23,7,2020,870,1,75,75112,2,1,1,3,ROUTE DE LA FERME,48.822183,2.454511
202 000 047 402,20,10,2020,949,1,92,92046,2,1,1,6,DE STALINGRAD,48.8119396,2.294444
202 000 047 403,18,10,2020,1125,2,92,92050,2,2,1,3,BOUVETS BOULEVARD DES,48.89688,2.22403
202 000 047 404,24,7,2020,735,1,75,75117,2,3,1,7,AVENUE DE CLICHY,48.889369,2.322352
202 000 047 405,19,10,2020,1185,5,92,92036,2,1,1,6,GENEAL DE GAULLE (AVENUE) (1/41),48.9339398,2.3151102
202 000 047 406,20,10,2020,705,1,92,92035,2,9,2,2,République ( boulevard de la ),48.90592,2.25185
202 000 047 407,26,8,2020,1080,1,64,64080,1,1,1,2,D817,43.351344,0.486739
202 000 047 408,21,5,2020,1088,1,37,37261,2,1,1,3,GRAMMONT (AVENUE DE),47.3850647,0.6909398
202 000 047 409,24,7,2020,1110,1,75,75108,2,2,1,3,BOULEVARD MALESHERBES,48.876625,2.317685
202 000 047 410,3,12,2020,870,1,1,1027,1,3,1,3,D84 PR : 002+450 CROISSANT/ rue du stade,45.833195,5.115037
202 000 047 411,21,5,2020,1192,1,34,34172,2,1,7,6,VALERY (BOULEVARD PAUL,43.596735,3.849216
202 000 047 412,24,7,2020,870,1,75,75104,2,3,8,7,RUE DE RIVOLI,48.855238,2.361124
202 000 047 413,2,12,2020,1215,3,68,68297,1,1,1,2,A35,47.614134,7.518721
202 000 047 414,20,10,2020,1170,5,92,92024,2,1,2,3,GENERAL LECLERC (RUE DU) DE (59 ET PLUS),48.90917,2.3071
202 000 047 415,24,7,2020,815,1,94,94046,2,1,1,2,GENERAL LECLERC (AV DU),48.80749,2.43768
202 000 047 416,26,8,2020,125,3,43,43217,1,1,1,7,D26,45.2672,3.882809
202 000 047 417,3,12,2020,100,3,69,69102,1,1,2,6,A 89,45.86857,4.39714
202 000 047 418,21,5,2020,810,1,33,33063,2,2,1,3,AVE EMILE COUNORD / RUE BARREYRE,44.85901,0.5749
202 000 047 419,24,7,2020,965,1,94,94076,2,1,1,3,PARIS (AV DE),48.80106,2.36517
202 000 047 420,10,10,2020,610,1,22,22118,2,1,1,6,Rue de Rennes,48.45594,-2.28249
202 000 047 421,24,7,2020,930,1,94,94041,2,9,1,3,WESTERMEYER (R),48.81851,2.39601
202 000 047 422,26,8,2020,950,1,53,53161,2,3,1,-1,Rue de la Libération,48.140436,0.555684
202 000 047 423,2,12,2020,825,1,976,97601,2,1,1,6,CCD1,-12.712102,45.52593
202 000 047 424,24,7,2020,1225,1,94,94034,2,1,1,6,JEAN JAURES (BD),48.75503,2.31918
202 000 047 425,17,10,2020,930,1,47,47015,2,3,1,1,RN 21,44.65362,0.649717
202 000 047 426,26,8,2020,790,1,21,21244,1,1,1,1,D970,47.294905,4.514282
202 000 047 427,22,7,2020,1300,2,94,94028,2,1,1,1,PASTEUR VALERY RADOT(IMPASSE ET RUE),48.7891,2.44127
202 000 047 428,20,10,2020,875,1,18,18272,1,1,2,6,38 Route de Sancerre,47.267953,2.768115
202 000 047 429,25,8,2020,1095,1,4,4076,1,1,1,3,RD 4202,43.954456,6.802297
202 000 047 430,25,8,2020,850,1,4,4204,1,1,1,7,RD 4085,43.915292,6.409326
202 000 047 431,2,12,2020,410,1,987,98729,2,1,1,1,pk 5.300 vaiare,-17.523091,-149.780903
202 000 047 432,20,5,2020,1115,1,27,27701,2,3,1,3,ANDELLE (CHAUSSEE D'),49.2756,1.2302
202 000 047 433,6,10,2020,390,2,57,57177,2,1,9,6,Av 1ere Div Polonaise Grenadiers,48.813533,6.72124
202 000 047 434,25,8,2020,1110,1,4,4094,2,1,1,6,Station TOTAL Av des Alpes,43.75619,5.887063
202 000 047 435,2,12,2020,1140,3,972,97230,2,1,1,6,Bonnin,14.709578,-60.976122
202 000 047 436,24,7,2020,886,1,94,94018,2,3,1,3,PARIS (R DE),48.82221,2.41268
202 000 047 437,29,7,2020,1290,2,37,37021,2,1,1,6,N/A,47.5592832,0.6810597
202 000 047 438,20,5,2020,1223,1,25,25580,2,2,1,3,1 Rue Etienne Oehmichen,47.4632,6.832386
202 000 047 439,20,10,2020,435,1,972,97201,1,1,1,3,N3,14.831818,-61.100818
202 000 047 440,20,5,2020,670,1,17,17306,2,1,1,2,DOUMER PAUL (PARKING),45.627,-1.2
202 000 047 441,3,12,2020,510,1,45,45315,2,2,8,3,D948 PR 34 + 670,47.760413,2.374045
202 000 047 442,21,10,2020,482,1,1,1209,1,1,1,1,D1206,46.91954,5.867651
202 000 047 443,21,5,2020,1370,5,17,17300,2,2,1,3,COLLEGE   RUE DU,46.1631,-1.1493
202 000 047 444,2,12,2020,1070,3,83,83108,1,1,1,7,Route de Toulon,43.319433,5.988965
202 000 047 445,21,5,2020,1200,1,13,13209,2,1,1,2,SAINTE MARGUERITE (BOULEVARD),43.265308,5.408972
202 000 047 446,3,12,2020,560,1,13,13004,1,3,1,1,D24,43.567387,4.742312
202 000 047 447,21,5,2020,990,1,13,13203,2,1,1,3,JUNOT (RUE),43.310986,5.376379
202 000 047 448,26,8,2020,465,1,30,30123,1,2,1,7,N113,43.6947154,4.1682476
202 000 047 449,20,10,2020,1192,3,50,50498,1,1,1,2,1 Chemin de l'Hommee,49.533634,-1.531702
202 000 047 450,24,7,2020,415,2,94,94017,2,1,1,3,MAURICE THOREZ (AV),48.80596,2.53376
202 000 047 451,22,5,2020,10,5,13,13001,2,1,1,3,REPUBLIQUE (BD DE LA),43.5289371,5.439463
202 000 047 452,3,12,2020,1092,3,89,89337,1,2,2,3,D606,47.739868,3.605345
202 000 047 453,20,10,2020,945,1,67,67106,2,1,1,-1,40 Rue du Rhin,48.757383,7.958061
202 000 047 454,24,7,2020,1050,1,94,94071,2,1,1,2,WINSTON CHURCHILL (R),48.77071,2.52238
202 000 047 455,20,5,2020,900,1,9,9122,2,1,1,2,RD 919,42.9873149,1.6157211
202 000 047 456,26,8,2020,72,3,30,30033,1,1,1,2,D6572,43.655205,4.345039
202 000 047 457,13,10,2020,960,1,23,23176,2,1,2,3,Rue Pasteur,46.236287,1.483208
202 000 047 458,21,5,2020,420,1,75,75120,2,4,1,6,ECHANGEUR BAGNOLET,48.866366,2.413939
202 000 047 459,24,7,2020,740,1,94,94002,2,2,1,3,EMILE ZOLA (R),48.798285,2.420562
202 000 047 460,21,10,2020,455,3,62,62649,1,1,2,6,La Briqueterie d'Hénu,50.154136,2.512994
202 000 047 461,26,8,2020,1135,1,8,8410,1,1,1,1,D977,49.33066,4.564004
202 000 047 462,22,7,2020,630,1,94,94002,2,1,1,3,NAPLES (R DE),48.789356,2.431435
202 000 047 463,20,5,2020,1425,5,75,75119,2,1,1,3,PORTE DE LA VILLETTE,48.900425,2.390207
202 000 047 464,2,12,2020,1250,3,67,67526,1,1,1,6,D206,48.401247,7.57157
202 000 047 465,23,7,2020,570,1,93,93070,2,1,1,6,GABRIEL-PERI (AV),48.9062568,2.3319039
202 000 047 466,3,12,2020,400,5,38,38475,1,1,2,6,Route de la Bourbre,45.669691,5.14386
202 000 047 467,20,5,2020,885,1,75,75117,2,1,1,2,PORTE DE CHAMPERRET,48.885809,2.288302
202 000 047 468,21,10,2020,735,1,69,69046,1,3,1,3,Chemin du Poizat,45.651946,4.776172
202 000 047 469,24,7,2020,855,1,93,93048,2,1,1,6,RESISTANCE (AVENUE DE LA),48.8626467,2.4367125
202 000 047 470,17,11,2020,950,1,26,26206,2,1,1,6,1 Chemin du Tacot,44.832393,4.974237
202 000 047 471,21,10,2020,1005,2,91,91225,2,6,7,6,Avenue de la Fontaine au Soulier,48.640736,2.457461
202 000 047 472,19,5,2020,840,1,75,75117,2,1,1,5,BOULEVARD PERIPHERIQUE INTERIEUR OUEST,48.880992,2.282333
202 000 047 473,23,7,2020,1380,5,93,93031,2,1,1,3,RTE DE SAINT LEU,48.95176,2.33864
202 000 047 474,20,10,2020,1045,1,19,19250,2,1,1,1,RD902,45.475224,1.525362
202 000 047 475,21,5,2020,780,1,75,75119,2,4,1,3,RUE MANIN,48.881403,2.380701
202 000 047 476,24,7,2020,1005,1,93,93029,2,1,1,2,PAUL VAILLANT COUTURIER (BD),48.9239,2.4626
202 000 047 477,1,12,2020,1055,5,33,33533,1,3,5,3,D1113,44.568544,0.284202
202 000 047 478,21,5,2020,15,5,75,75111,2,1,1,6,BOULEVARD DE BELLEVILLE,48.86769,2.382152
202 000 047 479,24,7,2020,935,1,93,93001,2,1,1,3,JEAN JAURES  (AVE)  157 A 213,48.9096069,2.3984179
202 000 047 480,2,12,2020,1070,5,49,49035,2,1,1,6,Rue Chevrière,47.417097,0.614161
202 000 047 481,20,10,2020,1090,1,56,56206,1,1,1,4,Les Trois Rois,47.685145,-2.762933
202 000 047 482,21,5,2020,55,5,75,75101,2,1,1,7,AVENUE GENERAL LEMONNIER,48.861301,2.330352
202 000 047 483,3,12,2020,1188,3,60,60338,1,1,2,1,D932a,49.3408643,2.7694398
202 000 047 484,20,10,2020,955,1,82,82125,2,1,1,1,route de la ville dieu du temple,43.969121,1.231633
202 000 047 485,21,5,2020,1050,1,94,94067,2,1,1,6,FOCH (AV),48.84589,2.41855
202 000 047 486,20,10,2020,1190,3,82,82085,1,1,6,7,1809 Route de Bressols,43.977831,1.280937
202 000 047 487,21,5,2020,1265,1,94,94016,2,1,1,7,GALLIENI (R),48.79569,2.33267
202 000 047 488,21,10,2020,705,1,63,63430,1,1,1,6,Rue du Point du Jour,45.867866,3.557535
202 000 047 489,24,7,2020,1425,5,92,92051,2,2,1,3,ACHILLE PERETTI (AVENUE,48.8836263,2.2725462
202 000 047 490,21,5,2020,1170,1,94,94016,2,1,1,3,EUROPE (AV DE L),48.7862,2.32564
202 000 047 491,21,5,2020,780,1,94,94054,2,9,1,6,LOUIS BONIN (R),48.74442,2.39319
202 000 047 492,1,12,2020,1245,5,13,13055,1,1,1,2,A507 sens Marseille - Aubagne,43.2861093,5.4308295
202 000 047 493,21,5,2020,1100,1,94,94017,2,3,1,2,ROGER SALENGRO (AV),48.81985,2.48533
202 000 047 494,24,7,2020,1185,1,92,92020,2,1,1,2,VERDUN AVENUE DE AUTRES N°,48.798848,2.280384